timestamp_utc,git_commit,config_sha256,kind,variant,spec,params,sample_start,sample_end,n_obs,sharpe_net,skew,kurt
2026-10-03T21:23:06+00:00,3f696ef426ccf7e05dfbdba29701bd6d32cbac03,ef37283b9a3362b5c1749b3cff858a51d9ad511936955b1a650703ca0c80fb51,trial,A,primary,"{""overlay"": false, ""zcol"": ""z""}",2013-07-01,2024-09-30,2834,-0.084058,0.527633,10.855628
2026-10-03T21:23:08+00:00,3f696ef426ccf7e05dfbdba29701bd6d32cbac03,ef37283b9a3362b5c1749b3cff858a51d9ad511936955b1a650703ca0c80fb51,overlay,A,primary,"{""overlay"": true, ""zcol"": ""z""}",2013-07-01,2024-09-30,2834,-0.183248,0.399836,10.487115
2026-10-03T21:23:10+00:00,3f696ef426ccf7e05dfbdba29701bd6d32cbac03,ef37283b9a3362b5c1749b3cff858a51d9ad511936955b1a650703ca0c80fb51,diagnostic,A,le_only,"{""overlay"": false, ""zcol"": ""z_le""}",2013-07-01,2024-09-30,2834,-0.272760,-0.222945,10.645148
2026-10-03T21:23:10+00:00,3f696ef426ccf7e05dfbdba29701bd6d32cbac03,ef37283b9a3362b5c1749b3cff858a51d9ad511936955b1a650703ca0c80fb51,diagnostic,A,seasonal_only,"{""overlay"": false, ""zcol"": ""z_seasonal_only""}",2018-07-02,2024-09-30,1575,-0.119592,0.545748,10.225334
2026-10-03T21:24:05+00:00,3f696ef426ccf7e05dfbdba29701bd6d32cbac03,ef37283b9a3362b5c1749b3cff858a51d9ad511936955b1a650703ca0c80fb51,trial,A,primary,"{""note"": ""verification re-run for roll-day check; identical to primary"", ""overlay"": false, ""zcol"": ""z""}",2013-07-01,2024-09-30,2834,-0.084058,0.527633,10.855628
2026-10-03T21:24:26+00:00,3f696ef426ccf7e05dfbdba29701bd6d32cbac03,ef37283b9a3362b5c1749b3cff858a51d9ad511936955b1a650703ca0c80fb51,trial,A,primary,"{""overlay"": false, ""zcol"": ""z""}",2013-07-01,2024-09-30,2834,-0.084058,0.527633,10.855628
2026-10-03T21:24:27+00:00,3f696ef426ccf7e05dfbdba29701bd6d32cbac03,ef37283b9a3362b5c1749b3cff858a51d9ad511936955b1a650703ca0c80fb51,overlay,A,primary,"{""overlay"": true, ""zcol"": ""z""}",2013-07-01,2024-09-30,2834,-0.183248,0.399836,10.487115
2026-10-03T21:24:28+00:00,3f696ef426ccf7e05dfbdba29701bd6d32cbac03,ef37283b9a3362b5c1749b3cff858a51d9ad511936955b1a650703ca0c80fb51,diagnostic,A,le_only,"{""overlay"": false, ""zcol"": ""z_le""}",2013-07-01,2024-09-30,2834,-0.272760,-0.222945,10.645148
2026-10-03T21:24:28+00:00,3f696ef426ccf7e05dfbdba29701bd6d32cbac03,ef37283b9a3362b5c1749b3cff858a51d9ad511936955b1a650703ca0c80fb51,diagnostic,A,seasonal_only,"{""overlay"": false, ""zcol"": ""z_seasonal_only""}",2018-07-02,2024-09-30,1575,-0.119592,0.545748,10.225334
2026-10-03T21:38:46+00:00,ca6fce87f5bbc79c516a18cf175e552055477ffa,ef37283b9a3362b5c1749b3cff858a51d9ad511936955b1a650703ca0c80fb51,trial,C,primary,"{""overlay"": false, ""zcol"": ""z""}",2013-07-01,2024-09-30,2834,-0.036747,0.712760,16.605673
2026-10-03T21:38:47+00:00,ca6fce87f5bbc79c516a18cf175e552055477ffa,ef37283b9a3362b5c1749b3cff858a51d9ad511936955b1a650703ca0c80fb51,overlay,C,primary,"{""overlay"": true, ""zcol"": ""z""}",2013-07-01,2024-09-30,2834,-0.148835,0.591067,17.962230
2026-10-03T21:38:47+00:00,ca6fce87f5bbc79c516a18cf175e552055477ffa,ef37283b9a3362b5c1749b3cff858a51d9ad511936955b1a650703ca0c80fb51,diagnostic,C,seasonal_only,"{""overlay"": false, ""zcol"": ""z_seasonal_only""}",2018-07-02,2024-09-30,1575,-0.071122,0.874291,21.034408
2026-10-03T21:40:27+00:00,ca6fce87f5bbc79c516a18cf175e552055477ffa,ef37283b9a3362b5c1749b3cff858a51d9ad511936955b1a650703ca0c80fb51,trial,B,primary,"{""overlay"": false, ""zcol"": ""z""}",2013-07-01,2024-09-30,2838,-0.276338,0.238925,10.697567
2026-10-03T21:40:28+00:00,ca6fce87f5bbc79c516a18cf175e552055477ffa,ef37283b9a3362b5c1749b3cff858a51d9ad511936955b1a650703ca0c80fb51,overlay,B,primary,"{""overlay"": true, ""zcol"": ""z""}",2013-07-01,2024-09-30,2838,-0.333979,-0.148393,11.786819
2026-10-03T21:40:29+00:00,ca6fce87f5bbc79c516a18cf175e552055477ffa,ef37283b9a3362b5c1749b3cff858a51d9ad511936955b1a650703ca0c80fb51,diagnostic,B,seasonal_only,"{""overlay"": false, ""zcol"": ""z_seasonal_only""}",2018-07-02,2024-09-30,1575,-0.225322,0.586645,11.284464
2026-10-03T21:55:34+00:00,cb7a954dbe210abdb8cddae5ee6283c1932419e8,ef37283b9a3362b5c1749b3cff858a51d9ad511936955b1a650703ca0c80fb51,trial,A,z_lookback_24,"{""lookback"": 24, ""overlay"": false, ""zcol"": ""z""}",2012-07-02,2024-09-30,3086,0.029292,0.515085,9.911968
2026-10-03T21:55:34+00:00,cb7a954dbe210abdb8cddae5ee6283c1932419e8,ef37283b9a3362b5c1749b3cff858a51d9ad511936955b1a650703ca0c80fb51,overlay,A,z_lookback_24,"{""lookback"": 24, ""overlay"": true, ""zcol"": ""z""}",2012-07-02,2024-09-30,3086,-0.058515,0.328473,10.288965
2026-10-03T21:55:35+00:00,cb7a954dbe210abdb8cddae5ee6283c1932419e8,ef37283b9a3362b5c1749b3cff858a51d9ad511936955b1a650703ca0c80fb51,trial,B,z_lookback_24,"{""lookback"": 24, ""overlay"": false, ""zcol"": ""z""}",2012-07-02,2024-09-30,3090,-0.256415,0.183867,10.267423
2026-10-03T21:55:36+00:00,cb7a954dbe210abdb8cddae5ee6283c1932419e8,ef37283b9a3362b5c1749b3cff858a51d9ad511936955b1a650703ca0c80fb51,overlay,B,z_lookback_24,"{""lookback"": 24, ""overlay"": true, ""zcol"": ""z""}",2012-07-02,2024-09-30,3090,-0.322812,-0.148313,11.950835
2026-10-03T21:55:37+00:00,cb7a954dbe210abdb8cddae5ee6283c1932419e8,ef37283b9a3362b5c1749b3cff858a51d9ad511936955b1a650703ca0c80fb51,trial,C,z_lookback_24,"{""lookback"": 24, ""overlay"": false, ""zcol"": ""z""}",2012-07-02,2024-09-30,3086,0.060117,0.739381,15.722722
2026-10-03T21:55:37+00:00,cb7a954dbe210abdb8cddae5ee6283c1932419e8,ef37283b9a3362b5c1749b3cff858a51d9ad511936955b1a650703ca0c80fb51,overlay,C,z_lookback_24,"{""lookback"": 24, ""overlay"": true, ""zcol"": ""z""}",2012-07-02,2024-09-30,3086,-0.048278,0.508173,15.649910
2026-10-03T21:55:38+00:00,cb7a954dbe210abdb8cddae5ee6283c1932419e8,ef37283b9a3362b5c1749b3cff858a51d9ad511936955b1a650703ca0c80fb51,trial,A,z_lookback_48,"{""lookback"": 48, ""overlay"": false, ""zcol"": ""z""}",2014-07-01,2024-09-30,2582,-0.017756,0.362390,11.312519
2026-10-03T21:55:38+00:00,cb7a954dbe210abdb8cddae5ee6283c1932419e8,ef37283b9a3362b5c1749b3cff858a51d9ad511936955b1a650703ca0c80fb51,overlay,A,z_lookback_48,"{""lookback"": 48, ""overlay"": true, ""zcol"": ""z""}",2014-07-01,2024-09-30,2582,-0.134555,-0.094827,13.330403
2026-10-03T21:55:39+00:00,cb7a954dbe210abdb8cddae5ee6283c1932419e8,ef37283b9a3362b5c1749b3cff858a51d9ad511936955b1a650703ca0c80fb51,trial,B,z_lookback_48,"{""lookback"": 48, ""overlay"": false, ""zcol"": ""z""}",2014-07-01,2024-09-30,2585,-0.264667,0.256385,11.192699
2026-10-03T21:55:40+00:00,cb7a954dbe210abdb8cddae5ee6283c1932419e8,ef37283b9a3362b5c1749b3cff858a51d9ad511936955b1a650703ca0c80fb51,overlay,B,z_lookback_48,"{""lookback"": 48, ""overlay"": true, ""zcol"": ""z""}",2014-07-01,2024-09-30,2585,-0.324739,-0.190401,14.813661
2026-10-03T21:55:40+00:00,cb7a954dbe210abdb8cddae5ee6283c1932419e8,ef37283b9a3362b5c1749b3cff858a51d9ad511936955b1a650703ca0c80fb51,trial,C,z_lookback_48,"{""lookback"": 48, ""overlay"": false, ""zcol"": ""z""}",2015-01-02,2024-09-30,2457,-0.039257,0.547716,15.222595
2026-10-03T21:55:41+00:00,cb7a954dbe210abdb8cddae5ee6283c1932419e8,ef37283b9a3362b5c1749b3cff858a51d9ad511936955b1a650703ca0c80fb51,overlay,C,z_lookback_48,"{""lookback"": 48, ""overlay"": true, ""zcol"": ""z""}",2015-01-02,2024-09-30,2457,-0.171812,0.105282,15.662195
2026-10-03T21:55:41+00:00,cb7a954dbe210abdb8cddae5ee6283c1932419e8,ef37283b9a3362b5c1749b3cff858a51d9ad511936955b1a650703ca0c80fb51,trial,A,sale_horizon_120,"{""overlay"": false, ""sale_min_days"": 120, ""zcol"": ""z""}",2013-07-01,2024-09-30,2834,0.086305,0.666242,11.898602
2026-10-03T21:55:42+00:00,cb7a954dbe210abdb8cddae5ee6283c1932419e8,ef37283b9a3362b5c1749b3cff858a51d9ad511936955b1a650703ca0c80fb51,overlay,A,sale_horizon_120,"{""overlay"": true, ""sale_min_days"": 120, ""zcol"": ""z""}",2013-07-01,2024-09-30,2834,-0.038719,0.309451,9.673257
2026-10-03T21:55:43+00:00,cb7a954dbe210abdb8cddae5ee6283c1932419e8,ef37283b9a3362b5c1749b3cff858a51d9ad511936955b1a650703ca0c80fb51,trial,B,sale_horizon_120,"{""overlay"": false, ""sale_min_days"": 120, ""zcol"": ""z""}",2013-07-01,2024-09-30,2838,-0.013635,0.622232,13.613954
2026-10-03T21:55:44+00:00,cb7a954dbe210abdb8cddae5ee6283c1932419e8,ef37283b9a3362b5c1749b3cff858a51d9ad511936955b1a650703ca0c80fb51,overlay,B,sale_horizon_120,"{""overlay"": true, ""sale_min_days"": 120, ""zcol"": ""z""}",2013-07-01,2024-09-30,2838,-0.116729,0.052505,10.323357
2026-10-03T21:55:44+00:00,cb7a954dbe210abdb8cddae5ee6283c1932419e8,ef37283b9a3362b5c1749b3cff858a51d9ad511936955b1a650703ca0c80fb51,trial,C,sale_horizon_120,"{""overlay"": false, ""sale_min_days"": 120, ""zcol"": ""z""}",2013-07-01,2024-09-30,2834,0.156048,1.084396,21.664130
2026-10-03T21:55:44+00:00,cb7a954dbe210abdb8cddae5ee6283c1932419e8,ef37283b9a3362b5c1749b3cff858a51d9ad511936955b1a650703ca0c80fb51,overlay,C,sale_horizon_120,"{""overlay"": true, ""sale_min_days"": 120, ""zcol"": ""z""}",2013-07-01,2024-09-30,2834,0.156048,1.084396,21.664130
2026-10-03T21:55:45+00:00,cb7a954dbe210abdb8cddae5ee6283c1932419e8,ef37283b9a3362b5c1749b3cff858a51d9ad511936955b1a650703ca0c80fb51,trial,A,sale_horizon_180,"{""overlay"": false, ""sale_min_days"": 180, ""zcol"": ""z""}",2013-07-01,2024-09-30,2834,-0.131275,0.576979,15.454786
2026-10-03T21:55:45+00:00,cb7a954dbe210abdb8cddae5ee6283c1932419e8,ef37283b9a3362b5c1749b3cff858a51d9ad511936955b1a650703ca0c80fb51,overlay,A,sale_horizon_180,"{""overlay"": true, ""sale_min_days"": 180, ""zcol"": ""z""}",2013-07-01,2024-09-30,2834,-0.239057,0.023255,16.924168
2026-10-03T21:55:46+00:00,cb7a954dbe210abdb8cddae5ee6283c1932419e8,ef37283b9a3362b5c1749b3cff858a51d9ad511936955b1a650703ca0c80fb51,trial,B,sale_horizon_180,"{""overlay"": false, ""sale_min_days"": 180, ""zcol"": ""z""}",2013-07-01,2024-09-30,2838,-0.421096,0.685493,15.490914
2026-10-03T21:55:47+00:00,cb7a954dbe210abdb8cddae5ee6283c1932419e8,ef37283b9a3362b5c1749b3cff858a51d9ad511936955b1a650703ca0c80fb51,overlay,B,sale_horizon_180,"{""overlay"": true, ""sale_min_days"": 180, ""zcol"": ""z""}",2013-07-01,2024-09-30,2838,-0.491181,0.194473,12.254697
2026-10-03T21:55:48+00:00,cb7a954dbe210abdb8cddae5ee6283c1932419e8,ef37283b9a3362b5c1749b3cff858a51d9ad511936955b1a650703ca0c80fb51,trial,C,sale_horizon_180,"{""overlay"": false, ""sale_min_days"": 180, ""zcol"": ""z""}",2013-07-01,2024-09-30,2834,-0.061748,0.921885,20.398301
2026-10-03T21:55:48+00:00,cb7a954dbe210abdb8cddae5ee6283c1932419e8,ef37283b9a3362b5c1749b3cff858a51d9ad511936955b1a650703ca0c80fb51,overlay,C,sale_horizon_180,"{""overlay"": true, ""sale_min_days"": 180, ""zcol"": ""z""}",2013-07-01,2024-09-30,2834,-0.194218,0.448161,16.950521
2026-10-03T21:55:49+00:00,cb7a954dbe210abdb8cddae5ee6283c1932419e8,ef37283b9a3362b5c1749b3cff858a51d9ad511936955b1a650703ca0c80fb51,trial,A,fcr_5.5,"{""fcr"": 5.5, ""overlay"": false, ""zcol"": ""z""}",2013-07-01,2024-09-30,2834,-0.066050,0.504559,10.500211
2026-10-03T21:55:49+00:00,cb7a954dbe210abdb8cddae5ee6283c1932419e8,ef37283b9a3362b5c1749b3cff858a51d9ad511936955b1a650703ca0c80fb51,overlay,A,fcr_5.5,"{""fcr"": 5.5, ""overlay"": true, ""zcol"": ""z""}",2013-07-01,2024-09-30,2834,-0.149679,0.433713,10.661412
2026-10-03T21:55:50+00:00,cb7a954dbe210abdb8cddae5ee6283c1932419e8,ef37283b9a3362b5c1749b3cff858a51d9ad511936955b1a650703ca0c80fb51,trial,B,fcr_5.5,"{""fcr"": 5.5, ""overlay"": false, ""zcol"": ""z""}",2013-07-01,2024-09-30,2838,-0.277983,0.244193,10.342048
2026-10-03T21:55:51+00:00,cb7a954dbe210abdb8cddae5ee6283c1932419e8,ef37283b9a3362b5c1749b3cff858a51d9ad511936955b1a650703ca0c80fb51,overlay,B,fcr_5.5,"{""fcr"": 5.5, ""overlay"": true, ""zcol"": ""z""}",2013-07-01,2024-09-30,2838,-0.327563,-0.096264,11.993145
2026-10-03T21:55:51+00:00,cb7a954dbe210abdb8cddae5ee6283c1932419e8,ef37283b9a3362b5c1749b3cff858a51d9ad511936955b1a650703ca0c80fb51,trial,C,fcr_5.5,"{""fcr"": 5.5, ""overlay"": false, ""zcol"": ""z""}",2013-07-01,2024-09-30,2834,-0.033908,0.726644,16.165373
2026-10-03T21:55:52+00:00,cb7a954dbe210abdb8cddae5ee6283c1932419e8,ef37283b9a3362b5c1749b3cff858a51d9ad511936955b1a650703ca0c80fb51,overlay,C,fcr_5.5,"{""fcr"": 5.5, ""overlay"": true, ""zcol"": ""z""}",2013-07-01,2024-09-30,2834,-0.136023,0.673802,17.856856
2026-10-03T21:55:52+00:00,cb7a954dbe210abdb8cddae5ee6283c1932419e8,ef37283b9a3362b5c1749b3cff858a51d9ad511936955b1a650703ca0c80fb51,trial,A,fcr_6.5,"{""fcr"": 6.5, ""overlay"": false, ""zcol"": ""z""}",2013-07-01,2024-09-30,2834,-0.097719,0.544072,11.179924
2026-10-03T21:55:53+00:00,cb7a954dbe210abdb8cddae5ee6283c1932419e8,ef37283b9a3362b5c1749b3cff858a51d9ad511936955b1a650703ca0c80fb51,overlay,A,fcr_6.5,"{""fcr"": 6.5, ""overlay"": true, ""zcol"": ""z""}",2013-07-01,2024-09-30,2834,-0.191103,0.371106,10.662308
2026-10-03T21:55:54+00:00,cb7a954dbe210abdb8cddae5ee6283c1932419e8,ef37283b9a3362b5c1749b3cff858a51d9ad511936955b1a650703ca0c80fb51,trial,B,fcr_6.5,"{""fcr"": 6.5, ""overlay"": false, ""zcol"": ""z""}",2013-07-01,2024-09-30,2838,-0.273657,0.223041,10.892365
2026-10-03T21:55:55+00:00,cb7a954dbe210abdb8cddae5ee6283c1932419e8,ef37283b9a3362b5c1749b3cff858a51d9ad511936955b1a650703ca0c80fb51,overlay,B,fcr_6.5,"{""fcr"": 6.5, ""overlay"": true, ""zcol"": ""z""}",2013-07-01,2024-09-30,2838,-0.333191,-0.186766,11.813414
2026-10-03T21:55:55+00:00,cb7a954dbe210abdb8cddae5ee6283c1932419e8,ef37283b9a3362b5c1749b3cff858a51d9ad511936955b1a650703ca0c80fb51,trial,C,fcr_6.5,"{""fcr"": 6.5, ""overlay"": false, ""zcol"": ""z""}",2013-07-01,2024-09-30,2834,-0.033494,0.709242,17.064605
2026-10-03T21:55:55+00:00,cb7a954dbe210abdb8cddae5ee6283c1932419e8,ef37283b9a3362b5c1749b3cff858a51d9ad511936955b1a650703ca0c80fb51,overlay,C,fcr_6.5,"{""fcr"": 6.5, ""overlay"": true, ""zcol"": ""z""}",2013-07-01,2024-09-30,2834,-0.154612,0.538349,18.450596
2026-10-03T21:55:56+00:00,cb7a954dbe210abdb8cddae5ee6283c1932419e8,ef37283b9a3362b5c1749b3cff858a51d9ad511936955b1a650703ca0c80fb51,trial,A,seasonal_adjust,"{""overlay"": false, ""zcol"": ""z_sa""}",2018-07-02,2024-09-30,1575,0.080522,-0.084256,12.193208
2026-10-03T21:55:56+00:00,cb7a954dbe210abdb8cddae5ee6283c1932419e8,ef37283b9a3362b5c1749b3cff858a51d9ad511936955b1a650703ca0c80fb51,overlay,A,seasonal_adjust,"{""overlay"": true, ""zcol"": ""z_sa""}",2018-07-02,2024-09-30,1575,0.080522,-0.084256,12.193208
2026-10-03T21:55:57+00:00,cb7a954dbe210abdb8cddae5ee6283c1932419e8,ef37283b9a3362b5c1749b3cff858a51d9ad511936955b1a650703ca0c80fb51,trial,B,seasonal_adjust,"{""overlay"": false, ""zcol"": ""z_sa""}",2018-07-02,2024-09-30,1575,0.214772,0.186464,12.252751
2026-10-03T21:55:57+00:00,cb7a954dbe210abdb8cddae5ee6283c1932419e8,ef37283b9a3362b5c1749b3cff858a51d9ad511936955b1a650703ca0c80fb51,overlay,B,seasonal_adjust,"{""overlay"": true, ""zcol"": ""z_sa""}",2018-07-02,2024-09-30,1575,0.214772,0.186464,12.252751
2026-10-03T21:55:58+00:00,cb7a954dbe210abdb8cddae5ee6283c1932419e8,ef37283b9a3362b5c1749b3cff858a51d9ad511936955b1a650703ca0c80fb51,trial,C,seasonal_adjust,"{""overlay"": false, ""zcol"": ""z_sa""}",2018-08-01,2024-09-30,1554,0.003247,-0.366224,18.840126
2026-10-03T21:55:58+00:00,cb7a954dbe210abdb8cddae5ee6283c1932419e8,ef37283b9a3362b5c1749b3cff858a51d9ad511936955b1a650703ca0c80fb51,overlay,C,seasonal_adjust,"{""overlay"": true, ""zcol"": ""z_sa""}",2018-08-01,2024-09-30,1554,0.003247,-0.366224,18.840126
2026-10-04T03:21:58+00:00,d07a368529d332df99bb5c03cdb2d31145879b69,ef37283b9a3362b5c1749b3cff858a51d9ad511936955b1a650703ca0c80fb51,trial,H2,primary,"{""hedge"": ""sector ETFs"", ""signal"": ""1-month LE return / 36m sd"", ""spec"": ""primary""}",2013-08-01,2024-09-30,2810,-0.288185,-0.779569,50.709196
2026-10-04T03:36:34+00:00,8a2d559b89866ef6644274d83702b364c0ef310f,ef37283b9a3362b5c1749b3cff858a51d9ad511936955b1a650703ca0c80fb51,trial,A,primary,"{""overlay"": false, ""zcol"": ""z""}",2013-07-01,2024-09-30,2834,-0.084058,0.527633,10.855628
2026-10-04T03:36:35+00:00,8a2d559b89866ef6644274d83702b364c0ef310f,ef37283b9a3362b5c1749b3cff858a51d9ad511936955b1a650703ca0c80fb51,overlay,A,primary,"{""overlay"": true, ""zcol"": ""z""}",2013-07-01,2024-09-30,2834,-0.183248,0.399836,10.487115
2026-10-04T03:36:35+00:00,8a2d559b89866ef6644274d83702b364c0ef310f,ef37283b9a3362b5c1749b3cff858a51d9ad511936955b1a650703ca0c80fb51,diagnostic,A,le_only,"{""overlay"": false, ""zcol"": ""z_le""}",2013-07-01,2024-09-30,2834,-0.272760,-0.222945,10.645148
2026-10-04T03:36:35+00:00,8a2d559b89866ef6644274d83702b364c0ef310f,ef37283b9a3362b5c1749b3cff858a51d9ad511936955b1a650703ca0c80fb51,diagnostic,A,seasonal_only,"{""overlay"": false, ""zcol"": ""z_seasonal_only""}",2018-07-02,2024-09-30,1575,-0.119592,0.545748,10.225334
2026-10-04T03:36:38+00:00,8a2d559b89866ef6644274d83702b364c0ef310f,ef37283b9a3362b5c1749b3cff858a51d9ad511936955b1a650703ca0c80fb51,trial,B,primary,"{""overlay"": false, ""zcol"": ""z""}",2013-07-01,2024-09-30,2838,-0.276338,0.238925,10.697567
2026-10-04T03:36:39+00:00,8a2d559b89866ef6644274d83702b364c0ef310f,ef37283b9a3362b5c1749b3cff858a51d9ad511936955b1a650703ca0c80fb51,overlay,B,primary,"{""overlay"": true, ""zcol"": ""z""}",2013-07-01,2024-09-30,2838,-0.333979,-0.148393,11.786819
2026-10-04T03:36:39+00:00,8a2d559b89866ef6644274d83702b364c0ef310f,ef37283b9a3362b5c1749b3cff858a51d9ad511936955b1a650703ca0c80fb51,diagnostic,B,seasonal_only,"{""overlay"": false, ""zcol"": ""z_seasonal_only""}",2018-07-02,2024-09-30,1575,-0.225322,0.586645,11.284464
2026-10-04T03:36:40+00:00,8a2d559b89866ef6644274d83702b364c0ef310f,ef37283b9a3362b5c1749b3cff858a51d9ad511936955b1a650703ca0c80fb51,trial,C,primary,"{""overlay"": false, ""zcol"": ""z""}",2013-07-01,2024-09-30,2834,-0.036747,0.712760,16.605673
2026-10-04T03:36:41+00:00,8a2d559b89866ef6644274d83702b364c0ef310f,ef37283b9a3362b5c1749b3cff858a51d9ad511936955b1a650703ca0c80fb51,overlay,C,primary,"{""overlay"": true, ""zcol"": ""z""}",2013-07-01,2024-09-30,2834,-0.148835,0.591067,17.962230
2026-10-04T03:36:41+00:00,8a2d559b89866ef6644274d83702b364c0ef310f,ef37283b9a3362b5c1749b3cff858a51d9ad511936955b1a650703ca0c80fb51,diagnostic,C,seasonal_only,"{""overlay"": false, ""zcol"": ""z_seasonal_only""}",2018-07-02,2024-09-30,1575,-0.071122,0.874291,21.034408
2026-10-04T03:36:44+00:00,8a2d559b89866ef6644274d83702b364c0ef310f,ef37283b9a3362b5c1749b3cff858a51d9ad511936955b1a650703ca0c80fb51,trial,A,z_lookback_24,"{""lookback"": 24, ""overlay"": false, ""zcol"": ""z""}",2012-07-02,2024-09-30,3086,0.029292,0.515085,9.911968
2026-10-04T03:36:44+00:00,8a2d559b89866ef6644274d83702b364c0ef310f,ef37283b9a3362b5c1749b3cff858a51d9ad511936955b1a650703ca0c80fb51,overlay,A,z_lookback_24,"{""lookback"": 24, ""overlay"": true, ""zcol"": ""z""}",2012-07-02,2024-09-30,3086,-0.058515,0.328473,10.288965
2026-10-04T03:36:45+00:00,8a2d559b89866ef6644274d83702b364c0ef310f,ef37283b9a3362b5c1749b3cff858a51d9ad511936955b1a650703ca0c80fb51,trial,B,z_lookback_24,"{""lookback"": 24, ""overlay"": false, ""zcol"": ""z""}",2012-07-02,2024-09-30,3090,-0.256415,0.183867,10.267423
2026-10-04T03:36:45+00:00,8a2d559b89866ef6644274d83702b364c0ef310f,ef37283b9a3362b5c1749b3cff858a51d9ad511936955b1a650703ca0c80fb51,overlay,B,z_lookback_24,"{""lookback"": 24, ""overlay"": true, ""zcol"": ""z""}",2012-07-02,2024-09-30,3090,-0.322812,-0.148313,11.950835
2026-10-04T03:36:46+00:00,8a2d559b89866ef6644274d83702b364c0ef310f,ef37283b9a3362b5c1749b3cff858a51d9ad511936955b1a650703ca0c80fb51,trial,C,z_lookback_24,"{""lookback"": 24, ""overlay"": false, ""zcol"": ""z""}",2012-07-02,2024-09-30,3086,0.060117,0.739381,15.722722
2026-10-04T03:36:46+00:00,8a2d559b89866ef6644274d83702b364c0ef310f,ef37283b9a3362b5c1749b3cff858a51d9ad511936955b1a650703ca0c80fb51,overlay,C,z_lookback_24,"{""lookback"": 24, ""overlay"": true, ""zcol"": ""z""}",2012-07-02,2024-09-30,3086,-0.048278,0.508173,15.649910
2026-10-04T03:36:47+00:00,8a2d559b89866ef6644274d83702b364c0ef310f,ef37283b9a3362b5c1749b3cff858a51d9ad511936955b1a650703ca0c80fb51,trial,A,z_lookback_48,"{""lookback"": 48, ""overlay"": false, ""zcol"": ""z""}",2014-07-01,2024-09-30,2582,-0.017756,0.362390,11.312519
2026-10-04T03:36:47+00:00,8a2d559b89866ef6644274d83702b364c0ef310f,ef37283b9a3362b5c1749b3cff858a51d9ad511936955b1a650703ca0c80fb51,overlay,A,z_lookback_48,"{""lookback"": 48, ""overlay"": true, ""zcol"": ""z""}",2014-07-01,2024-09-30,2582,-0.134555,-0.094827,13.330403
2026-10-04T03:36:48+00:00,8a2d559b89866ef6644274d83702b364c0ef310f,ef37283b9a3362b5c1749b3cff858a51d9ad511936955b1a650703ca0c80fb51,trial,B,z_lookback_48,"{""lookback"": 48, ""overlay"": false, ""zcol"": ""z""}",2014-07-01,2024-09-30,2585,-0.264667,0.256385,11.192699
2026-10-04T03:36:48+00:00,8a2d559b89866ef6644274d83702b364c0ef310f,ef37283b9a3362b5c1749b3cff858a51d9ad511936955b1a650703ca0c80fb51,overlay,B,z_lookback_48,"{""lookback"": 48, ""overlay"": true, ""zcol"": ""z""}",2014-07-01,2024-09-30,2585,-0.324739,-0.190401,14.813661
2026-10-04T03:36:49+00:00,8a2d559b89866ef6644274d83702b364c0ef310f,ef37283b9a3362b5c1749b3cff858a51d9ad511936955b1a650703ca0c80fb51,trial,C,z_lookback_48,"{""lookback"": 48, ""overlay"": false, ""zcol"": ""z""}",2015-01-02,2024-09-30,2457,-0.039257,0.547716,15.222595
2026-10-04T03:36:49+00:00,8a2d559b89866ef6644274d83702b364c0ef310f,ef37283b9a3362b5c1749b3cff858a51d9ad511936955b1a650703ca0c80fb51,overlay,C,z_lookback_48,"{""lookback"": 48, ""overlay"": true, ""zcol"": ""z""}",2015-01-02,2024-09-30,2457,-0.171812,0.105282,15.662195
2026-10-04T03:36:49+00:00,8a2d559b89866ef6644274d83702b364c0ef310f,ef37283b9a3362b5c1749b3cff858a51d9ad511936955b1a650703ca0c80fb51,trial,A,sale_horizon_120,"{""overlay"": false, ""sale_min_days"": 120, ""zcol"": ""z""}",2013-07-01,2024-09-30,2834,0.086305,0.666242,11.898602
2026-10-04T03:36:50+00:00,8a2d559b89866ef6644274d83702b364c0ef310f,ef37283b9a3362b5c1749b3cff858a51d9ad511936955b1a650703ca0c80fb51,overlay,A,sale_horizon_120,"{""overlay"": true, ""sale_min_days"": 120, ""zcol"": ""z""}",2013-07-01,2024-09-30,2834,-0.038719,0.309451,9.673257
2026-10-04T03:36:50+00:00,8a2d559b89866ef6644274d83702b364c0ef310f,ef37283b9a3362b5c1749b3cff858a51d9ad511936955b1a650703ca0c80fb51,trial,B,sale_horizon_120,"{""overlay"": false, ""sale_min_days"": 120, ""zcol"": ""z""}",2013-07-01,2024-09-30,2838,-0.013635,0.622232,13.613954
2026-10-04T03:36:51+00:00,8a2d559b89866ef6644274d83702b364c0ef310f,ef37283b9a3362b5c1749b3cff858a51d9ad511936955b1a650703ca0c80fb51,overlay,B,sale_horizon_120,"{""overlay"": true, ""sale_min_days"": 120, ""zcol"": ""z""}",2013-07-01,2024-09-30,2838,-0.116729,0.052505,10.323357
2026-10-04T03:36:51+00:00,8a2d559b89866ef6644274d83702b364c0ef310f,ef37283b9a3362b5c1749b3cff858a51d9ad511936955b1a650703ca0c80fb51,trial,C,sale_horizon_120,"{""overlay"": false, ""sale_min_days"": 120, ""zcol"": ""z""}",2013-07-01,2024-09-30,2834,0.156048,1.084396,21.664130
2026-10-04T03:36:52+00:00,8a2d559b89866ef6644274d83702b364c0ef310f,ef37283b9a3362b5c1749b3cff858a51d9ad511936955b1a650703ca0c80fb51,overlay,C,sale_horizon_120,"{""overlay"": true, ""sale_min_days"": 120, ""zcol"": ""z""}",2013-07-01,2024-09-30,2834,0.156048,1.084396,21.664130
2026-10-04T03:36:52+00:00,8a2d559b89866ef6644274d83702b364c0ef310f,ef37283b9a3362b5c1749b3cff858a51d9ad511936955b1a650703ca0c80fb51,trial,A,sale_horizon_180,"{""overlay"": false, ""sale_min_days"": 180, ""zcol"": ""z""}",2013-07-01,2024-09-30,2834,-0.131275,0.576979,15.454786
2026-10-04T03:36:52+00:00,8a2d559b89866ef6644274d83702b364c0ef310f,ef37283b9a3362b5c1749b3cff858a51d9ad511936955b1a650703ca0c80fb51,overlay,A,sale_horizon_180,"{""overlay"": true, ""sale_min_days"": 180, ""zcol"": ""z""}",2013-07-01,2024-09-30,2834,-0.239057,0.023255,16.924168
2026-10-04T03:36:53+00:00,8a2d559b89866ef6644274d83702b364c0ef310f,ef37283b9a3362b5c1749b3cff858a51d9ad511936955b1a650703ca0c80fb51,trial,B,sale_horizon_180,"{""overlay"": false, ""sale_min_days"": 180, ""zcol"": ""z""}",2013-07-01,2024-09-30,2838,-0.421096,0.685493,15.490914
2026-10-04T03:36:54+00:00,8a2d559b89866ef6644274d83702b364c0ef310f,ef37283b9a3362b5c1749b3cff858a51d9ad511936955b1a650703ca0c80fb51,overlay,B,sale_horizon_180,"{""overlay"": true, ""sale_min_days"": 180, ""zcol"": ""z""}",2013-07-01,2024-09-30,2838,-0.491181,0.194473,12.254697
2026-10-04T03:36:54+00:00,8a2d559b89866ef6644274d83702b364c0ef310f,ef37283b9a3362b5c1749b3cff858a51d9ad511936955b1a650703ca0c80fb51,trial,C,sale_horizon_180,"{""overlay"": false, ""sale_min_days"": 180, ""zcol"": ""z""}",2013-07-01,2024-09-30,2834,-0.061748,0.921885,20.398301
2026-10-04T03:36:54+00:00,8a2d559b89866ef6644274d83702b364c0ef310f,ef37283b9a3362b5c1749b3cff858a51d9ad511936955b1a650703ca0c80fb51,overlay,C,sale_horizon_180,"{""overlay"": true, ""sale_min_days"": 180, ""zcol"": ""z""}",2013-07-01,2024-09-30,2834,-0.194218,0.448161,16.950521
2026-10-04T03:36:55+00:00,8a2d559b89866ef6644274d83702b364c0ef310f,ef37283b9a3362b5c1749b3cff858a51d9ad511936955b1a650703ca0c80fb51,trial,A,fcr_5.5,"{""fcr"": 5.5, ""overlay"": false, ""zcol"": ""z""}",2013-07-01,2024-09-30,2834,-0.066050,0.504559,10.500211
2026-10-04T03:36:55+00:00,8a2d559b89866ef6644274d83702b364c0ef310f,ef37283b9a3362b5c1749b3cff858a51d9ad511936955b1a650703ca0c80fb51,overlay,A,fcr_5.5,"{""fcr"": 5.5, ""overlay"": true, ""zcol"": ""z""}",2013-07-01,2024-09-30,2834,-0.149679,0.433713,10.661412
2026-10-04T03:36:56+00:00,8a2d559b89866ef6644274d83702b364c0ef310f,ef37283b9a3362b5c1749b3cff858a51d9ad511936955b1a650703ca0c80fb51,trial,B,fcr_5.5,"{""fcr"": 5.5, ""overlay"": false, ""zcol"": ""z""}",2013-07-01,2024-09-30,2838,-0.277983,0.244193,10.342048
2026-10-04T03:36:56+00:00,8a2d559b89866ef6644274d83702b364c0ef310f,ef37283b9a3362b5c1749b3cff858a51d9ad511936955b1a650703ca0c80fb51,overlay,B,fcr_5.5,"{""fcr"": 5.5, ""overlay"": true, ""zcol"": ""z""}",2013-07-01,2024-09-30,2838,-0.327563,-0.096264,11.993145
2026-10-04T03:36:57+00:00,8a2d559b89866ef6644274d83702b364c0ef310f,ef37283b9a3362b5c1749b3cff858a51d9ad511936955b1a650703ca0c80fb51,trial,C,fcr_5.5,"{""fcr"": 5.5, ""overlay"": false, ""zcol"": ""z""}",2013-07-01,2024-09-30,2834,-0.033908,0.726644,16.165373
2026-10-04T03:36:57+00:00,8a2d559b89866ef6644274d83702b364c0ef310f,ef37283b9a3362b5c1749b3cff858a51d9ad511936955b1a650703ca0c80fb51,overlay,C,fcr_5.5,"{""fcr"": 5.5, ""overlay"": true, ""zcol"": ""z""}",2013-07-01,2024-09-30,2834,-0.136023,0.673802,17.856856
2026-10-04T03:36:57+00:00,8a2d559b89866ef6644274d83702b364c0ef310f,ef37283b9a3362b5c1749b3cff858a51d9ad511936955b1a650703ca0c80fb51,trial,A,fcr_6.5,"{""fcr"": 6.5, ""overlay"": false, ""zcol"": ""z""}",2013-07-01,2024-09-30,2834,-0.097719,0.544072,11.179924
2026-10-04T03:36:58+00:00,8a2d559b89866ef6644274d83702b364c0ef310f,ef37283b9a3362b5c1749b3cff858a51d9ad511936955b1a650703ca0c80fb51,overlay,A,fcr_6.5,"{""fcr"": 6.5, ""overlay"": true, ""zcol"": ""z""}",2013-07-01,2024-09-30,2834,-0.191103,0.371106,10.662308
2026-10-04T03:36:58+00:00,8a2d559b89866ef6644274d83702b364c0ef310f,ef37283b9a3362b5c1749b3cff858a51d9ad511936955b1a650703ca0c80fb51,trial,B,fcr_6.5,"{""fcr"": 6.5, ""overlay"": false, ""zcol"": ""z""}",2013-07-01,2024-09-30,2838,-0.273657,0.223041,10.892365
2026-10-04T03:36:59+00:00,8a2d559b89866ef6644274d83702b364c0ef310f,ef37283b9a3362b5c1749b3cff858a51d9ad511936955b1a650703ca0c80fb51,overlay,B,fcr_6.5,"{""fcr"": 6.5, ""overlay"": true, ""zcol"": ""z""}",2013-07-01,2024-09-30,2838,-0.333191,-0.186766,11.813414
2026-10-04T03:36:59+00:00,8a2d559b89866ef6644274d83702b364c0ef310f,ef37283b9a3362b5c1749b3cff858a51d9ad511936955b1a650703ca0c80fb51,trial,C,fcr_6.5,"{""fcr"": 6.5, ""overlay"": false, ""zcol"": ""z""}",2013-07-01,2024-09-30,2834,-0.033494,0.709242,17.064605
2026-10-04T03:37:00+00:00,8a2d559b89866ef6644274d83702b364c0ef310f,ef37283b9a3362b5c1749b3cff858a51d9ad511936955b1a650703ca0c80fb51,overlay,C,fcr_6.5,"{""fcr"": 6.5, ""overlay"": true, ""zcol"": ""z""}",2013-07-01,2024-09-30,2834,-0.154612,0.538349,18.450596
2026-10-04T03:37:00+00:00,8a2d559b89866ef6644274d83702b364c0ef310f,ef37283b9a3362b5c1749b3cff858a51d9ad511936955b1a650703ca0c80fb51,trial,A,seasonal_adjust,"{""overlay"": false, ""zcol"": ""z_sa""}",2018-07-02,2024-09-30,1575,0.080522,-0.084256,12.193208
2026-10-04T03:37:00+00:00,8a2d559b89866ef6644274d83702b364c0ef310f,ef37283b9a3362b5c1749b3cff858a51d9ad511936955b1a650703ca0c80fb51,overlay,A,seasonal_adjust,"{""overlay"": true, ""zcol"": ""z_sa""}",2018-07-02,2024-09-30,1575,0.080522,-0.084256,12.193208
2026-10-04T03:37:01+00:00,8a2d559b89866ef6644274d83702b364c0ef310f,ef37283b9a3362b5c1749b3cff858a51d9ad511936955b1a650703ca0c80fb51,trial,B,seasonal_adjust,"{""overlay"": false, ""zcol"": ""z_sa""}",2018-07-02,2024-09-30,1575,0.214772,0.186464,12.252751
2026-10-04T03:37:01+00:00,8a2d559b89866ef6644274d83702b364c0ef310f,ef37283b9a3362b5c1749b3cff858a51d9ad511936955b1a650703ca0c80fb51,overlay,B,seasonal_adjust,"{""overlay"": true, ""zcol"": ""z_sa""}",2018-07-02,2024-09-30,1575,0.214772,0.186464,12.252751
2026-10-04T03:37:01+00:00,8a2d559b89866ef6644274d83702b364c0ef310f,ef37283b9a3362b5c1749b3cff858a51d9ad511936955b1a650703ca0c80fb51,trial,C,seasonal_adjust,"{""overlay"": false, ""zcol"": ""z_sa""}",2018-08-01,2024-09-30,1554,0.003247,-0.366224,18.840126
2026-10-04T03:37:01+00:00,8a2d559b89866ef6644274d83702b364c0ef310f,ef37283b9a3362b5c1749b3cff858a51d9ad511936955b1a650703ca0c80fb51,overlay,C,seasonal_adjust,"{""overlay"": true, ""zcol"": ""z_sa""}",2018-08-01,2024-09-30,1554,0.003247,-0.366224,18.840126
2026-10-04T03:37:58+00:00,8a2d559b89866ef6644274d83702b364c0ef310f,ef37283b9a3362b5c1749b3cff858a51d9ad511936955b1a650703ca0c80fb51,trial,A,primary,"{""overlay"": false, ""zcol"": ""z""}",2013-07-01,2024-09-30,2834,-0.084058,0.527633,10.855628
2026-10-04T03:37:58+00:00,8a2d559b89866ef6644274d83702b364c0ef310f,ef37283b9a3362b5c1749b3cff858a51d9ad511936955b1a650703ca0c80fb51,overlay,A,primary,"{""overlay"": true, ""zcol"": ""z""}",2013-07-01,2024-09-30,2834,-0.183248,0.399836,10.487115
2026-10-04T03:37:59+00:00,8a2d559b89866ef6644274d83702b364c0ef310f,ef37283b9a3362b5c1749b3cff858a51d9ad511936955b1a650703ca0c80fb51,diagnostic,A,le_only,"{""overlay"": false, ""zcol"": ""z_le""}",2013-07-01,2024-09-30,2834,-0.272760,-0.222945,10.645148
2026-10-04T03:37:59+00:00,8a2d559b89866ef6644274d83702b364c0ef310f,ef37283b9a3362b5c1749b3cff858a51d9ad511936955b1a650703ca0c80fb51,diagnostic,A,seasonal_only,"{""overlay"": false, ""zcol"": ""z_seasonal_only""}",2018-07-02,2024-09-30,1575,-0.119592,0.545748,10.225334
2026-10-04T03:38:01+00:00,8a2d559b89866ef6644274d83702b364c0ef310f,ef37283b9a3362b5c1749b3cff858a51d9ad511936955b1a650703ca0c80fb51,trial,B,primary,"{""overlay"": false, ""zcol"": ""z""}",2013-07-01,2024-09-30,2838,-0.276338,0.238925,10.697567
2026-10-04T03:38:02+00:00,8a2d559b89866ef6644274d83702b364c0ef310f,ef37283b9a3362b5c1749b3cff858a51d9ad511936955b1a650703ca0c80fb51,overlay,B,primary,"{""overlay"": true, ""zcol"": ""z""}",2013-07-01,2024-09-30,2838,-0.333979,-0.148393,11.786819
2026-10-04T03:38:03+00:00,8a2d559b89866ef6644274d83702b364c0ef310f,ef37283b9a3362b5c1749b3cff858a51d9ad511936955b1a650703ca0c80fb51,diagnostic,B,seasonal_only,"{""overlay"": false, ""zcol"": ""z_seasonal_only""}",2018-07-02,2024-09-30,1575,-0.225322,0.586645,11.284464
2026-10-04T03:38:04+00:00,8a2d559b89866ef6644274d83702b364c0ef310f,ef37283b9a3362b5c1749b3cff858a51d9ad511936955b1a650703ca0c80fb51,trial,C,primary,"{""overlay"": false, ""zcol"": ""z""}",2013-07-01,2024-09-30,2834,-0.036747,0.712760,16.605673
2026-10-04T03:38:04+00:00,8a2d559b89866ef6644274d83702b364c0ef310f,ef37283b9a3362b5c1749b3cff858a51d9ad511936955b1a650703ca0c80fb51,overlay,C,primary,"{""overlay"": true, ""zcol"": ""z""}",2013-07-01,2024-09-30,2834,-0.148835,0.591067,17.962230
2026-10-04T03:38:05+00:00,8a2d559b89866ef6644274d83702b364c0ef310f,ef37283b9a3362b5c1749b3cff858a51d9ad511936955b1a650703ca0c80fb51,diagnostic,C,seasonal_only,"{""overlay"": false, ""zcol"": ""z_seasonal_only""}",2018-07-02,2024-09-30,1575,-0.071122,0.874291,21.034408
2026-10-04T03:38:09+00:00,8a2d559b89866ef6644274d83702b364c0ef310f,ef37283b9a3362b5c1749b3cff858a51d9ad511936955b1a650703ca0c80fb51,trial,A,z_lookback_24,"{""lookback"": 24, ""overlay"": false, ""zcol"": ""z""}",2012-07-02,2024-09-30,3086,0.029292,0.515085,9.911968
2026-10-04T03:38:10+00:00,8a2d559b89866ef6644274d83702b364c0ef310f,ef37283b9a3362b5c1749b3cff858a51d9ad511936955b1a650703ca0c80fb51,overlay,A,z_lookback_24,"{""lookback"": 24, ""overlay"": true, ""zcol"": ""z""}",2012-07-02,2024-09-30,3086,-0.058515,0.328473,10.288965
2026-10-04T03:38:10+00:00,8a2d559b89866ef6644274d83702b364c0ef310f,ef37283b9a3362b5c1749b3cff858a51d9ad511936955b1a650703ca0c80fb51,trial,B,z_lookback_24,"{""lookback"": 24, ""overlay"": false, ""zcol"": ""z""}",2012-07-02,2024-09-30,3090,-0.256415,0.183867,10.267423
2026-10-04T03:38:11+00:00,8a2d559b89866ef6644274d83702b364c0ef310f,ef37283b9a3362b5c1749b3cff858a51d9ad511936955b1a650703ca0c80fb51,overlay,B,z_lookback_24,"{""lookback"": 24, ""overlay"": true, ""zcol"": ""z""}",2012-07-02,2024-09-30,3090,-0.322812,-0.148313,11.950835
2026-10-04T03:38:12+00:00,8a2d559b89866ef6644274d83702b364c0ef310f,ef37283b9a3362b5c1749b3cff858a51d9ad511936955b1a650703ca0c80fb51,trial,C,z_lookback_24,"{""lookback"": 24, ""overlay"": false, ""zcol"": ""z""}",2012-07-02,2024-09-30,3086,0.060117,0.739381,15.722722
2026-10-04T03:38:12+00:00,8a2d559b89866ef6644274d83702b364c0ef310f,ef37283b9a3362b5c1749b3cff858a51d9ad511936955b1a650703ca0c80fb51,overlay,C,z_lookback_24,"{""lookback"": 24, ""overlay"": true, ""zcol"": ""z""}",2012-07-02,2024-09-30,3086,-0.048278,0.508173,15.649910
2026-10-04T03:38:12+00:00,8a2d559b89866ef6644274d83702b364c0ef310f,ef37283b9a3362b5c1749b3cff858a51d9ad511936955b1a650703ca0c80fb51,trial,A,z_lookback_48,"{""lookback"": 48, ""overlay"": false, ""zcol"": ""z""}",2014-07-01,2024-09-30,2582,-0.017756,0.362390,11.312519
2026-10-04T03:38:13+00:00,8a2d559b89866ef6644274d83702b364c0ef310f,ef37283b9a3362b5c1749b3cff858a51d9ad511936955b1a650703ca0c80fb51,overlay,A,z_lookback_48,"{""lookback"": 48, ""overlay"": true, ""zcol"": ""z""}",2014-07-01,2024-09-30,2582,-0.134555,-0.094827,13.330403
2026-10-04T03:38:13+00:00,8a2d559b89866ef6644274d83702b364c0ef310f,ef37283b9a3362b5c1749b3cff858a51d9ad511936955b1a650703ca0c80fb51,trial,B,z_lookback_48,"{""lookback"": 48, ""overlay"": false, ""zcol"": ""z""}",2014-07-01,2024-09-30,2585,-0.264667,0.256385,11.192699
2026-10-04T03:38:14+00:00,8a2d559b89866ef6644274d83702b364c0ef310f,ef37283b9a3362b5c1749b3cff858a51d9ad511936955b1a650703ca0c80fb51,overlay,B,z_lookback_48,"{""lookback"": 48, ""overlay"": true, ""zcol"": ""z""}",2014-07-01,2024-09-30,2585,-0.324739,-0.190401,14.813661
2026-10-04T03:38:14+00:00,8a2d559b89866ef6644274d83702b364c0ef310f,ef37283b9a3362b5c1749b3cff858a51d9ad511936955b1a650703ca0c80fb51,trial,C,z_lookback_48,"{""lookback"": 48, ""overlay"": false, ""zcol"": ""z""}",2015-01-02,2024-09-30,2457,-0.039257,0.547716,15.222595
2026-10-04T03:38:15+00:00,8a2d559b89866ef6644274d83702b364c0ef310f,ef37283b9a3362b5c1749b3cff858a51d9ad511936955b1a650703ca0c80fb51,overlay,C,z_lookback_48,"{""lookback"": 48, ""overlay"": true, ""zcol"": ""z""}",2015-01-02,2024-09-30,2457,-0.171812,0.105282,15.662195
2026-10-04T03:38:15+00:00,8a2d559b89866ef6644274d83702b364c0ef310f,ef37283b9a3362b5c1749b3cff858a51d9ad511936955b1a650703ca0c80fb51,trial,A,sale_horizon_120,"{""overlay"": false, ""sale_min_days"": 120, ""zcol"": ""z""}",2013-07-01,2024-09-30,2834,0.086305,0.666242,11.898602
2026-10-04T03:38:15+00:00,8a2d559b89866ef6644274d83702b364c0ef310f,ef37283b9a3362b5c1749b3cff858a51d9ad511936955b1a650703ca0c80fb51,overlay,A,sale_horizon_120,"{""overlay"": true, ""sale_min_days"": 120, ""zcol"": ""z""}",2013-07-01,2024-09-30,2834,-0.038719,0.309451,9.673257
2026-10-04T03:38:16+00:00,8a2d559b89866ef6644274d83702b364c0ef310f,ef37283b9a3362b5c1749b3cff858a51d9ad511936955b1a650703ca0c80fb51,trial,B,sale_horizon_120,"{""overlay"": false, ""sale_min_days"": 120, ""zcol"": ""z""}",2013-07-01,2024-09-30,2838,-0.013635,0.622232,13.613954
2026-10-04T03:38:17+00:00,8a2d559b89866ef6644274d83702b364c0ef310f,ef37283b9a3362b5c1749b3cff858a51d9ad511936955b1a650703ca0c80fb51,overlay,B,sale_horizon_120,"{""overlay"": true, ""sale_min_days"": 120, ""zcol"": ""z""}",2013-07-01,2024-09-30,2838,-0.116729,0.052505,10.323357
2026-10-04T03:38:17+00:00,8a2d559b89866ef6644274d83702b364c0ef310f,ef37283b9a3362b5c1749b3cff858a51d9ad511936955b1a650703ca0c80fb51,trial,C,sale_horizon_120,"{""overlay"": false, ""sale_min_days"": 120, ""zcol"": ""z""}",2013-07-01,2024-09-30,2834,0.156048,1.084396,21.664130
2026-10-04T03:38:18+00:00,8a2d559b89866ef6644274d83702b364c0ef310f,ef37283b9a3362b5c1749b3cff858a51d9ad511936955b1a650703ca0c80fb51,overlay,C,sale_horizon_120,"{""overlay"": true, ""sale_min_days"": 120, ""zcol"": ""z""}",2013-07-01,2024-09-30,2834,0.156048,1.084396,21.664130
2026-10-04T03:38:18+00:00,8a2d559b89866ef6644274d83702b364c0ef310f,ef37283b9a3362b5c1749b3cff858a51d9ad511936955b1a650703ca0c80fb51,trial,A,sale_horizon_180,"{""overlay"": false, ""sale_min_days"": 180, ""zcol"": ""z""}",2013-07-01,2024-09-30,2834,-0.131275,0.576979,15.454786
2026-10-04T03:38:18+00:00,8a2d559b89866ef6644274d83702b364c0ef310f,ef37283b9a3362b5c1749b3cff858a51d9ad511936955b1a650703ca0c80fb51,overlay,A,sale_horizon_180,"{""overlay"": true, ""sale_min_days"": 180, ""zcol"": ""z""}",2013-07-01,2024-09-30,2834,-0.239057,0.023255,16.924168
2026-10-04T03:38:19+00:00,8a2d559b89866ef6644274d83702b364c0ef310f,ef37283b9a3362b5c1749b3cff858a51d9ad511936955b1a650703ca0c80fb51,trial,B,sale_horizon_180,"{""overlay"": false, ""sale_min_days"": 180, ""zcol"": ""z""}",2013-07-01,2024-09-30,2838,-0.421096,0.685493,15.490914
2026-10-04T03:38:20+00:00,8a2d559b89866ef6644274d83702b364c0ef310f,ef37283b9a3362b5c1749b3cff858a51d9ad511936955b1a650703ca0c80fb51,overlay,B,sale_horizon_180,"{""overlay"": true, ""sale_min_days"": 180, ""zcol"": ""z""}",2013-07-01,2024-09-30,2838,-0.491181,0.194473,12.254697
2026-10-04T03:38:21+00:00,8a2d559b89866ef6644274d83702b364c0ef310f,ef37283b9a3362b5c1749b3cff858a51d9ad511936955b1a650703ca0c80fb51,trial,C,sale_horizon_180,"{""overlay"": false, ""sale_min_days"": 180, ""zcol"": ""z""}",2013-07-01,2024-09-30,2834,-0.061748,0.921885,20.398301
2026-10-04T03:38:21+00:00,8a2d559b89866ef6644274d83702b364c0ef310f,ef37283b9a3362b5c1749b3cff858a51d9ad511936955b1a650703ca0c80fb51,overlay,C,sale_horizon_180,"{""overlay"": true, ""sale_min_days"": 180, ""zcol"": ""z""}",2013-07-01,2024-09-30,2834,-0.194218,0.448161,16.950521
2026-10-04T03:38:22+00:00,8a2d559b89866ef6644274d83702b364c0ef310f,ef37283b9a3362b5c1749b3cff858a51d9ad511936955b1a650703ca0c80fb51,trial,A,fcr_5.5,"{""fcr"": 5.5, ""overlay"": false, ""zcol"": ""z""}",2013-07-01,2024-09-30,2834,-0.066050,0.504559,10.500211
2026-10-04T03:38:22+00:00,8a2d559b89866ef6644274d83702b364c0ef310f,ef37283b9a3362b5c1749b3cff858a51d9ad511936955b1a650703ca0c80fb51,overlay,A,fcr_5.5,"{""fcr"": 5.5, ""overlay"": true, ""zcol"": ""z""}",2013-07-01,2024-09-30,2834,-0.149679,0.433713,10.661412
2026-10-04T03:38:23+00:00,8a2d559b89866ef6644274d83702b364c0ef310f,ef37283b9a3362b5c1749b3cff858a51d9ad511936955b1a650703ca0c80fb51,trial,B,fcr_5.5,"{""fcr"": 5.5, ""overlay"": false, ""zcol"": ""z""}",2013-07-01,2024-09-30,2838,-0.277983,0.244193,10.342048
2026-10-04T03:38:24+00:00,8a2d559b89866ef6644274d83702b364c0ef310f,ef37283b9a3362b5c1749b3cff858a51d9ad511936955b1a650703ca0c80fb51,overlay,B,fcr_5.5,"{""fcr"": 5.5, ""overlay"": true, ""zcol"": ""z""}",2013-07-01,2024-09-30,2838,-0.327563,-0.096264,11.993145
2026-10-04T03:38:24+00:00,8a2d559b89866ef6644274d83702b364c0ef310f,ef37283b9a3362b5c1749b3cff858a51d9ad511936955b1a650703ca0c80fb51,trial,C,fcr_5.5,"{""fcr"": 5.5, ""overlay"": false, ""zcol"": ""z""}",2013-07-01,2024-09-30,2834,-0.033908,0.726644,16.165373
2026-10-04T03:38:25+00:00,8a2d559b89866ef6644274d83702b364c0ef310f,ef37283b9a3362b5c1749b3cff858a51d9ad511936955b1a650703ca0c80fb51,overlay,C,fcr_5.5,"{""fcr"": 5.5, ""overlay"": true, ""zcol"": ""z""}",2013-07-01,2024-09-30,2834,-0.136023,0.673802,17.856856
2026-10-04T03:38:25+00:00,8a2d559b89866ef6644274d83702b364c0ef310f,ef37283b9a3362b5c1749b3cff858a51d9ad511936955b1a650703ca0c80fb51,trial,A,fcr_6.5,"{""fcr"": 6.5, ""overlay"": false, ""zcol"": ""z""}",2013-07-01,2024-09-30,2834,-0.097719,0.544072,11.179924
2026-10-04T03:38:25+00:00,8a2d559b89866ef6644274d83702b364c0ef310f,ef37283b9a3362b5c1749b3cff858a51d9ad511936955b1a650703ca0c80fb51,overlay,A,fcr_6.5,"{""fcr"": 6.5, ""overlay"": true, ""zcol"": ""z""}",2013-07-01,2024-09-30,2834,-0.191103,0.371106,10.662308
2026-10-04T03:38:27+00:00,8a2d559b89866ef6644274d83702b364c0ef310f,ef37283b9a3362b5c1749b3cff858a51d9ad511936955b1a650703ca0c80fb51,trial,B,fcr_6.5,"{""fcr"": 6.5, ""overlay"": false, ""zcol"": ""z""}",2013-07-01,2024-09-30,2838,-0.273657,0.223041,10.892365
2026-10-04T03:38:28+00:00,8a2d559b89866ef6644274d83702b364c0ef310f,ef37283b9a3362b5c1749b3cff858a51d9ad511936955b1a650703ca0c80fb51,overlay,B,fcr_6.5,"{""fcr"": 6.5, ""overlay"": true, ""zcol"": ""z""}",2013-07-01,2024-09-30,2838,-0.333191,-0.186766,11.813414
2026-10-04T03:38:28+00:00,8a2d559b89866ef6644274d83702b364c0ef310f,ef37283b9a3362b5c1749b3cff858a51d9ad511936955b1a650703ca0c80fb51,trial,C,fcr_6.5,"{""fcr"": 6.5, ""overlay"": false, ""zcol"": ""z""}",2013-07-01,2024-09-30,2834,-0.033494,0.709242,17.064605
2026-10-04T03:38:28+00:00,8a2d559b89866ef6644274d83702b364c0ef310f,ef37283b9a3362b5c1749b3cff858a51d9ad511936955b1a650703ca0c80fb51,overlay,C,fcr_6.5,"{""fcr"": 6.5, ""overlay"": true, ""zcol"": ""z""}",2013-07-01,2024-09-30,2834,-0.154612,0.538349,18.450596
2026-10-04T03:38:28+00:00,8a2d559b89866ef6644274d83702b364c0ef310f,ef37283b9a3362b5c1749b3cff858a51d9ad511936955b1a650703ca0c80fb51,trial,A,seasonal_adjust,"{""overlay"": false, ""zcol"": ""z_sa""}",2018-07-02,2024-09-30,1575,0.080522,-0.084256,12.193208
2026-10-04T03:38:29+00:00,8a2d559b89866ef6644274d83702b364c0ef310f,ef37283b9a3362b5c1749b3cff858a51d9ad511936955b1a650703ca0c80fb51,overlay,A,seasonal_adjust,"{""overlay"": true, ""zcol"": ""z_sa""}",2018-07-02,2024-09-30,1575,0.080522,-0.084256,12.193208
2026-10-04T03:38:29+00:00,8a2d559b89866ef6644274d83702b364c0ef310f,ef37283b9a3362b5c1749b3cff858a51d9ad511936955b1a650703ca0c80fb51,trial,B,seasonal_adjust,"{""overlay"": false, ""zcol"": ""z_sa""}",2018-07-02,2024-09-30,1575,0.214772,0.186464,12.252751
2026-10-04T03:38:30+00:00,8a2d559b89866ef6644274d83702b364c0ef310f,ef37283b9a3362b5c1749b3cff858a51d9ad511936955b1a650703ca0c80fb51,overlay,B,seasonal_adjust,"{""overlay"": true, ""zcol"": ""z_sa""}",2018-07-02,2024-09-30,1575,0.214772,0.186464,12.252751
2026-10-04T03:38:30+00:00,8a2d559b89866ef6644274d83702b364c0ef310f,ef37283b9a3362b5c1749b3cff858a51d9ad511936955b1a650703ca0c80fb51,trial,C,seasonal_adjust,"{""overlay"": false, ""zcol"": ""z_sa""}",2018-08-01,2024-09-30,1554,0.003247,-0.366224,18.840126
2026-10-04T03:38:30+00:00,8a2d559b89866ef6644274d83702b364c0ef310f,ef37283b9a3362b5c1749b3cff858a51d9ad511936955b1a650703ca0c80fb51,overlay,C,seasonal_adjust,"{""overlay"": true, ""zcol"": ""z_sa""}",2018-08-01,2024-09-30,1554,0.003247,-0.366224,18.840126
2026-10-04T03:38:41+00:00,8a2d559b89866ef6644274d83702b364c0ef310f,ef37283b9a3362b5c1749b3cff858a51d9ad511936955b1a650703ca0c80fb51,trial,H2,primary,"{""hedge"": ""sector ETFs"", ""signal"": ""1-month LE return / 36m sd"", ""spec"": ""primary""}",2013-08-01,2024-09-30,2810,-0.288185,-0.779569,50.709196
2026-10-04T03:38:45+00:00,8a2d559b89866ef6644274d83702b364c0ef310f,ef37283b9a3362b5c1749b3cff858a51d9ad511936955b1a650703ca0c80fb51,diagnostic,A,factor_long_only_le,"{""factor"": ""long_only_le"", ""w"": 1}",2010-07-01,2024-09-30,3590,0.234930,-0.151407,5.644053
