date,H1 A net,H1 A gross,H1 A net2x,H1 B net,H1 C net,H2 net,H2 gross,H2 net2x
2013,-0.06964228622789534,-0.06768779950800088,-0.0715967729477898,-0.06064416346422958,-0.04176809103439069,0.001612109789208096,0.0019831230790936776,0.0012410964993225123
2014,0.0525491995341615,0.053965572426378706,0.05113282664194429,0.005761536410521849,0.0642328654781355,-0.017185374668709355,-0.012417646992000445,-0.021953102345418272
2015,-0.02299650143834674,-0.021810898751891416,-0.024182104124802064,-0.08028016458369837,-0.013928547941422984,-0.05048275331066106,-0.043538434483482144,-0.05742707213783995
2016,-0.0058002320539392626,-0.004950835313855448,-0.006649628794023074,-0.007978418759404311,-0.00703047770657995,0.001538781174324685,0.005691006346763226,-0.0026134439981138386
2017,0.014407705376434876,0.01507232975603482,0.013743080996834939,-0.06005709369251094,0.0009509204484747256,0.024288215163577452,0.028374847358164954,0.020201582968989933
2018,-0.04317892509456053,-0.04147034939299368,-0.04488750079612738,-0.07138531588728851,-0.05683947372866518,0.045457347372945885,0.048716018069643076,0.04219867667624868
2019,-0.08089965285843445,-0.07948241852328056,-0.08231688719358835,-0.07371118510021603,-0.0698772164018448,-0.09078484384765217,-0.08768070133025048,-0.09388898636505386
2020,-0.005301384524554549,-0.004062076898122212,-0.006540692150986892,0.06865670179736882,0.02700871449311385,-0.1092518465118643,-0.10657716045909128,-0.11192653256463728
2021,0.01921361716946479,0.020435557096195992,0.01799167724273359,0.039651789568648114,0.012346967690628588,-0.01537192782405814,-0.013234078352481839,-0.017509777295634445
2022,-0.04920016761974227,-0.047000676724128776,-0.05139965851535576,-0.015040058050929974,-0.013420384890408607,0.006160914995580761,0.007682260560922097,0.0046395694302394245
2023,0.13967237137847457,0.14174099652144545,0.1376037462355037,0.004499231582972727,0.1010939016129261,0.0756280085329241,0.07798036344817136,0.07327565361767685
2024,-0.009539521720951271,-0.008759449150982382,-0.010319594290920168,0.031996032329796434,-0.022791135452952332,-0.07726194091048341,-0.0727634856364426,-0.08176039618452424
