date,gross,net,net2x
2013,0.0019831230790936776,0.001612109789208096,0.0012410964993225123
2014,-0.012417646992000445,-0.017185374668709355,-0.021953102345418272
2015,-0.043538434483482144,-0.05048275331066106,-0.05742707213783995
2016,0.005691006346763226,0.001538781174324685,-0.0026134439981138386
2017,0.028374847358164954,0.024288215163577452,0.020201582968989933
2018,0.048716018069643076,0.045457347372945885,0.04219867667624868
2019,-0.08768070133025048,-0.09078484384765217,-0.09388898636505386
2020,-0.10657716045909128,-0.1092518465118643,-0.11192653256463728
2021,-0.013234078352481839,-0.01537192782405814,-0.017509777295634445
2022,0.007682260560922097,0.006160914995580761,0.0046395694302394245
2023,0.07798036344817136,0.0756280085329241,0.07327565361767685
2024,-0.0727634856364426,-0.07726194091048341,-0.08176039618452424
