hypothesis,spec,role,returns,start,end,n_days,n_months,ann_return,ann_vol,sharpe,max_drawdown,mean_monthly,nw_t_monthly,worst_month,worst_month_label,skew_daily,kurt_daily,avg_gross_leverage,max_gross_leverage,turnover
H1,Variant A,PRIMARY (H1),net,2024-10-01,2026-10-02,504,25.0,0.03879993246967019,0.0612840999298093,0.6331158084088536,0.054466625142137515,0.0031039945975736144,0.9660250370229777,-0.029361222725267935,2026-05,-0.5004812574687985,5.820499634658856,0.4009384988491119,1.0671770164979943,
H1,Variant A,PRIMARY (H1),gross,2024-10-01,2026-10-02,504,25.0,0.039716297254130215,0.06128991788627176,0.6480070234035379,0.05414593247790711,0.0031773037803304177,0.9892361226944054,-0.029214134377179943,2026-05,-0.501741774170273,5.821589378113156,0.4009384988491119,1.0671770164979943,
H1,Variant A,PRIMARY (H1),net2x,2024-10-01,2026-10-02,504,25.0,0.037883567685210146,0.0612800404261666,0.6182040256787078,0.05478811511121506,0.0030306854148168107,0.9428253393326066,-0.029508311073355928,2026-05,-0.4991849027304664,5.818865567880484,0.4009384988491119,1.0671770164979943,
H1,Variant A + overlay,secondary (pre-registered),net,2024-10-01,2026-10-02,504,25.0,0.013184761155141812,0.04168571741380532,0.3162896544219084,0.05706618861974744,0.0010547808924113446,0.5369844764623627,-0.029361222725267935,2026-05,-0.2966040708431838,6.290437873321598,0.2537668423189,0.6119762406916222,
H1,Variant A + overlay,secondary (pre-registered),gross,2024-10-01,2026-10-02,504,25.0,0.013756777595133005,0.041684811239739425,0.330018949012734,0.05676320527800438,0.0011005422076106404,0.561514194804927,-0.029214134377179943,2026-05,-0.29822497918753366,6.2923543891002245,0.2537668423189,0.6119762406916222,
H1,Variant A + overlay,secondary (pre-registered),net2x,2024-10-01,2026-10-02,504,25.0,0.012612744715150613,0.041687672241454886,0.30255334579723303,0.05736957167930046,0.0010090195772120484,0.5125572648724673,-0.029508311073355928,2026-05,-0.29499799867426346,6.287999316644038,0.2537668423189,0.6119762406916222,
H1,Variant B,secondary (pre-registered),net,2024-10-01,2026-10-02,504,25.0,0.08032918732095437,0.09307702090756964,0.8630399483963445,0.06543142686162806,0.006426334985676351,1.4015134108627112,-0.018479093062230487,2025-09,0.2729035974276391,10.127374485374322,2.1773255557424003,6.0786305263809695,
H1,Variant B,secondary (pre-registered),gross,2024-10-01,2026-10-02,504,25.0,0.08535723414238341,0.09295851632805806,0.9182293082341256,0.06435960153539144,0.006828578731390671,1.4754517539698335,-0.01800794464881984,2025-09,0.27866991488473475,10.163286786002468,2.1773255557424003,6.0786305263809695,
H1,Variant B,secondary (pre-registered),net2x,2024-10-01,2026-10-02,504,25.0,0.07530114049952537,0.09322464818388246,0.8077385323138621,0.06651205217708911,0.006024091239962028,1.3261593149021107,-0.018950241475641134,2025-09,0.2655766999663918,10.085591238580642,2.1773255557424003,6.0786305263809695,
H1,Variant B + overlay,secondary (pre-registered),net,2024-10-01,2026-10-02,504,25.0,0.040164593660477185,0.04653851045378482,0.8630399483963445,0.035141434881900135,0.0032131674928381755,1.4015134108627112,-0.009239546531115243,2025-09,0.2729035974276391,10.127374485374322,1.0886627778712001,3.0393152631904847,
H1,Variant B + overlay,secondary (pre-registered),gross,2024-10-01,2026-10-02,504,25.0,0.04267861707119171,0.04647925816402903,0.9182293082341256,0.03463106304083896,0.0034142893656953356,1.4754517539698335,-0.00900397232440992,2025-09,0.27866991488473475,10.163286786002468,1.0886627778712001,3.0393152631904847,
H1,Variant B + overlay,secondary (pre-registered),net2x,2024-10-01,2026-10-02,504,25.0,0.037650570249762684,0.04661232409194123,0.8077385323138621,0.03565405294863955,0.003012045619981014,1.3261593149021107,-0.009475120737820567,2025-09,0.2655766999663918,10.085591238580642,1.0886627778712001,3.0393152631904847,
H1,Variant C,secondary (pre-registered),net,2024-10-01,2026-10-02,504,25.0,0.021407946544301427,0.05025165017905172,0.42601479688771904,0.05629191510426035,0.0017126357235441145,0.8044946694807211,-0.029361222725267935,2026-05,0.0067646476485260535,7.218602434372045,0.26382703302488003,0.8090288002511298,
H1,Variant C,secondary (pre-registered),gross,2024-10-01,2026-10-02,504,25.0,0.022013836574861646,0.050250055802601924,0.43808581350315196,0.05598903220174123,0.0017611069259889326,0.8267135344085893,-0.029214134377179943,2026-05,0.0061872874079674746,7.22130972599161,0.26382703302488003,0.8090288002511298,
H1,Variant C,secondary (pre-registered),net2x,2024-10-01,2026-10-02,504,25.0,0.0208020565137412,0.05025447495148106,0.41393441148922283,0.05659524107147629,0.0016641645210992962,0.7822171866925969,-0.029508311073355928,2026-05,0.007320224531216817,7.21537163376707,0.26382703302488003,0.8090288002511298,
H1,Variant C + overlay,secondary (pre-registered),net,2024-10-01,2026-10-02,504,25.0,0.010703973272150714,0.02512582508952586,0.42601479688771904,0.02933416681860057,0.0008563178617720572,0.8044946694807211,-0.014680611362633968,2026-05,0.0067646476485260535,7.218602434372045,0.13191351651244002,0.4045144001255649,
H1,Variant C + overlay,secondary (pre-registered),gross,2024-10-01,2026-10-02,504,25.0,0.011006918287430823,0.025125027901300962,0.43808581350315196,0.029186540284642182,0.0008805534629944663,0.8267135344085893,-0.014607067188589971,2026-05,0.0061872874079674746,7.22130972599161,0.13191351651244002,0.4045144001255649,
H1,Variant C + overlay,secondary (pre-registered),net2x,2024-10-01,2026-10-02,504,25.0,0.0104010282568706,0.02512723747574053,0.41393441148922283,0.02948190584735977,0.0008320822605496481,0.7822171866925969,-0.014754155536677964,2026-05,0.007320224531216817,7.21537163376707,0.13191351651244002,0.4045144001255649,
H2,primary,PRIMARY (H2),net,2024-10-01,2026-10-02,503,,-0.010347744243201007,0.06732570110284525,-0.15369679147334872,0.07566456244156505,-0.0008261770403698579,-0.26733569403617297,-0.04243788004346116,2026-09,,,,,
H2,primary,PRIMARY (H2),gross,2024-10-01,2026-10-02,503,,-0.00509998700279215,0.06740614617541245,-0.07566056349698952,0.07176031808953498,-0.0004071894384768972,-0.13106085539290468,-0.042262097066757015,2026-09,,,,,
H2,primary,PRIMARY (H2),net2x,2024-10-01,2026-10-02,503,,-0.015595501483609846,0.06727126258012497,-0.23183006956402027,0.07961945533005421,-0.0012451646422628187,-0.4049207956528957,-0.04261366302016532,2026-09,,,,,
