variant,spec,overlay,returns,window,start,end,n_days,ann_return,ann_vol,sharpe,max_drawdown,mean_monthly,nw_t_monthly
A,primary,no_overlay,net,full,2013-07-01,2024-09-30,2834,-0.005398862412184882,0.06422749476877435,-0.08405843060859447,0.25532668878985476,-0.000449746504295472,-0.3356245520846015
A,primary,no_overlay,net,common,2014-07-01,2024-09-30,2582,-0.0022173028178122415,0.06272214844623387,-0.035351193681015865,0.24609387727411758,-0.00018470369968999985,-0.14262887526605894
A,primary,no_overlay,net,seasonal_window,2018-07-02,2024-09-30,1575,-0.001968091301277637,0.06585243255788359,-0.029886387257565702,0.2159550572464346,-0.00016400760843980286,-0.08137789628898225
A,primary,no_overlay,net2x,full,2013-07-01,2024-09-30,2834,-0.0068843401339228625,0.06420601243299558,-0.1072226707912636,0.2677410753555508,-0.0005734926496042737,-0.4264318074670682
A,primary,no_overlay,net2x,common,2014-07-01,2024-09-30,2582,-0.003559242794811813,0.06271149879290772,-0.05675582410437209,0.25730199553596655,-0.0002964887371339567,-0.22873029625271168
A,primary,no_overlay,net2x,seasonal_window,2018-07-02,2024-09-30,1575,-0.003518680130082985,0.06582759853028541,-0.05345296211078004,0.22327015764974834,-0.0002932233441735826,-0.14536131734861413
A,primary,no_overlay,gross,full,2013-07-01,2024-09-30,2834,-0.003913384690446893,0.06425529378776322,-0.06090369306181833,0.24358623992460104,-0.00032600035898666977,-0.2441345824682802
A,primary,no_overlay,gross,common,2014-07-01,2024-09-30,2582,-0.0008753628408126723,0.06273731220768339,-0.013952826635525955,0.23547259059603942,-7.29186622460424e-05,-0.056357785269209246
A,primary,no_overlay,gross,seasonal_window,2018-07-02,2024-09-30,1575,-0.0004175024724722687,0.06588278912753712,-0.006337049144414026,0.20864986054351697,-3.479187270602252e-05,-0.017277808163154783
A,primary,overlay,net,full,2013-07-01,2024-09-30,2834,-0.00922733325541353,0.05035447791997751,-0.18324752110581813,0.2064627979599919,-0.0007686732053451486,-0.7610367900534273
A,primary,overlay,net,common,2014-07-01,2024-09-30,2582,-0.0064194276705271894,0.0467906754890952,-0.13719459279922705,0.19899694271543789,-0.0005347452008420837,-0.6181914579256357
A,primary,overlay,net,seasonal_window,2018-07-02,2024-09-30,1575,-0.008856908043950644,0.038413188953560745,-0.23056945505508847,0.16761109584823175,-0.0007380756703292199,-0.591324246053422
A,primary,overlay,net2x,full,2013-07-01,2024-09-30,2834,-0.010374219466960957,0.05033971592446118,-0.2060841877321738,0.21576607988396523,-0.000864213344190692,-0.849806018900486
A,primary,overlay,net2x,common,2014-07-01,2024-09-30,2582,-0.007389730025574771,0.046791285262785406,-0.15792962266527139,0.20735347704640494,-0.0006155724263141723,-0.7095380068616464
A,primary,overlay,net2x,seasonal_window,2018-07-02,2024-09-30,1575,-0.009798247133149628,0.038400361617295875,-0.25516028288484677,0.1719846018852198,-0.0008165205944291357,-0.6519872949517093
A,primary,overlay,gross,full,2013-07-01,2024-09-30,2834,-0.008080447043866101,0.0503748034058142,-0.16040652265718752,0.19784858347945578,-0.000673133066499604,-0.6709554574194254
A,primary,overlay,gross,common,2014-07-01,2024-09-30,2582,-0.005449125315479609,0.046793157837302014,-0.11645132680350417,0.19125841637066587,-0.0004539179753699948,-0.5262656478048471
A,primary,overlay,gross,seasonal_window,2018-07-02,2024-09-30,1575,-0.00791556895475165,0.038429591987115895,-0.2059758781047029,0.16324351097309864,-0.0006596307462293043,-0.5302256467798138
B,primary,no_overlay,net,full,2013-07-01,2024-09-30,2838,-0.01940445355107131,0.0702199860709794,-0.2763380432952095,0.38113623550008746,-0.0016187489470294058,-1.336126598738801
B,primary,no_overlay,net,common,2014-07-01,2024-09-30,2585,-0.016610517287142492,0.06910395401246046,-0.24036999799095973,0.3584437514741944,-0.0013852815584999149,-1.1076731078752344
B,primary,no_overlay,net,seasonal_window,2018-07-02,2024-09-30,1575,0.0025737703421210333,0.07215362071518505,0.03567070254562253,0.15328230539333365,0.0002144808618434192,0.1364731886204271
B,primary,no_overlay,net2x,full,2013-07-01,2024-09-30,2838,-0.02512838365510223,0.07019788721137254,-0.3579649566864921,0.41550705384845976,-0.0020962478781064125,-1.7135122185135723
B,primary,no_overlay,net2x,common,2014-07-01,2024-09-30,2585,-0.022094041914813317,0.06909782775287729,-0.3197501662980036,0.38347453414396004,-0.00184259576557596,-1.4653333995012015
B,primary,no_overlay,net2x,seasonal_window,2018-07-02,2024-09-30,1575,-0.0033289801946118367,0.07219133999695063,-0.04611328997013289,0.16011690635113607,-0.00027741501621765345,-0.1755809301216731
B,primary,no_overlay,gross,full,2013-07-01,2024-09-30,2838,-0.013680523447040387,0.07030313728043452,-0.19459335637426384,0.34683279135535783,-0.001141250015952399,-0.9504710554858201
B,primary,no_overlay,gross,common,2014-07-01,2024-09-30,2585,-0.011126992659471664,0.06916711760450397,-0.1608711342157636,0.3334814124893022,-0.0009279673514238696,-0.7455018680341545
B,primary,no_overlay,gross,seasonal_window,2018-07-02,2024-09-30,1575,0.008476520878853899,0.07217411459190132,0.11744544324212679,0.14749161783733333,0.0007063767399044917,0.4516443921294092
B,primary,overlay,net,full,2013-07-01,2024-09-30,2838,-0.015764633569238375,0.04720248491494646,-0.33397889110381507,0.26605736320199636,-0.0013151096434302915,-1.6238879766589644
B,primary,overlay,net,common,2014-07-01,2024-09-30,2585,-0.012614459604959955,0.04251895254277603,-0.296678512770728,0.2476219382845085,-0.0010520189082082042,-1.378711718180866
B,primary,overlay,net,seasonal_window,2018-07-02,2024-09-30,1575,0.0012868851710605166,0.036076810357592526,0.03567070254562253,0.07741537300928547,0.0001072404309217096,0.1364731886204271
B,primary,overlay,net2x,full,2013-07-01,2024-09-30,2838,-0.019337482425005346,0.047167908531580274,-0.4099711652904505,0.2907057306881341,-0.001613162114114203,-1.947542473517716
B,primary,overlay,net2x,common,2014-07-01,2024-09-30,2585,-0.01573637162815376,0.04250606922673158,-0.3702146990871915,0.26324323349301104,-0.0013123796831454862,-1.6978161935177316
B,primary,overlay,net2x,seasonal_window,2018-07-02,2024-09-30,1575,-0.0016644900973059183,0.03609566999847531,-0.04611328997013289,0.08082074993206456,-0.00013870750810882673,-0.1755809301216731
B,primary,overlay,gross,full,2013-07-01,2024-09-30,2838,-0.01219178471347141,0.04727702109484928,-0.25787971473523486,0.24145731182266827,-0.0010170571727463806,-1.2835895314920405
B,primary,overlay,gross,common,2014-07-01,2024-09-30,2585,-0.009492547581766155,0.04256240310776631,-0.22302658892946914,0.23204335764153416,-0.0007916581332709225,-1.0505357609505288
B,primary,overlay,gross,seasonal_window,2018-07-02,2024-09-30,1575,0.0042382604394269495,0.03608705729595066,0.11744544324212679,0.07457794785591532,0.00035318836995224586,0.4516443921294092
C,primary,no_overlay,net,full,2013-07-01,2024-09-30,2834,-0.0017803575416769283,0.04844908892152232,-0.036746976698792955,0.2029217836596967,-0.0001483107957998947,-0.14466717743133023
C,primary,no_overlay,net,common,2014-07-01,2024-09-30,2582,-0.0034458111430247765,0.0459715533304895,-0.07495529068275854,0.20588757331718932,-0.0002870397590427789,-0.29488635540943425
C,primary,no_overlay,net,seasonal_window,2018-07-02,2024-09-30,1575,-0.0008355492733099757,0.048259003604808115,-0.01731385256422345,0.1440565875217763,-6.962910610916527e-05,-0.04634537068942912
C,primary,no_overlay,net2x,full,2013-07-01,2024-09-30,2834,-0.0027937761318311185,0.048408632668493885,-0.05771235372341782,0.20961121583662534,-0.0002327325560731744,-0.22664865987182106
C,primary,no_overlay,net2x,common,2014-07-01,2024-09-30,2582,-0.004292889209644757,0.045947349353209,-0.09343061721894384,0.2121328328533294,-0.00035760226930257985,-0.36793060738732825
C,primary,no_overlay,net2x,seasonal_window,2018-07-02,2024-09-30,1575,-0.0018029078720691381,0.04822992971951914,-0.03738151563881469,0.14874964254820622,-0.00015024232267242814,-0.10017677089151572
C,primary,no_overlay,gross,full,2013-07-01,2024-09-30,2834,-0.0007669389515227338,0.04849503588562645,-0.01581479294770557,0.1962811485951398,-6.388903552661439e-05,-0.062406948812593455
C,primary,no_overlay,gross,common,2014-07-01,2024-09-30,2582,-0.002598733076404792,0.04599908468348163,-0.05649532146751614,0.19965622899542979,-0.0002164772487829779,-0.22203603523019058
C,primary,no_overlay,gross,seasonal_window,2018-07-02,2024-09-30,1575,0.00013180932544918034,0.04829217914184634,0.0027294134949268503,0.1393646124747755,1.0984110454098303e-05,0.007297612399218244
C,primary,overlay,net,full,2013-07-01,2024-09-30,2834,-0.005825878302628069,0.039143269396330525,-0.14883473947054138,0.18253231978583018,-0.00048531860992498383,-0.5904465531138949
C,primary,overlay,net,common,2014-07-01,2024-09-30,2582,-0.007886169716431256,0.034908651743758796,-0.2259087453253247,0.18520010860778713,-0.0006569263843020231,-0.9416385126324348
C,primary,overlay,net,seasonal_window,2018-07-02,2024-09-30,1575,-0.008114918058411904,0.02935613268537241,-0.27643007835481725,0.12253790622110983,-0.0006762431715343254,-0.6658354675755821
C,primary,overlay,net2x,full,2013-07-01,2024-09-30,2834,-0.006634817557719511,0.03910621672172363,-0.1696614531886908,0.18755301301602034,-0.0005527064361721663,-0.668649462354214
C,primary,overlay,net2x,common,2014-07-01,2024-09-30,2582,-0.008508811518307695,0.03489293680317797,-0.24385483991512957,0.18980927047470464,-0.0007087931133136685,-1.0126634308537923
C,primary,overlay,net2x,seasonal_window,2018-07-02,2024-09-30,1575,-0.008714343682207363,0.029339743221439507,-0.297014994863333,0.12555235415785526,-0.0007261953068506137,-0.7124965994550436
C,primary,overlay,gross,full,2013-07-01,2024-09-30,2834,-0.005016939047536623,0.03918545571860018,-0.12803064186785074,0.17754825078999292,-0.0004179307836778011,-0.5112149303491617
C,primary,overlay,gross,common,2014-07-01,2024-09-30,2582,-0.007263527914554818,0.03492669515525147,-0.2079649357681268,0.1806012165263159,-0.0006050596552903774,-0.8700529906910067
C,primary,overlay,gross,seasonal_window,2018-07-02,2024-09-30,1575,-0.00751549243461645,0.029375266600206427,-0.2558442289869681,0.11952415197786326,-0.0006262910362180372,-0.6187891525128452
A,z_lookback_24,no_overlay,net,full,2012-07-02,2024-09-30,3086,0.001857760288666443,0.06342215000546636,0.029291979040545344,0.2198349048074777,0.00015476320728929487,0.11653788861472411
A,z_lookback_24,no_overlay,net,common,2014-07-01,2024-09-30,2582,0.003592420519226186,0.06233798382010207,0.057628115301151944,0.21694826785306653,0.00029925247711453187,0.22589226816314673
A,z_lookback_24,no_overlay,net2x,full,2012-07-02,2024-09-30,3086,0.0003435841544566254,0.06339470567709223,0.005419761016112424,0.2300795535731417,2.8622737842920915e-05,0.021487670116161487
A,z_lookback_24,no_overlay,net2x,common,2014-07-01,2024-09-30,2582,0.00222321487121263,0.062321293839374806,0.035673438952385735,0.22607517470647187,0.00018519618007068714,0.1396430631104138
A,z_lookback_24,no_overlay,gross,full,2012-07-02,2024-09-30,3086,0.00337193642287625,0.06345608183787858,0.05313811261607795,0.2097449542443629,0.0002809036767356684,0.21214986221577506
A,z_lookback_24,no_overlay,gross,common,2014-07-01,2024-09-30,2582,0.004961626167239746,0.06235930759217114,0.07956512602238468,0.2078812487806394,0.00041330877415837644,0.31230882052474074
A,z_lookback_24,overlay,net,full,2012-07-02,2024-09-30,3086,-0.003049861828925864,0.052121310145172246,-0.058514680855702925,0.18278841581858873,-0.00025407282161929673,-0.24390692221888144
A,z_lookback_24,overlay,net,common,2014-07-01,2024-09-30,2582,-0.002273157271203657,0.048222079636931314,-0.047139345468268416,0.1803882337528595,-0.00018935643548354097,-0.21317226856813054
A,z_lookback_24,overlay,net2x,full,2012-07-02,2024-09-30,3086,-0.004268223696773852,0.05209797504591846,-0.0819268636259259,0.1900238901879142,-0.00035557008768610565,-0.33958001255696724
A,z_lookback_24,overlay,net2x,common,2014-07-01,2024-09-30,2582,-0.003288806441295988,0.048213542227156535,-0.06821333362732163,0.18671665302488238,-0.00027396109922010086,-0.30742116872545217
A,z_lookback_24,overlay,gross,full,2012-07-02,2024-09-30,3086,-0.0018314999610778847,0.05215048420979244,-0.035119519767258064,0.17566219994168486,-0.00015257555555248765,-0.14721722032566234
A,z_lookback_24,overlay,gross,common,2014-07-01,2024-09-30,2582,-0.0012575081011113227,0.04823394114488429,-0.026071021178510824,0.17410133950058182,-0.00010475177174698141,-0.11830219556105738
B,z_lookback_24,no_overlay,net,full,2012-07-02,2024-09-30,3090,-0.017693934066587064,0.0690051784852636,-0.2564145830064869,0.4118598651779002,-0.0014759274448157334,-1.2238396090986465
B,z_lookback_24,no_overlay,net,common,2014-07-01,2024-09-30,2585,-0.014056583585737139,0.06932214050618928,-0.20277192081918083,0.3632940227036524,-0.0011722889588698707,-0.8681535357009461
B,z_lookback_24,no_overlay,net2x,full,2012-07-02,2024-09-30,3090,-0.02344601406743377,0.06898056287509509,-0.3398930523354541,0.45238678426927437,-0.001955733275790151,-1.605394053661145
B,z_lookback_24,no_overlay,net2x,common,2014-07-01,2024-09-30,2585,-0.01973907633814855,0.06930612639495033,-0.28480997806258507,0.3906288210994723,-0.0016461966813173965,-1.2096319341079589
B,z_lookback_24,no_overlay,gross,full,2012-07-02,2024-09-30,3090,-0.011941854065740358,0.06909218664568034,-0.17283942867492041,0.3714440032180598,-0.0009961216138413159,-0.8338784397485274
B,z_lookback_24,no_overlay,gross,common,2014-07-01,2024-09-30,2585,-0.008374090833325723,0.0693978245376446,-0.12066791558838028,0.3360323841335935,-0.0006983812364223451,-0.5209542200050428
B,z_lookback_24,overlay,net,full,2012-07-02,2024-09-30,3090,-0.015413968405160718,0.04774905907724281,-0.32281198212148676,0.29144842802600723,-0.0012857456638577533,-1.605765530098897
B,z_lookback_24,overlay,net,common,2014-07-01,2024-09-30,2585,-0.011331208771885138,0.04288027814290196,-0.26425222182848207,0.24714003637715565,-0.0009449985377249676,-1.1673282029713303
B,z_lookback_24,overlay,net2x,full,2012-07-02,2024-09-30,3090,-0.019094376485318733,0.04771969111702392,-0.40013621292085116,0.3209014574267124,-0.001592744394224028,-1.9482730083740403
B,z_lookback_24,overlay,net2x,common,2014-07-01,2024-09-30,2585,-0.014537312265136767,0.04286163632974406,-0.3391683918294207,0.26379655897054444,-0.0012123807009091032,-1.4773207647365914
B,z_lookback_24,overlay,gross,full,2012-07-02,2024-09-30,3090,-0.011733560325002695,0.04782004592139047,-0.24536907271672312,0.2620761096448798,-0.0009787469334914785,-1.2472435465092535
B,z_lookback_24,overlay,gross,common,2014-07-01,2024-09-30,2585,-0.00812510527863351,0.04293063851530918,-0.18926122600613257,0.2305280938927209,-0.0006776163745408319,-0.8482597065226893
C,z_lookback_24,no_overlay,net,full,2012-07-02,2024-09-30,3086,0.0030351207167944733,0.0504866854490393,0.06011725051465481,0.1806670755646005,0.00025284479354356333,0.22720824149802857
C,z_lookback_24,no_overlay,net,common,2014-07-01,2024-09-30,2582,0.00010996040955907253,0.047374006693307644,0.0023211127205461017,0.18692182163596593,9.159819895519924e-06,0.008473547126866834
C,z_lookback_24,no_overlay,net2x,full,2012-07-02,2024-09-30,3086,0.0019522393413467962,0.05044628978926131,0.0386993642050238,0.1877114082216449,0.0001626339112243878,0.14606105936744337
C,z_lookback_24,no_overlay,net2x,common,2014-07-01,2024-09-30,2582,-0.0007672826076372117,0.04734733414317388,-0.016205402511512503,0.1934473556387637,-6.391546305714574e-05,-0.05923301656874213
C,z_lookback_24,no_overlay,gross,full,2012-07-02,2024-09-30,3086,0.004118002092242152,0.050532610482013726,0.08149197227220013,0.17369661532956737,0.0003430556758627385,0.3083998455835769
C,z_lookback_24,no_overlay,gross,common,2014-07-01,2024-09-30,2582,0.0009872034267553633,0.04740386164996343,0.020825379882445188,0.18041387325949976,8.223510284818494e-05,0.07593222840404666
C,z_lookback_24,overlay,net,full,2012-07-02,2024-09-30,3086,-0.0020746057656472134,0.04297247606366731,-0.0482775477627473,0.16696256989819847,-0.0001728278099769815,-0.18528475274065134
C,z_lookback_24,overlay,net,common,2014-07-01,2024-09-30,2582,-0.0059971720167829295,0.03747964749524272,-0.1600114306716505,0.17274286204535505,-0.0004995708526046433,-0.6315257681641928
C,z_lookback_24,overlay,net2x,full,2012-07-02,2024-09-30,3086,-0.0029803766428165394,0.042936231801711564,-0.06941402442069296,0.17240551577091634,-0.00024828426519090367,-0.2654111894612085
C,z_lookback_24,overlay,net2x,common,2014-07-01,2024-09-30,2582,-0.006662733005440486,0.03746151917160376,-0.1778553874155459,0.17767375696228538,-0.0005550127958461526,-0.700207469599526
C,z_lookback_24,overlay,gross,full,2012-07-02,2024-09-30,3086,-0.0011688348884778875,0.04301404582432047,-0.0271733306197628,0.1615767030440436,-9.737135476305903e-05,-0.10467082048256975
C,z_lookback_24,overlay,gross,common,2014-07-01,2024-09-30,2582,-0.0053316110281253675,0.03750018413809824,-0.142175595951507,0.16782525537049842,-0.00044412890936313385,-0.5625242711156472
A,z_lookback_48,no_overlay,net,full,2014-07-01,2024-09-30,2582,-0.0011432627062521916,0.064388953320209,-0.017755572148637017,0.2284435137796318,-9.523500798629348e-05,-0.07390279967010353
A,z_lookback_48,no_overlay,net,common,2014-07-01,2024-09-30,2582,-0.0011432627062521916,0.064388953320209,-0.017755572148637017,0.2284435137796318,-9.523500798629348e-05,-0.07390279967010353
A,z_lookback_48,no_overlay,net2x,full,2014-07-01,2024-09-30,2582,-0.002509183889172077,0.0643849228219756,-0.03897160669292055,0.23908634681496777,-0.00020901770556982542,-0.16193696954354997
A,z_lookback_48,no_overlay,net2x,common,2014-07-01,2024-09-30,2582,-0.002509183889172077,0.0643849228219756,-0.03897160669292055,0.23908634681496777,-0.00020901770556982542,-0.16193696954354997
A,z_lookback_48,no_overlay,gross,full,2014-07-01,2024-09-30,2582,0.00022265847666769954,0.06439745143943622,0.0034575665913906995,0.2178298759154479,1.8547689597238305e-05,0.014415362969494803
A,z_lookback_48,no_overlay,gross,common,2014-07-01,2024-09-30,2582,0.00022265847666769954,0.06439745143943622,0.0034575665913906995,0.2178298759154479,1.8547689597238305e-05,0.014415362969494803
A,z_lookback_48,overlay,net,full,2014-07-01,2024-09-30,2582,-0.007036651677789366,0.05229557968682498,-0.13455538154331115,0.2028889513062826,-0.0005861606217593283,-0.6289587180021651
A,z_lookback_48,overlay,net,common,2014-07-01,2024-09-30,2582,-0.007036651677789366,0.05229557968682498,-0.13455538154331115,0.2028889513062826,-0.0005861606217593283,-0.6289587180021651
A,z_lookback_48,overlay,net2x,full,2014-07-01,2024-09-30,2582,-0.00806569565009186,0.052303233419740476,-0.15421026813703026,0.21101190706769568,-0.0006718810868672469,-0.7183030148989227
A,z_lookback_48,overlay,net2x,common,2014-07-01,2024-09-30,2582,-0.00806569565009186,0.052303233419740476,-0.15421026813703026,0.21101190706769568,-0.0006718810868672469,-0.7183030148989227
A,z_lookback_48,overlay,gross,full,2014-07-01,2024-09-30,2582,-0.006007607705486866,0.05229105194331863,-0.11488787244132836,0.1947882782475041,-0.0005004401566514095,-0.5389209542623363
A,z_lookback_48,overlay,gross,common,2014-07-01,2024-09-30,2582,-0.006007607705486866,0.05229105194331863,-0.11488787244132836,0.1947882782475041,-0.0005004401566514095,-0.5389209542623363
B,z_lookback_48,no_overlay,net,full,2014-07-01,2024-09-30,2585,-0.018607424847627712,0.07030500588375557,-0.2646671401805128,0.36801118777751174,-0.0015518193712452462,-1.23759068012286
B,z_lookback_48,no_overlay,net,common,2014-07-01,2024-09-30,2585,-0.018607424847627712,0.07030500588375557,-0.2646671401805128,0.36801118777751174,-0.0015518193712452462,-1.23759068012286
B,z_lookback_48,no_overlay,net2x,full,2014-07-01,2024-09-30,2585,-0.024226793424582643,0.07030446571551052,-0.34459821546211894,0.39365218592293416,-0.0020204626726850606,-1.6015994269370273
B,z_lookback_48,no_overlay,net2x,common,2014-07-01,2024-09-30,2585,-0.024226793424582643,0.07030446571551052,-0.34459821546211894,0.39365218592293416,-0.0020204626726850606,-1.6015994269370273
B,z_lookback_48,no_overlay,gross,full,2014-07-01,2024-09-30,2585,-0.012988056270672782,0.07036409544300577,-0.1845835747464839,0.3424310290273419,-0.001083176069805432,-0.868505579814921
B,z_lookback_48,no_overlay,gross,common,2014-07-01,2024-09-30,2585,-0.012988056270672782,0.07036409544300577,-0.1845835747464839,0.3424310290273419,-0.001083176069805432,-0.868505579814921
B,z_lookback_48,overlay,net,full,2014-07-01,2024-09-30,2585,-0.014155186516274806,0.043589411053528634,-0.3247391092045719,0.2597221276750785,-0.0011805122320483407,-1.5166493613075203
B,z_lookback_48,overlay,net,common,2014-07-01,2024-09-30,2585,-0.014155186516274806,0.043589411053528634,-0.3247391092045719,0.2597221276750785,-0.0011805122320483407,-1.5166493613075203
B,z_lookback_48,overlay,net2x,full,2014-07-01,2024-09-30,2585,-0.01736658780381535,0.04358328306615607,-0.398469013393374,0.27592596556213755,-0.0014483362199271743,-1.8348867560561724
B,z_lookback_48,overlay,net2x,common,2014-07-01,2024-09-30,2585,-0.01736658780381535,0.04358328306615607,-0.398469013393374,0.27592596556213755,-0.0014483362199271743,-1.8348867560561724
B,z_lookback_48,overlay,gross,full,2014-07-01,2024-09-30,2585,-0.010943785228734262,0.043626908391616384,-0.2508494328889298,0.24355673726546267,-0.000912688244169508,-1.188733305989128
B,z_lookback_48,overlay,gross,common,2014-07-01,2024-09-30,2585,-0.010943785228734262,0.043626908391616384,-0.2508494328889298,0.24355673726546267,-0.000912688244169508,-1.188733305989128
C,z_lookback_48,no_overlay,net,full,2015-01-02,2024-09-30,2457,-0.0018645645140277435,0.0474962708675018,-0.03925707176525996,0.18057705728554552,-0.00015538037616897872,-0.1565564179067946
C,z_lookback_48,no_overlay,net,common,2015-01-02,2024-09-30,2457,-0.0018645645140277435,0.0474962708675018,-0.03925707176525996,0.18057705728554552,-0.00015538037616897872,-0.1565564179067946
C,z_lookback_48,no_overlay,net2x,full,2015-01-02,2024-09-30,2457,-0.0027633829396163084,0.047478763765213684,-0.05820250403488727,0.18695349170234588,-0.00023028191163469247,-0.23230612827376593
C,z_lookback_48,no_overlay,net2x,common,2015-01-02,2024-09-30,2457,-0.0027633829396163084,0.047478763765213684,-0.05820250403488727,0.18695349170234588,-0.00023028191163469247,-0.23230612827376593
C,z_lookback_48,no_overlay,gross,full,2015-01-02,2024-09-30,2457,-0.0009657460884391757,0.04751714028771917,-0.020324162661968386,0.17421206198192918,-8.047884070326448e-05,-0.0809820521259502
C,z_lookback_48,no_overlay,gross,common,2015-01-02,2024-09-30,2457,-0.0009657460884391757,0.04751714028771917,-0.020324162661968386,0.17421206198192918,-8.047884070326448e-05,-0.0809820521259502
C,z_lookback_48,overlay,net,full,2015-01-02,2024-09-30,2457,-0.006391443310771192,0.03720023754197049,-0.17181189511384604,0.164624949066159,-0.0005326202758975994,-0.724606301513625
C,z_lookback_48,overlay,net,common,2015-01-02,2024-09-30,2457,-0.006391443310771192,0.03720023754197049,-0.17181189511384604,0.164624949066159,-0.0005326202758975994,-0.724606301513625
C,z_lookback_48,overlay,net2x,full,2015-01-02,2024-09-30,2457,-0.007073395065812937,0.03718797123290976,-0.1902065326853132,0.16959277051932875,-0.0005894495888177447,-0.7994727502861135
C,z_lookback_48,overlay,net2x,common,2015-01-02,2024-09-30,2457,-0.007073395065812937,0.03718797123290976,-0.1902065326853132,0.16959277051932875,-0.0005894495888177447,-0.7994727502861135
C,z_lookback_48,overlay,gross,full,2015-01-02,2024-09-30,2457,-0.005709491555729445,0.03721507901491419,-0.153418767522738,0.15966603972094295,-0.0004757909629774537,-0.649214916612463
C,z_lookback_48,overlay,gross,common,2015-01-02,2024-09-30,2457,-0.005709491555729445,0.03721507901491419,-0.153418767522738,0.15966603972094295,-0.0004757909629774537,-0.649214916612463
A,sale_horizon_120,no_overlay,net,full,2013-07-01,2024-09-30,2834,0.005725894605052227,0.06634451713836428,0.08630546806318046,0.18055091857310201,0.00047698957409517985,0.32571435200376564
A,sale_horizon_120,no_overlay,net,common,2014-07-01,2024-09-30,2582,0.014131418394192814,0.06432497813258815,0.21968788493118185,0.16754840647167535,0.0011771622884825738,0.8399536023618508
A,sale_horizon_120,no_overlay,net2x,full,2013-07-01,2024-09-30,2834,0.004267079351042414,0.06631478758299443,0.06434581948561728,0.1887457710007494,0.00035546451736784843,0.24176136949451205
A,sale_horizon_120,no_overlay,net2x,common,2014-07-01,2024-09-30,2582,0.012859820700376405,0.06430431897089899,0.19998377879091042,0.1745253488346784,0.001071236838571812,0.7637460221180947
A,sale_horizon_120,no_overlay,gross,full,2013-07-01,2024-09-30,2834,0.0071847098590620394,0.06638004548820967,0.10823598878578922,0.17247910422808332,0.0005985146308225111,0.41030920715912367
A,sale_horizon_120,no_overlay,gross,common,2014-07-01,2024-09-30,2582,0.015403016088009222,0.06434948310838323,0.2393650320712921,0.16062697581525076,0.0012830877383933354,0.9162363053836063
A,sale_horizon_120,overlay,net,full,2013-07-01,2024-09-30,2834,-0.0023865695223751282,0.061637468624031605,-0.038719460348581515,0.16518684230332548,-0.00019881064157587067,-0.1624273791410141
A,sale_horizon_120,overlay,net,common,2014-07-01,2024-09-30,2582,0.005227187822105622,0.058966377463614376,0.08864692129563319,0.15329078587215428,0.0004354303444533722,0.39269742425099147
A,sale_horizon_120,overlay,net2x,full,2013-07-01,2024-09-30,2834,-0.0037824212689841594,0.06162125983131813,-0.0613817581681736,0.17300083708422642,-0.0003150905901323077,-0.25563705111274226
A,sale_horizon_120,overlay,net2x,common,2014-07-01,2024-09-30,2582,0.00402469879597853,0.05896203254284306,0.06825915970678417,0.15996666458130127,0.00033526172058383577,0.3013149130890845
A,sale_horizon_120,overlay,gross,full,2013-07-01,2024-09-30,2834,-0.0009907177757661014,0.06165956725390545,-0.0160675434468501,0.1574901673819341,-8.253069301943322e-05,-0.06789692821619557
A,sale_horizon_120,overlay,gross,common,2014-07-01,2024-09-30,2582,0.00642967684823271,0.0589745072932004,0.10902468105865865,0.14666802347109364,0.0005355989683229085,0.4846861841154522
B,sale_horizon_120,no_overlay,net,full,2013-07-01,2024-09-30,2838,-0.0009832273337405666,0.07210820983971762,-0.013635442287724071,0.22341616824254928,-8.202231549546535e-05,-0.0701837743650794
B,sale_horizon_120,no_overlay,net,common,2014-07-01,2024-09-30,2585,0.004104228379613461,0.06998466264881778,0.05864468333881142,0.19465179260047716,0.0003422838547328941,0.2838045727675583
B,sale_horizon_120,no_overlay,net2x,full,2013-07-01,2024-09-30,2838,-0.006341839798519985,0.07206836838570872,-0.08799754927957523,0.25754796282658843,-0.00052904589500881,-0.44920910073332576
B,sale_horizon_120,no_overlay,net2x,common,2014-07-01,2024-09-30,2585,-0.0008890097247139533,0.06997801657495438,-0.012704128642481933,0.21861074684126347,-7.414150659393396e-05,-0.06131490685702995
B,sale_horizon_120,no_overlay,gross,full,2013-07-01,2024-09-30,2838,0.004375385131038849,0.07219410139924584,0.06060585347329436,0.18932745092585468,0.0003650012640178793,0.3144919256458497
B,sale_horizon_120,no_overlay,gross,common,2014-07-01,2024-09-30,2585,0.009097466483940872,0.07003180360312607,0.1299047863381714,0.1707517520245,0.0007587092160597227,0.6302991722566068
B,sale_horizon_120,overlay,net,full,2013-07-01,2024-09-30,2838,-0.006524973330376442,0.055898361849495384,-0.11672924061611559,0.18781315894793849,-0.000544323172004948,-0.6117435152984201
B,sale_horizon_120,overlay,net,common,2014-07-01,2024-09-30,2585,-0.001979901267756985,0.0511855264068173,-0.03868088123234161,0.16005427775998182,-0.00016511952436287997,-0.18702447111265313
B,sale_horizon_120,overlay,net2x,full,2013-07-01,2024-09-30,2838,-0.010600460734214119,0.05585085155011704,-0.18979944691983672,0.22004773727500793,-0.0008843065127483736,-0.9737947446316575
B,sale_horizon_120,overlay,net2x,common,2014-07-01,2024-09-30,2585,-0.005564431858369642,0.0511807335912497,-0.10872122120814981,0.18214772167034954,-0.00046406169679589414,-0.5192769155704884
B,sale_horizon_120,overlay,gross,full,2013-07-01,2024-09-30,2838,-0.0024494859265387615,0.05598556094114555,-0.043752101173260866,0.15561926343773336,-0.00020433983126152248,-0.23409743567586752
B,sale_horizon_120,overlay,gross,common,2014-07-01,2024-09-30,2585,0.00160462932285567,0.051221973226570544,0.031326972035183046,0.13801516033381467,0.00013382264807013517,0.15326230635927007
C,sale_horizon_120,no_overlay,net,full,2013-07-01,2024-09-30,2834,0.007824040353934242,0.05013865197318064,0.15604807959574485,0.12284713581124262,0.0006517733792783552,0.6468132426057134
C,sale_horizon_120,no_overlay,net,common,2014-07-01,2024-09-30,2582,0.007528655919533947,0.04824504549584262,0.15605034345304344,0.12410289796424745,0.0006271451020853229,0.5990817229346551
C,sale_horizon_120,no_overlay,net2x,full,2013-07-01,2024-09-30,2834,0.006875616452778548,0.05011166685854785,0.13720590201452723,0.12910643532536947,0.0005727659326035983,0.5685206159116167
C,sale_horizon_120,no_overlay,net2x,common,2014-07-01,2024-09-30,2582,0.0067035776916765325,0.04822155630989231,0.13901620363715514,0.1301580376665219,0.000558415201958602,0.5344000730525785
C,sale_horizon_120,no_overlay,gross,full,2013-07-01,2024-09-30,2834,0.008772464255089938,0.05016974939551212,0.17485565227628322,0.11662449403408981,0.0007307808259531126,0.7249715011550808
C,sale_horizon_120,no_overlay,gross,common,2014-07-01,2024-09-30,2582,0.008353734147391354,0.048271759417420096,0.1730563428433209,0.11805843949268591,0.0006958750022120433,0.6634666487602032
C,sale_horizon_120,overlay,net,full,2013-07-01,2024-09-30,2834,0.007824040353934242,0.05013865197318064,0.15604807959574485,0.12284713581124262,0.0006517733792783552,0.6468132426057134
C,sale_horizon_120,overlay,net,common,2014-07-01,2024-09-30,2582,0.007528655919533947,0.04824504549584262,0.15605034345304344,0.12410289796424745,0.0006271451020853229,0.5990817229346551
C,sale_horizon_120,overlay,net2x,full,2013-07-01,2024-09-30,2834,0.006875616452778548,0.05011166685854785,0.13720590201452723,0.12910643532536947,0.0005727659326035983,0.5685206159116167
C,sale_horizon_120,overlay,net2x,common,2014-07-01,2024-09-30,2582,0.0067035776916765325,0.04822155630989231,0.13901620363715514,0.1301580376665219,0.000558415201958602,0.5344000730525785
C,sale_horizon_120,overlay,gross,full,2013-07-01,2024-09-30,2834,0.008772464255089938,0.05016974939551212,0.17485565227628322,0.11662449403408981,0.0007307808259531126,0.7249715011550808
C,sale_horizon_120,overlay,gross,common,2014-07-01,2024-09-30,2582,0.008353734147391354,0.048271759417420096,0.1730563428433209,0.11805843949268591,0.0006958750022120433,0.6634666487602032
A,sale_horizon_180,no_overlay,net,full,2013-07-01,2024-09-30,2834,-0.008584185185040335,0.06539082294864894,-0.13127507497162788,0.316813546149493,-0.0007150964378131785,-0.4922004228698824
A,sale_horizon_180,no_overlay,net,common,2014-07-01,2024-09-30,2582,-0.004800790822069919,0.0653187787066352,-0.0734978656540963,0.28544009791223734,-0.0003999110176340343,-0.2594446606176774
A,sale_horizon_180,no_overlay,net2x,full,2013-07-01,2024-09-30,2834,-0.010221081520123878,0.0653712714630302,-0.1563543325894199,0.33274696096682155,-0.0008514563500303088,-0.5848653543878592
A,sale_horizon_180,no_overlay,net2x,common,2014-07-01,2024-09-30,2582,-0.006302479224171685,0.0653059486558288,-0.09650696994521288,0.29634730540968135,-0.0005250032699964927,-0.34039248182483456
A,sale_horizon_180,no_overlay,gross,full,2013-07-01,2024-09-30,2834,-0.0069472888499567875,0.06541701129648386,-0.10620003439885371,0.30090583188476483,-0.000578736525596048,-0.3991177421073425
A,sale_horizon_180,no_overlay,gross,common,2014-07-01,2024-09-30,2582,-0.003299102419968155,0.06533659490637188,-0.05049394485120947,0.2746031245679126,-0.0002748187652715766,-0.1783863110912506
A,sale_horizon_180,overlay,net,full,2013-07-01,2024-09-30,2834,-0.012687332745580532,0.05307233520437604,-0.2390573675856345,0.25541663651761193,-0.0010569047913279023,-1.0075405769753387
A,sale_horizon_180,overlay,net,common,2014-07-01,2024-09-30,2582,-0.009304400499285609,0.05162271042289245,-0.1802385117531432,0.22536089918548274,-0.0007750665275892193,-0.717510679824062
A,sale_horizon_180,overlay,net2x,full,2013-07-01,2024-09-30,2834,-0.013980761503563635,0.053067793567044795,-0.26345096646802585,0.26836954271318336,-0.0011646525015020389,-1.1044231435537746
A,sale_horizon_180,overlay,net2x,common,2014-07-01,2024-09-30,2582,-0.010429099314438245,0.051628477201994843,-0.2020028457092529,0.2331984410895419,-0.0008687551435630258,-0.8020968265062781
A,sale_horizon_180,overlay,gross,full,2013-07-01,2024-09-30,2834,-0.011393903987597424,0.05308261371472448,-0.214644743170152,0.24248462332274523,-0.000949157081153766,-0.9095010003390755
A,sale_horizon_180,overlay,gross,common,2014-07-01,2024-09-30,2582,-0.008179701684132968,0.051620484192691676,-0.15845844555814986,0.21757382511366152,-0.0006813779116154131,-0.6324245758633084
B,sale_horizon_180,no_overlay,net,full,2013-07-01,2024-09-30,2838,-0.03027100110247706,0.0718862078649908,-0.4210960906343663,0.44955453940553414,-0.002525252825656376,-1.9369521029053207
B,sale_horizon_180,no_overlay,net,common,2014-07-01,2024-09-30,2585,-0.02607624565292767,0.07158306377524631,-0.36427954152396774,0.3711383674406806,-0.0021747030266104674,-1.5618787197369017
B,sale_horizon_180,no_overlay,net2x,full,2013-07-01,2024-09-30,2838,-0.03695692628400336,0.07190564268477943,-0.5139642023090656,0.49504099681647684,-0.003083002845208746,-2.3402551774158127
B,sale_horizon_180,no_overlay,net2x,common,2014-07-01,2024-09-30,2585,-0.03257235121853211,0.07162424130915421,-0.4547671378177527,0.4088895285899792,-0.0027164643147472426,-1.9360846138217982
B,sale_horizon_180,no_overlay,gross,full,2013-07-01,2024-09-30,2838,-0.02358507592095076,0.07194149922769387,-0.3278368698754014,0.4041552901970985,-0.0019675028061040046,-1.5236079100627724
B,sale_horizon_180,no_overlay,gross,common,2014-07-01,2024-09-30,2585,-0.01958014008732324,0.07161102590958522,-0.27342353832557525,0.33339670974595625,-0.0016329417384736925,-1.1808926854325537
B,sale_horizon_180,overlay,net,full,2013-07-01,2024-09-30,2838,-0.02180238447293189,0.04438768965087577,-0.4911808802038366,0.3068044558294504,-0.0018187879816043704,-2.3948407229303066
B,sale_horizon_180,overlay,net,common,2014-07-01,2024-09-30,2585,-0.016778785693682328,0.040166910402556745,-0.4177265695948153,0.22696790648758702,-0.0013993147831387544,-1.8608129541599223
B,sale_horizon_180,overlay,net2x,full,2013-07-01,2024-09-30,2838,-0.02585436891505144,0.04438877582343162,-0.5824528483933461,0.337008203929708,-0.0021568106696330394,-2.770815828292426
B,sale_horizon_180,overlay,net2x,common,2014-07-01,2024-09-30,2585,-0.020383160575172136,0.040201724219156965,-0.5070220487075311,0.24941736576043305,-0.0016999119269202475,-2.233718038960801
B,sale_horizon_180,overlay,gross,full,2013-07-01,2024-09-30,2838,-0.017750400030812328,0.044437552998287944,-0.3994459377971646,0.27665861539513825,-0.0014807652935757017,-1.9965182419950305
B,sale_horizon_180,overlay,gross,common,2014-07-01,2024-09-30,2585,-0.01317441081219253,0.04017011902067011,-0.32796544131256994,0.2045240986280995,-0.001098717639357262,-1.477655564037191
C,sale_horizon_180,no_overlay,net,full,2013-07-01,2024-09-30,2834,-0.002958970473640223,0.04792017496192557,-0.06174790630441645,0.21677593064054712,-0.0002464938954231746,-0.24433799510304832
C,sale_horizon_180,no_overlay,net,common,2014-07-01,2024-09-30,2582,-0.0022003226485811647,0.04636843702341322,-0.047453026020051886,0.21453912730908486,-0.00018328923340549003,-0.1699647204007521
C,sale_horizon_180,no_overlay,net2x,full,2013-07-01,2024-09-30,2834,-0.004010304745437732,0.04788281685063531,-0.08375248177122487,0.22375464887484486,-0.00033407418132188547,-0.3310316718589346
C,sale_horizon_180,no_overlay,net2x,common,2014-07-01,2024-09-30,2582,-0.003105680342917802,0.04633410717717156,-0.06702795267085553,0.22089286903456473,-0.0002587064990777445,-0.24016649767289538
C,sale_horizon_180,no_overlay,gross,full,2013-07-01,2024-09-30,2834,-0.0019076362018427171,0.04796271557409902,-0.03977331514716996,0.20985625288334842,-0.00015891360952446378,-0.15754764854515899
C,sale_horizon_180,no_overlay,gross,common,2014-07-01,2024-09-30,2582,-0.0012949649542445317,0.046406610277840904,-0.027904752070695323,0.20820765214748915,-0.00010787196773323626,-0.09990542623135476
C,sale_horizon_180,overlay,net,full,2013-07-01,2024-09-30,2834,-0.00727589561526664,0.03746259695853954,-0.19421759851082912,0.1859728229561014,-0.0006061107634822362,-0.7737365898889447
C,sale_horizon_180,overlay,net,common,2014-07-01,2024-09-30,2582,-0.006938574333851989,0.034204914338295596,-0.2028531416634366,0.18405386161791015,-0.0005779906739581183,-0.7031155629939905
C,sale_horizon_180,overlay,net2x,full,2013-07-01,2024-09-30,2834,-0.008108640001951455,0.037445000123045614,-0.21654800307934768,0.19102934757215484,-0.0006754816509562151,-0.857886113779925
C,sale_horizon_180,overlay,net2x,common,2014-07-01,2024-09-30,2582,-0.007604008041198161,0.03419473465913911,-0.2223736524642359,0.1885861181754347,-0.0006334220145300574,-0.7679597853884153
C,sale_horizon_180,overlay,gross,full,2013-07-01,2024-09-30,2834,-0.006443151228581828,0.03748482704711381,-0.17188691361663697,0.18095907691567892,-0.0005367398760082572,-0.6885495337552032
C,sale_horizon_180,overlay,gross,common,2014-07-01,2024-09-30,2582,-0.006273140626505819,0.03421789200990915,-0.18332925431786337,0.17953748826504468,-0.0005225593333861799,-0.6377677940080605
A,fcr_5.5,no_overlay,net,full,2013-07-01,2024-09-30,2834,-0.004247472022614484,0.06430673401834665,-0.0660501903486917,0.25944132029246847,-0.00035383114967928896,-0.2581291941269314
A,fcr_5.5,no_overlay,net,common,2014-07-01,2024-09-30,2582,-0.003089584527417203,0.06253944368254205,-0.04940217477949303,0.2554847082625541,-0.00025736570040622153,-0.19881001264021078
A,fcr_5.5,no_overlay,net2x,full,2013-07-01,2024-09-30,2834,-0.005737730377482707,0.06428204683296025,-0.0892586757915854,0.2716670884946242,-0.0004779755405580829,-0.3474996693997695
A,fcr_5.5,no_overlay,net2x,common,2014-07-01,2024-09-30,2582,-0.004439236402415992,0.0625268050712997,-0.0709973330214762,0.2667685039288833,-0.0003697931472137725,-0.28524958361691666
A,fcr_5.5,no_overlay,gross,full,2013-07-01,2024-09-30,2834,-0.002757213667746252,0.06433773977842429,-0.04285530821011038,0.24729345226587118,-0.00022968675880049552,-0.1681250063983655
A,fcr_5.5,no_overlay,gross,common,2014-07-01,2024-09-30,2582,-0.0017399326524184212,0.06255669285156187,-0.02781369303756248,0.244209327263058,-0.00014493825359867,-0.112113637031992
A,fcr_5.5,overlay,net,full,2013-07-01,2024-09-30,2834,-0.007557206063687031,0.05048926701421285,-0.14967945685485312,0.20783897213242897,-0.0006295450318779843,-0.5979568673788144
A,fcr_5.5,overlay,net,common,2014-07-01,2024-09-30,2582,-0.006722344508981731,0.04658487569024387,-0.1443031543902901,0.20466932214569133,-0.0005599784979413745,-0.6479375240653481
A,fcr_5.5,overlay,net2x,full,2013-07-01,2024-09-30,2834,-0.008699777519413967,0.05046916030836753,-0.17237809121963119,0.21690932640843874,-0.0007247257345684645,-0.6845840103824913
A,fcr_5.5,overlay,net2x,common,2014-07-01,2024-09-30,2582,-0.007690375674388566,0.04658140542982174,-0.16509539811920607,0.2129981103520613,-0.0006406165308837039,-0.7390732492259378
A,fcr_5.5,overlay,gross,full,2013-07-01,2024-09-30,2834,-0.006414634607960093,0.05051484007576717,-0.12698515126126872,0.19882641235888265,-0.0005343643291875039,-0.5103033266462423
A,fcr_5.5,overlay,gross,common,2014-07-01,2024-09-30,2582,-0.005754313343574899,0.04659145262285534,-0.12350577240324405,0.19634674496794668,-0.0004793404649990451,-0.5562233154158556
B,fcr_5.5,no_overlay,net,full,2013-07-01,2024-09-30,2838,-0.019633666995238008,0.07062908435229198,-0.277982748541761,0.3852249940681022,-0.0016378702802023947,-1.3591385172842287
B,fcr_5.5,no_overlay,net,common,2014-07-01,2024-09-30,2585,-0.017019438754927303,0.06939590283281175,-0.24525134856924408,0.36115548851876256,-0.001419384732916734,-1.1270511719043599
B,fcr_5.5,no_overlay,net2x,full,2013-07-01,2024-09-30,2838,-0.025321545431878097,0.07060035999757272,-0.3586602877485139,0.4194673087828136,-0.0021123617265041165,-1.736996049858835
B,fcr_5.5,no_overlay,net2x,common,2014-07-01,2024-09-30,2585,-0.02244868428470879,0.069389302981643,-0.3235179389342996,0.38610924872774066,-0.001872172179506137,-1.4788379572960815
B,fcr_5.5,no_overlay,gross,full,2013-07-01,2024-09-30,2838,-0.013945788558597908,0.07071789795118229,-0.19720309797987653,0.351052547698671,-0.0011633788339006717,-0.9734411382391626
B,fcr_5.5,no_overlay,gross,common,2014-07-01,2024-09-30,2585,-0.011590193225145817,0.06945836063973894,-0.1668653437598521,0.3362657529375087,-0.0009665972863273305,-0.77095860149217
B,fcr_5.5,overlay,net,full,2013-07-01,2024-09-30,2838,-0.015601266369373859,0.047628341058274716,-0.32756266589855054,0.265214230175562,-0.0013014813038296012,-1.6695169522838849
B,fcr_5.5,overlay,net,common,2014-07-01,2024-09-30,2585,-0.012592377642276454,0.04277110218653229,-0.29441321356084965,0.24508037065507904,-0.0010501773198246436,-1.3977400446988686
B,fcr_5.5,overlay,net2x,full,2013-07-01,2024-09-30,2838,-0.019141990951530057,0.047582945182628594,-0.40228680419131235,0.28961889496595294,-0.0015968539188842537,-2.0038476853668996
B,fcr_5.5,overlay,net2x,common,2014-07-01,2024-09-30,2585,-0.015664322344582007,0.04275614038559365,-0.36636427430807056,0.26048599168987707,-0.0013063709272404336,-1.7179487170679917
B,fcr_5.5,overlay,gross,full,2013-07-01,2024-09-30,2838,-0.012060541787217664,0.047712895382603045,-0.2527732113196205,0.24085936089579052,-0.0010061086887749478,-1.318103881167468
B,fcr_5.5,overlay,gross,common,2014-07-01,2024-09-30,2585,-0.009520432939970907,0.042815493432169775,-0.22235952868448444,0.229714276294552,-0.0007939837124088529,-1.068944172467196
C,fcr_5.5,no_overlay,net,full,2013-07-01,2024-09-30,2834,-0.0016591847240600623,0.04893192238357499,-0.03390802247771492,0.20923571942840669,-0.00013821662280970635,-0.12793516175208638
C,fcr_5.5,no_overlay,net,common,2014-07-01,2024-09-30,2582,-0.004876513505100014,0.046047362899091074,-0.10590212333736644,0.21553276019153955,-0.00040621879823745776,-0.41331160997183175
C,fcr_5.5,no_overlay,net2x,full,2013-07-01,2024-09-30,2834,-0.0026909698560708653,0.04888674783586964,-0.05504497589214602,0.21598366642017963,-0.0002241683883628698,-0.20724774089823855
C,fcr_5.5,no_overlay,net2x,common,2014-07-01,2024-09-30,2582,-0.005738555821847348,0.04601906178586014,-0.12469953969401833,0.2219160885305561,-0.0004780278465611647,-0.4869175212171094
C,fcr_5.5,no_overlay,gross,full,2013-07-01,2024-09-30,2834,-0.0006273995920492593,0.048982637349451665,-0.012808611908200627,0.2025393651789642,-5.226485725654258e-05,-0.04842519968223163
C,fcr_5.5,no_overlay,gross,common,2014-07-01,2024-09-30,2582,-0.004014471188352679,0.04607908273994292,-0.08712133466304439,0.2091658688700263,-0.00033440974991375076,-0.3398319054280781
C,fcr_5.5,overlay,net,full,2013-07-01,2024-09-30,2834,-0.005432379144906928,0.039937148265935106,-0.13602321098976777,0.18629860359567962,-0.0004525385801489192,-0.510224812053022
C,fcr_5.5,overlay,net,common,2014-07-01,2024-09-30,2582,-0.009017967025115516,0.035253993644188866,-0.2557998709630449,0.19190534179583718,-0.0007512063123902526,-1.0678293942907535
C,fcr_5.5,overlay,net2x,full,2013-07-01,2024-09-30,2834,-0.006258566625400329,0.039895277616354016,-0.15687487340192854,0.19133030450189814,-0.0005213632515104214,-0.585417373168299
C,fcr_5.5,overlay,net2x,common,2014-07-01,2024-09-30,2582,-0.009654345614364663,0.03523395424680929,-0.2740068726529308,0.19658557286373812,-0.0008042173305035994,-1.139221196360609
C,fcr_5.5,overlay,gross,full,2013-07-01,2024-09-30,2834,-0.004606191664413527,0.039984162452845966,-0.11520040390606383,0.18130537353824727,-0.0003837139087874171,-0.43430593365527675
C,fcr_5.5,overlay,gross,common,2014-07-01,2024-09-30,2582,-0.008381588435866364,0.035276446875478054,-0.23759729729732826,0.18723716228409926,-0.0006981952942769058,-0.9958318016014436
A,fcr_6.5,no_overlay,net,full,2013-07-01,2024-09-30,2834,-0.006291227525929656,0.06438096396685719,-0.0977187531576621,0.2643575186494045,-0.0005240840331712125,-0.39536763951189463
A,fcr_6.5,no_overlay,net,common,2014-07-01,2024-09-30,2582,-0.0012851129514933426,0.06304144821337439,-0.020385206684079685,0.2388890875455626,-0.00010705128535152332,-0.08248351485557645
A,fcr_6.5,no_overlay,net2x,full,2013-07-01,2024-09-30,2834,-0.007778200795031183,0.06436147476398976,-0.12085181117358557,0.27904681779777885,-0.0006479547634661487,-0.48706100203667635
A,fcr_6.5,no_overlay,net2x,common,2014-07-01,2024-09-30,2582,-0.002619297861694614,0.06303176697641977,-0.041555202834064546,0.24918393680659512,-0.00021819031742468397,-0.1680404237698371
A,fcr_6.5,no_overlay,gross,full,2013-07-01,2024-09-30,2834,-0.00480425425682813,0.06440674030065197,-0.07459241430946162,0.24967646800170673,-0.0004002133028762763,-0.3029788888832904
A,fcr_6.5,no_overlay,gross,common,2014-07-01,2024-09-30,2582,4.907195870792353e-05,0.0630555128741527,0.0007782342331567775,0.2286242967136578,4.087746721637408e-06,0.003150832103562471
A,fcr_6.5,overlay,net,full,2013-07-01,2024-09-30,2834,-0.009569133890998845,0.05007318617995024,-0.19110295591356663,0.20812684479614885,-0.0007971465445940838,-0.8226862071968895
A,fcr_6.5,overlay,net,common,2014-07-01,2024-09-30,2582,-0.00488293891532219,0.04665715305190473,-0.10465574077976987,0.18490105974764903,-0.00040675404179126034,-0.48325895290970794
A,fcr_6.5,overlay,net2x,full,2013-07-01,2024-09-30,2834,-0.010711946488795705,0.05006055625909753,-0.2139797734838198,0.2198055128413996,-0.0008923473353688134,-0.9136965794192017
A,fcr_6.5,overlay,net2x,common,2014-07-01,2024-09-30,2582,-0.0058393734992347604,0.04665860149159783,-0.12515106138117538,0.1922380693305974,-0.00048642606707395027,-0.5764346462643543
A,fcr_6.5,overlay,gross,full,2013-07-01,2024-09-30,2834,-0.008426321293201986,0.050091396833302146,-0.16821893230974816,0.19645473468809493,-0.0007019457538193542,-0.7301189637748443
A,fcr_6.5,overlay,gross,common,2014-07-01,2024-09-30,2582,-0.003926504331409623,0.04665866462690111,-0.08415380857569149,0.17758547242907463,-0.00032708201650857014,-0.38957423555833687
B,fcr_6.5,no_overlay,net,full,2013-07-01,2024-09-30,2838,-0.019085333814739286,0.0697418369220042,-0.27365688454812814,0.3751283818769562,-0.0015921274945981795,-1.3134209686040408
B,fcr_6.5,no_overlay,net,common,2014-07-01,2024-09-30,2585,-0.016190847407783242,0.0686714507657289,-0.23577261332395547,0.35375389124143397,-0.001350281989583162,-1.0914303309032736
B,fcr_6.5,no_overlay,net2x,full,2013-07-01,2024-09-30,2838,-0.024842006848069142,0.06972780827209761,-0.35627115585117225,0.4098542250816619,-0.0020723578905003006,-1.693011828266959
B,fcr_6.5,no_overlay,net2x,common,2014-07-01,2024-09-30,2585,-0.02170077697277677,0.06866765377569349,-0.3160261896185284,0.37881477035538713,-0.001809798311866949,-1.455080718200137
B,fcr_6.5,no_overlay,gross,full,2013-07-01,2024-09-30,2838,-0.013328660781409409,0.06981771694807723,-0.19090656876279424,0.3418444278030429,-0.0011118970986960584,-0.9255413567070655
B,fcr_6.5,no_overlay,gross,common,2014-07-01,2024-09-30,2585,-0.010680917842789715,0.06873297084670353,-0.15539729639522742,0.32877098194957677,-0.0008907656672993749,-0.7233176060004491
B,fcr_6.5,overlay,net,full,2013-07-01,2024-09-30,2838,-0.01558053207137069,0.04676154489245815,-0.3331911318841728,0.2625603319585137,-0.0012997516172413284,-1.5722142629423392
B,fcr_6.5,overlay,net,common,2014-07-01,2024-09-30,2585,-0.012343022515063681,0.04214569387406047,-0.2928655665735872,0.2456499774005586,-0.001029381636386618,-1.3514466907902183
B,fcr_6.5,overlay,net2x,full,2013-07-01,2024-09-30,2838,-0.019185947817947576,0.04673959812631122,-0.41048593884137813,0.2875873503738965,-0.001600520867352593,-1.893817992898526
B,fcr_6.5,overlay,net2x,common,2014-07-01,2024-09-30,2585,-0.015491146207792243,0.042137374905351466,-0.36763434463082467,0.26132376839807203,-0.0012919284084121486,-1.6745243819331914
B,fcr_6.5,overlay,gross,full,2013-07-01,2024-09-30,2838,-0.01197511632479379,0.046824187441086816,-0.2557463776570736,0.239171800611637,-0.000998982367130064,-1.234526789527282
B,fcr_6.5,overlay,gross,common,2014-07-01,2024-09-30,2585,-0.00919489882233512,0.04218511705853754,-0.2179654689490599,0.2300249509611466,-0.0007668348643610884,-1.0193534414240797
C,fcr_6.5,no_overlay,net,full,2013-07-01,2024-09-30,2834,-0.001613865854398631,0.04818440173188037,-0.03349353310183044,0.19450249393827934,-0.0001344413824622496,-0.13650305090581652
C,fcr_6.5,no_overlay,net,common,2014-07-01,2024-09-30,2582,-0.0019146970028848702,0.046010769211216065,-0.04161410547377078,0.19477413032817603,-0.00015949631118365991,-0.16517367443313152
C,fcr_6.5,no_overlay,net2x,full,2013-07-01,2024-09-30,2834,-0.002615664071204817,0.04814775133015731,-0.054325778441214514,0.2011520690887203,-0.0002178951198646223,-0.2208278036113604
C,fcr_6.5,no_overlay,net2x,common,2014-07-01,2024-09-30,2582,-0.002751962809765065,0.04599017407630914,-0.059838060303900445,0.20091861448442427,-0.00022924144969716756,-0.23785542799498086
C,fcr_6.5,no_overlay,gross,full,2013-07-01,2024-09-30,2834,-0.0006120676375924455,0.04822649052822363,-0.012691523494421491,0.18789961584303683,-5.098764505987656e-05,-0.05185319251083434
C,fcr_6.5,no_overlay,gross,common,2014-07-01,2024-09-30,2582,-0.0010774311960046671,0.046034619997159666,-0.023404802647901617,0.1886415861411952,-8.975117267015243e-05,-0.09275813544138514
C,fcr_6.5,overlay,net,full,2013-07-01,2024-09-30,2834,-0.005968878264068326,0.03860565145291538,-0.15461151513912805,0.17752471599747577,-0.0004972310699697133,-0.6412233604774452
C,fcr_6.5,overlay,net,common,2014-07-01,2024-09-30,2582,-0.0066947532263565614,0.03470535895773978,-0.19290257837438496,0.17777264172837293,-0.0005576801145455105,-0.8018539584749844
C,fcr_6.5,overlay,net2x,full,2013-07-01,2024-09-30,2834,-0.006766177714329026,0.03857226319465156,-0.17541562651338607,0.18254221840148543,-0.0005636492546269389,-0.7218722404118328
C,fcr_6.5,overlay,net2x,common,2014-07-01,2024-09-30,2582,-0.0073075614405218444,0.034693245665233234,-0.2106335484155895,0.1823303621598008,-0.0006087276951680027,-0.8726277090922615
C,fcr_6.5,overlay,gross,full,2013-07-01,2024-09-30,2834,-0.0051715788138076285,0.038644152785313475,-0.13382564867027083,0.1725424493162626,-0.00043081288531248763,-0.5592809184381861
C,fcr_6.5,overlay,gross,common,2014-07-01,2024-09-30,2582,-0.0060819450121912776,0.034719735736129166,-0.1751725605982202,0.17322377786496546,-0.0005066325339230183,-0.7305756007442075
A,seasonal_adjust,no_overlay,net,full,2018-07-02,2024-09-30,1575,0.004928022042532002,0.06120079329691761,0.0805221922308024,0.11415683493772832,0.0004106685035443338,0.24534343152953292
A,seasonal_adjust,no_overlay,net,seasonal_window,2018-07-02,2024-09-30,1575,0.004928022042532002,0.06120079329691761,0.0805221922308024,0.11415683493772832,0.0004106685035443338,0.24534343152953292
A,seasonal_adjust,no_overlay,net2x,full,2018-07-02,2024-09-30,1575,0.0033583341808560855,0.061188370732387844,0.054885170836530765,0.11777028300133863,0.0002798611817380073,0.1667170680091005
A,seasonal_adjust,no_overlay,net2x,seasonal_window,2018-07-02,2024-09-30,1575,0.0033583341808560855,0.061188370732387844,0.054885170836530765,0.11777028300133863,0.0002798611817380073,0.1667170680091005
A,seasonal_adjust,no_overlay,gross,full,2018-07-02,2024-09-30,1575,0.006497709904207925,0.061218804292633995,0.10613911818904549,0.11057886390728422,0.0005414758253506601,0.3244020413266304
A,seasonal_adjust,no_overlay,gross,seasonal_window,2018-07-02,2024-09-30,1575,0.006497709904207925,0.061218804292633995,0.10613911818904549,0.11057886390728422,0.0005414758253506601,0.3244020413266304
A,seasonal_adjust,overlay,net,full,2018-07-02,2024-09-30,1575,0.004928022042532002,0.06120079329691761,0.0805221922308024,0.11415683493772832,0.0004106685035443338,0.24534343152953292
A,seasonal_adjust,overlay,net,seasonal_window,2018-07-02,2024-09-30,1575,0.004928022042532002,0.06120079329691761,0.0805221922308024,0.11415683493772832,0.0004106685035443338,0.24534343152953292
A,seasonal_adjust,overlay,net2x,full,2018-07-02,2024-09-30,1575,0.0033583341808560855,0.061188370732387844,0.054885170836530765,0.11777028300133863,0.0002798611817380073,0.1667170680091005
A,seasonal_adjust,overlay,net2x,seasonal_window,2018-07-02,2024-09-30,1575,0.0033583341808560855,0.061188370732387844,0.054885170836530765,0.11777028300133863,0.0002798611817380073,0.1667170680091005
A,seasonal_adjust,overlay,gross,full,2018-07-02,2024-09-30,1575,0.006497709904207925,0.061218804292633995,0.10613911818904549,0.11057886390728422,0.0005414758253506601,0.3244020413266304
A,seasonal_adjust,overlay,gross,seasonal_window,2018-07-02,2024-09-30,1575,0.006497709904207925,0.061218804292633995,0.10613911818904549,0.11057886390728422,0.0005414758253506601,0.3244020413266304
B,seasonal_adjust,no_overlay,net,full,2018-07-02,2024-09-30,1575,0.014241475038445132,0.0663097033541888,0.21477211204482788,0.09869326611282436,0.0011867895865370942,0.861933685654391
B,seasonal_adjust,no_overlay,net,seasonal_window,2018-07-02,2024-09-30,1575,0.014241475038445132,0.0663097033541888,0.21477211204482788,0.09869326611282436,0.0011867895865370942,0.861933685654391
B,seasonal_adjust,no_overlay,net2x,full,2018-07-02,2024-09-30,1575,0.008358067390264108,0.06633601761695813,0.12599591730884147,0.10902895472035945,0.0006965056158553418,0.5034349206955101
B,seasonal_adjust,no_overlay,net2x,seasonal_window,2018-07-02,2024-09-30,1575,0.008358067390264108,0.06633601761695813,0.12599591730884147,0.10902895472035945,0.0006965056158553418,0.5034349206955101
B,seasonal_adjust,no_overlay,gross,full,2018-07-02,2024-09-30,1575,0.020124882686626155,0.06633997993514883,0.3033597945959495,0.08875053333151883,0.0016770735572188456,1.223243812821089
B,seasonal_adjust,no_overlay,gross,seasonal_window,2018-07-02,2024-09-30,1575,0.020124882686626155,0.06633997993514883,0.3033597945959495,0.08875053333151883,0.0016770735572188456,1.223243812821089
B,seasonal_adjust,overlay,net,full,2018-07-02,2024-09-30,1575,0.014241475038445132,0.0663097033541888,0.21477211204482788,0.09869326611282436,0.0011867895865370942,0.861933685654391
B,seasonal_adjust,overlay,net,seasonal_window,2018-07-02,2024-09-30,1575,0.014241475038445132,0.0663097033541888,0.21477211204482788,0.09869326611282436,0.0011867895865370942,0.861933685654391
B,seasonal_adjust,overlay,net2x,full,2018-07-02,2024-09-30,1575,0.008358067390264108,0.06633601761695813,0.12599591730884147,0.10902895472035945,0.0006965056158553418,0.5034349206955101
B,seasonal_adjust,overlay,net2x,seasonal_window,2018-07-02,2024-09-30,1575,0.008358067390264108,0.06633601761695813,0.12599591730884147,0.10902895472035945,0.0006965056158553418,0.5034349206955101
B,seasonal_adjust,overlay,gross,full,2018-07-02,2024-09-30,1575,0.020124882686626155,0.06633997993514883,0.3033597945959495,0.08875053333151883,0.0016770735572188456,1.223243812821089
B,seasonal_adjust,overlay,gross,seasonal_window,2018-07-02,2024-09-30,1575,0.020124882686626155,0.06633997993514883,0.3033597945959495,0.08875053333151883,0.0016770735572188456,1.223243812821089
C,seasonal_adjust,no_overlay,net,full,2018-08-01,2024-09-30,1554,0.0001418221801727324,0.04367638213303363,0.0032471137316446466,0.09765908976475512,1.1818515014394603e-05,0.010119522898113385
C,seasonal_adjust,no_overlay,net,seasonal_window,2018-08-01,2024-09-30,1554,0.0001418221801727324,0.04367638213303363,0.0032471137316446466,0.09765908976475512,1.1818515014394603e-05,0.010119522898113385
C,seasonal_adjust,no_overlay,net2x,full,2018-08-01,2024-09-30,1554,-0.0008286218622610525,0.04363554112123514,-0.0189896089510806,0.09954485743101749,-6.905182185508717e-05,-0.058881710984300215
C,seasonal_adjust,no_overlay,net2x,seasonal_window,2018-08-01,2024-09-30,1554,-0.0008286218622610525,0.04363554112123514,-0.0189896089510806,0.09954485743101749,-6.905182185508717e-05,-0.058881710984300215
C,seasonal_adjust,no_overlay,gross,full,2018-08-01,2024-09-30,1554,0.0011122662226065126,0.04372217659425584,0.025439406480798142,0.09578390262824887,9.268885188387605e-05,0.07968100603717022
C,seasonal_adjust,no_overlay,gross,seasonal_window,2018-08-01,2024-09-30,1554,0.0011122662226065126,0.04372217659425584,0.025439406480798142,0.09578390262824887,9.268885188387605e-05,0.07968100603717022
C,seasonal_adjust,overlay,net,full,2018-08-01,2024-09-30,1554,0.0001418221801727324,0.04367638213303363,0.0032471137316446466,0.09765908976475512,1.1818515014394603e-05,0.010119522898113385
C,seasonal_adjust,overlay,net,seasonal_window,2018-08-01,2024-09-30,1554,0.0001418221801727324,0.04367638213303363,0.0032471137316446466,0.09765908976475512,1.1818515014394603e-05,0.010119522898113385
C,seasonal_adjust,overlay,net2x,full,2018-08-01,2024-09-30,1554,-0.0008286218622610525,0.04363554112123514,-0.0189896089510806,0.09954485743101749,-6.905182185508717e-05,-0.058881710984300215
C,seasonal_adjust,overlay,net2x,seasonal_window,2018-08-01,2024-09-30,1554,-0.0008286218622610525,0.04363554112123514,-0.0189896089510806,0.09954485743101749,-6.905182185508717e-05,-0.058881710984300215
C,seasonal_adjust,overlay,gross,full,2018-08-01,2024-09-30,1554,0.0011122662226065126,0.04372217659425584,0.025439406480798142,0.09578390262824887,9.268885188387605e-05,0.07968100603717022
C,seasonal_adjust,overlay,gross,seasonal_window,2018-08-01,2024-09-30,1554,0.0011122662226065126,0.04372217659425584,0.025439406480798142,0.09578390262824887,9.268885188387605e-05,0.07968100603717022
