variant,run,episode,start,end,cum_net_return,worst_day,worst_day_date,max_drawdown
A,primary,"Holcomb plant fire, Aug 2019",2019-08-01,2019-08-30,-0.013733232841277901,-0.007075602260464785,2019-08-13,0.014652064395887732
A,primary,"COVID packer shutdowns, Mar-May 2020",2020-03-02,2020-05-29,-0.05471017058791834,-0.018924641096233694,2020-04-01,0.08190180779227962
A,primary,Worst month (2020-03),2020-03-02,2020-03-31,-0.049302391329966076,-0.018860158966218937,2020-03-13,0.08190180779227962
A,overlay,"Holcomb plant fire, Aug 2019",2019-08-01,2019-08-30,-0.013733232841277901,-0.007075602260464785,2019-08-13,0.014652064395887732
A,overlay,"COVID packer shutdowns, Mar-May 2020",2020-03-02,2020-05-29,-0.02735508529395917,-0.009462320548116847,2020-04-01,0.04088097696063575
A,overlay,Worst month (2018-12),2018-12-03,2018-12-31,-0.03810940713140192,-0.011155631154668675,2018-12-04,0.04168068689827353
B,primary,"Holcomb plant fire, Aug 2019",2019-08-01,2019-08-30,-0.004516698026636276,-0.006346344339696253,2019-08-14,0.009747142445554746
B,primary,"COVID packer shutdowns, Mar-May 2020",2020-03-02,2020-05-29,-0.015008565764857072,-0.014753787713944387,2020-03-18,0.03894055481396874
B,primary,Worst month (2019-11),2019-11-01,2019-11-29,-0.06875925203847975,-0.018543420217048776,2019-11-13,0.06431070646007331
B,overlay,"Holcomb plant fire, Aug 2019",2019-08-01,2019-08-30,-0.002258349013318138,-0.0031731721698481266,2019-08-14,0.004882127019971594
B,overlay,"COVID packer shutdowns, Mar-May 2020",2020-03-02,2020-05-29,-0.007504282882428536,-0.0073768938569721935,2020-03-18,0.01946939276281867
B,overlay,Worst month (2015-12),2015-12-01,2015-12-31,-0.042645066494696036,-0.022082129765915403,2015-12-24,0.07612933924239296
C,primary,"Holcomb plant fire, Aug 2019",2019-08-01,2019-08-30,0.0,0.0,2019-08-01,0.0
C,primary,"COVID packer shutdowns, Mar-May 2020",2020-03-02,2020-05-29,-0.004116593806733286,-0.004116593806733286,2020-03-02,0.0
C,primary,Worst month (2018-12),2018-12-03,2018-12-31,-0.040739927501118246,-0.011155631154668675,2018-12-04,0.041790358780925185
C,overlay,"Holcomb plant fire, Aug 2019",2019-08-01,2019-08-30,0.0,0.0,2019-08-01,0.0
C,overlay,"COVID packer shutdowns, Mar-May 2020",2020-03-02,2020-05-29,-0.002058296903366643,-0.002058296903366643,2020-03-02,0.0
C,overlay,Worst month (2018-12),2018-12-03,2018-12-31,-0.040739927501118246,-0.011155631154668675,2018-12-04,0.041790358780925185
