run,returns,start,end,n_days,n_months,ann_return,ann_vol,sharpe,max_drawdown,mean_monthly,nw_t_monthly,worst_month,worst_month_label,skew_daily,kurt_daily,avg_gross_leverage,max_gross_leverage,turnover,deferred_days,deferred_trades,superseded_orders,gf_cash_final_closes,gf_ltd_settlement_closes
primary,net,2013-07-01,2024-09-30,2838,135,-0.01940445355107131,0.0702199860709794,-0.2763380432952095,0.38113623550008746,-0.0016187489470294058,-1.336126598738801,-0.06875925203847975,2019-11,0.23892528014908285,10.697567170207362,1.578107702553264,5.505910751580228,23.42138068912601,1,1,0,11,4
primary,gross,2013-07-01,2024-09-30,2838,135,-0.013680523447040387,0.07030313728043452,-0.19459335637426384,0.34683279135535783,-0.001141250015952399,-0.9504710554858201,-0.06770849454909644,2019-11,0.24794060564481127,10.757609539748815,1.578107702553264,5.505910751580228,23.42138068912601,1,1,0,11,4
primary,net2x,2013-07-01,2024-09-30,2838,135,-0.02512838365510223,0.07019788721137254,-0.3579649566864921,0.41550705384845976,-0.0020962478781064125,-1.7135122185135723,-0.06981000952786307,2019-11,0.23021096117150425,10.61721712142074,1.578107702553264,5.505910751580228,23.42138068912601,1,1,0,11,4
overlay,net,2013-07-01,2024-09-30,2838,135,-0.015764633569238375,0.04720248491494646,-0.33397889110381507,0.26605736320199636,-0.0013151096434302915,-1.6238879766589644,-0.042645066494696036,2015-12,-0.14839272778707155,11.786818613129297,1.0077171841025883,4.4111969214498234,14.706113678226302,1,1,0,11,4
overlay,gross,2013-07-01,2024-09-30,2838,135,-0.01219178471347141,0.04727702109484928,-0.25787971473523486,0.24145731182266827,-0.0010170571727463806,-1.2835895314920405,-0.04262398450057159,2015-12,-0.13674631048167016,11.784412907555172,1.0077171841025883,4.4111969214498234,14.706113678226302,1,1,0,11,4
overlay,net2x,2013-07-01,2024-09-30,2838,135,-0.019337482425005346,0.047167908531580274,-0.4099711652904505,0.2907057306881341,-0.001613162114114203,-1.947542473517716,-0.042666148488820485,2015-12,-0.15788688776133833,11.77320658304224,1.0077171841025883,4.4111969214498234,14.706113678226302,1,1,0,11,4
diag_1b_seasonal_only,net,2018-07-02,2024-09-30,1575,75,-0.01590477433380088,0.07058702415266985,-0.2253215024251636,0.24450165921274214,-0.001325397861150073,-0.641526173314571,-0.06772545754178347,2019-11,0.5866452018671798,11.284463849456234,1.6748945386340208,4.983343866669087,25.0611687102129,1,1,0,6,3
diag_1b_seasonal_only,gross,2018-07-02,2024-09-30,1575,75,-0.009940370765944903,0.07054573079649207,-0.14090676577751454,0.23503730196687145,-0.0008283642304954089,-0.40403612021572083,-0.06668572302608294,2019-11,0.602480432809574,11.496263135199193,1.6748945386340208,4.983343866669087,25.0611687102129,1,1,0,6,3
diag_1b_seasonal_only,net2x,2018-07-02,2024-09-30,1575,75,-0.021869177901656843,0.07069404420752944,-0.3093496509756562,0.25402053938279556,-0.001822431491804737,-0.8752204377504785,-0.06876519205748399,2019-11,0.5670957044205873,11.052173744799092,1.6748945386340208,4.983343866669087,25.0611687102129,1,1,0,6,3
