run,returns,start,end,n_days,n_months,ann_return,ann_vol,sharpe,max_drawdown,mean_monthly,nw_t_monthly,worst_month,worst_month_label,skew_daily,kurt_daily,avg_gross_leverage,turnover,deferred_days,deferred_trades,superseded_orders,gf_cash_final_closes
primary,net,2013-07-01,2024-09-30,2834,135,-0.005398862412184882,0.06422749476877435,-0.08405843060859447,0.25532668878985476,-0.000449746504295472,-0.3356245520846015,-0.04930239132996608,2020-03,0.5276325666118256,10.855627906465216,0.43265286545745524,6.512769185725983,0,0,0,0
primary,gross,2013-07-01,2024-09-30,2834,135,-0.003913384690446893,0.06425529378776322,-0.06090369306181833,0.24358623992460104,-0.00032600035898666977,-0.2441345824682802,-0.04912557620195507,2020-03,0.5303859413857699,10.853062616203962,0.43265286545745524,6.512769185725983,0,0,0,0
primary,net2x,2013-07-01,2024-09-30,2834,135,-0.0068843401339228625,0.06420601243299558,-0.1072226707912636,0.2677410753555508,-0.0005734926496042737,-0.4264318074670682,-0.0494792064579771,2020-03,0.5250686063133054,10.856459212918688,0.43265286545745524,6.512769185725983,0,0,0,0
overlay,net,2013-07-01,2024-09-30,2834,135,-0.00922733325541353,0.05035447791997751,-0.18324752110581813,0.2064627979599919,-0.0007686732053451486,-0.7610367900534273,-0.03810940713140192,2018-12,0.3998364712045222,10.487114678419202,0.33106017797858794,4.903521302115947,0,0,0,0
overlay,gross,2013-07-01,2024-09-30,2834,135,-0.008080447043866101,0.0503748034058142,-0.16040652265718752,0.19784858347945578,-0.000673133066499604,-0.6709554574194254,-0.03803833251992706,2018-12,0.4048123770330501,10.485216012687381,0.33106017797858794,4.903521302115947,0,0,0,0
overlay,net2x,2013-07-01,2024-09-30,2834,135,-0.010374219466960957,0.05033971592446118,-0.2060841877321738,0.21576607988396523,-0.000864213344190692,-0.849806018900486,-0.038180481742876776,2018-12,0.3952127078315104,10.48955044940251,0.33106017797858794,4.903521302115947,0,0,0,0
diag_2b_le_only,net,2013-07-01,2024-09-30,2834,135,-0.023640478667329906,0.08667127058966097,-0.2727602642316633,0.413802151500258,-0.0019693449895124325,-0.8689734376634695,-0.08466260622992189,2014-06,-0.22294538021779706,10.645148224008205,0.5917788100184813,8.081416883907108,0,0,0,0
diag_2b_le_only,gross,2013-07-01,2024-09-30,2834,135,-0.021801509183434424,0.08665088064302823,-0.25160170354470063,0.39453440702843423,-0.0018161515880615263,-0.8042723073103885,-0.08461139092442213,2014-06,-0.21977008580270946,10.632142604698883,0.5917788100184813,8.081416883907108,0,0,0,0
diag_2b_le_only,net2x,2013-07-01,2024-09-30,2834,135,-0.025479448151225385,0.08669834817407768,-0.2938862006928478,0.43307431991159995,-0.0021225383909633374,-0.9331817544786657,-0.08471382153542167,2014-06,-0.22613609977522597,10.656559289864617,0.5917788100184813,8.081416883907108,0,0,0,0
diag_1b_seasonal_only,net,2018-07-02,2024-09-30,1575,75,-0.007647147419293803,0.06394362340782911,-0.11959202515817245,0.25688733982106693,-0.000637262284941149,-0.2810381853824549,-0.04734115661990973,2019-05,0.5457480690754533,10.225333655938233,0.4460609442569188,6.648485804590103,0,0,0,0
diag_1b_seasonal_only,gross,2018-07-02,2024-09-30,1575,75,-0.006149440585198743,0.06397168305629357,-0.09612754099008745,0.24986676320630197,-0.0005124533820998948,-0.22623854771678786,-0.04698332724396027,2019-05,0.5489420253610497,10.240067437556435,0.4460609442569188,6.648485804590103,0,0,0,0
diag_1b_seasonal_only,net2x,2018-07-02,2024-09-30,1575,75,-0.00914485425338886,0.0639213882003434,-0.14306407465255472,0.26439209448950307,-0.0007620711877824043,-0.33570836914531244,-0.047698985995859186,2019-05,0.5425302379472376,10.20870886106501,0.4460609442569188,6.648485804590103,0,0,0,0
