run,returns,start,end,n_days,n_months,ann_return,ann_vol,sharpe,max_drawdown,mean_monthly,nw_t_monthly,worst_month,worst_month_label,skew_daily,kurt_daily,avg_gross_leverage,max_gross_leverage,turnover,deferred_days,deferred_trades,superseded_orders,gf_cash_final_closes
primary,net,2013-07-01,2024-09-30,2834,135,-0.0017803575416769283,0.04844908892152232,-0.036746976698792955,0.2029217836596967,-0.0001483107957998947,-0.14466717743133023,-0.04073992750111824,2018-12,0.7127601440431588,16.60567302820323,0.25861937082557873,1.9880642108221023,4.449863292846995,0,0,0,0
primary,gross,2013-07-01,2024-09-30,2834,135,-0.0007669389515227338,0.04849503588562645,-0.01581479294770557,0.1962811485951398,-6.388903552661439e-05,-0.062406948812593455,-0.040466505168895966,2018-12,0.7192914210413228,16.609945393466845,0.25861937082557873,1.9880642108221023,4.449863292846995,0,0,0,0
primary,net2x,2013-07-01,2024-09-30,2834,135,-0.0027937761318311185,0.048408632668493885,-0.05771235372341782,0.20961121583662534,-0.0002327325560731744,-0.22664865987182106,-0.041013349833340505,2018-12,0.7068521262650853,16.599712400113418,0.25861937082557873,1.9880642108221023,4.449863292846995,0,0,0,0
overlay,net,2013-07-01,2024-09-30,2834,135,-0.005825878302628069,0.039143269396330525,-0.14883473947054138,0.18253231978583018,-0.00048531860992498383,-0.5904465531138949,-0.04073992750111824,2018-12,0.5910672029328543,17.962229789304086,0.19781863008194622,1.9880642108221023,3.461071304897055,0,0,0,0
overlay,gross,2013-07-01,2024-09-30,2834,135,-0.005016939047536623,0.03918545571860018,-0.12803064186785074,0.17754825078999292,-0.0004179307836778011,-0.5112149303491617,-0.040466505168895966,2018-12,0.5991726774445338,17.94784282156847,0.19781863008194622,1.9880642108221023,3.461071304897055,0,0,0,0
overlay,net2x,2013-07-01,2024-09-30,2834,135,-0.006634817557719511,0.03910621672172363,-0.1696614531886908,0.18755301301602034,-0.0005527064361721663,-0.668649462354214,-0.041013349833340505,2018-12,0.5840280780349995,17.97814451422531,0.19781863008194622,1.9880642108221023,3.461071304897055,0,0,0,0
diag_1b_seasonal_only,net,2018-07-02,2024-09-30,1575,75,-0.003607314974151534,0.050719941041973644,-0.07112222333157438,0.17528389096342145,-0.0003006095811792942,-0.15728218589240897,-0.04734115661990973,2019-05,0.8742908064630831,21.034408254620438,0.23511862630351493,1.6519581727594443,3.792993436638828,0,0,0,0
diag_1b_seasonal_only,gross,2018-07-02,2024-09-30,1575,75,-0.0027397786985682827,0.050751775903811094,-0.0539838980957225,0.1707605452214579,-0.0002283148915473561,-0.11957827474083829,-0.04698332724396027,2019-05,0.8822948121164211,21.067282439277875,0.23511862630351493,1.6519581727594443,3.792993436638828,0,0,0,0
diag_1b_seasonal_only,net2x,2018-07-02,2024-09-30,1575,75,-0.004474851249734786,0.05069176126357445,-0.08827571065182692,0.1798074205455078,-0.000372904270811232,-0.19490067036983946,-0.047698985995859186,2019-05,0.8663377709573,20.99859173722713,0.23511862630351493,1.6519581727594443,3.792993436638828,0,0,0,0
