document,line,declared_time_et,description,first_commit,qualification
HYPOTHESIS.md,184,2026-10-02 22:32,"| 2026-10-02 22:32 | **OOS boundary for forward-looking tests.** P1, P3 and the leg decomposition include a month-end t only if every outcome date they use is before oos_start (2024-10-01). NASS placements are dated by reference month, not release date. | These tests use outcomes after t. Section 8 requires the OOS period to be evaluated once, so in-sample tests must not touch data dated 2024-10-01 or later. | No results seen |",d8e9363 2026-10-02T22:43:19-04:00 2026-10-02T22:44:31-04:00,Commit precedes result commit; local first-view chronology not independently provable
HYPOTHESIS.md,185,2026-10-02 22:32,"| 2026-10-02 22:32 | **Hedging-pressure availability (Variant C).** HP_t counts as known from the later of (a) the COT as-of date + 6 calendar days and (b) the business day after the actual public release. Actual release dates come from CFTC's published release schedules for every week that deviates from the normal Friday release, including holiday delays and the 2013 and 2018–19 shutdown backlogs. | Section 6 says ""the business day after its public release"". A fixed +6-day rule would use data before its release in delayed weeks. | No results seen |",d8e9363 2026-10-02T22:43:19-04:00 2026-10-02T22:44:31-04:00,Commit precedes result commit; local first-view chronology not independently provable
HYPOTHESIS.md,186,2026-10-02 22:32,| 2026-10-02 22:32 | **P1 pass rule.** P1 passes if β > 0 with a Newey-West (3 lags) t-stat > 2. | Section 8 gives the expected sign but no significance threshold. | No results seen |,d8e9363 2026-10-02T22:43:19-04:00 2026-10-02T22:44:31-04:00,Commit precedes result commit; local first-view chronology not independently provable
HYPOTHESIS.md,187,2026-10-02 22:32,"| 2026-10-02 22:32 | **P3 inference.** Both P3 regressions use Newey-West standard errors with 6 lags. ""Spot predicted, futures not"" means the spot-change slope on z_t is negative with an absolute NW t-stat > 2, and the futures-return slope has an absolute NW t-stat < 2. | Section 8 gives no standard errors or pass rule for P3. Outcome horizons of 5–7 months overlap across monthly observations. | No results seen |",d8e9363 2026-10-02T22:43:19-04:00 2026-10-02T22:44:31-04:00,Commit precedes result commit; local first-view chronology not independently provable
HYPOTHESIS.md,188,2026-10-02 22:32,"| 2026-10-02 22:32 | **P3 units (supplemental).** In addition to (i) as a return, report the sale contract's change from t to its last trading day in $/lb (F_T − F_t), so that (ii) minus this change equals the sale-minus-front spread at t. Tests (i) and (ii) are unchanged. | (i) is a percentage return and (ii) is a $/lb change, so they are not directly comparable. | No results seen |",d8e9363 2026-10-02T22:43:19-04:00 2026-10-02T22:44:31-04:00,Commit precedes result commit; local first-view chronology not independently provable
HYPOTHESIS.md,189,2026-10-02 22:32,"| 2026-10-02 22:32 | **Variant B leverage.** Variant B has no gross leverage cap, as written in Section 6. Its gross leverage is reported. | Section 6 caps only Variant A. Recorded so the uncapped choice is explicit. | No results seen |",d8e9363 2026-10-02T22:43:19-04:00 2026-10-02T22:44:31-04:00,Commit precedes result commit; local first-view chronology not independently provable
HYPOTHESIS.md,190,2026-10-02 22:32,"| 2026-10-02 22:32 | **Limit-locked days in multi-leg trades.** If any leg of a Variant B trade, or either side of a roll, is limit-locked on the execution day, the whole trade moves to the first following day on which none of the contracts involved is locked. | Section 6 defines the lock rule per contract. Deferring legs separately would break the head-unit hedge or leave a roll half done. | No results seen |",d8e9363 2026-10-02T22:43:19-04:00 2026-10-02T22:44:31-04:00,Commit precedes result commit; local first-view chronology not independently provable
HYPOTHESIS.md,191,2026-10-02 22:32,"| 2026-10-02 22:32 | **Trial count for the Deflated Sharpe Ratio.** Every backtest run is logged to `results/trial_log.csv`. N for the DSR is the number of distinct (variant, parameter set) configurations (24 expected), and the raw row count is also disclosed. Unit tests on synthetic data write to a temporary log, not the trial log. | Section 8 says ""using that count"". Reruns of an identical specification during development are not separate trials. | No results seen |",d8e9363 2026-10-02T22:43:19-04:00 2026-10-02T22:44:31-04:00,Commit precedes result commit; local first-view chronology not independently provable
HYPOTHESIS.md,192,2026-10-02 22:32,"| 2026-10-02 22:32 | **Robustness reporting windows.** Every spec is reported on its full available sample and on a common window starting at the latest start date among the non-seasonal specs. The seasonal spec is also compared with the primary on the seasonal spec's own window. These are extra views of the same 24 trials, not new trials. | The specs have different first valid signal dates (24/36/48-month lookbacks; the seasonal spec needs 5 extra years), which confounds full-sample comparisons. | No results seen |",d8e9363 2026-10-02T22:43:19-04:00 2026-10-02T22:44:31-04:00,Commit precedes result commit; local first-view chronology not independently provable
HYPOTHESIS.md,193,2026-10-02 23:13,"| 2026-10-02 23:13 | **Disclosure: NASS probe returned post-cutoff rows (no change to the design).** The first NASS series probe requested years 2009–2023 with `year__GE`/`year__LE`; Quick Stats ignored `year__LE`, so the response held placement rows from 2024-10 through 2026 in memory for that one run. No values from those months were displayed or saved; the only output touching them was each series' last year (2026) and row counts. The request now uses explicit `year` and `reference_period_desc` values, and `download.py` raises an error on any row dated 2024-10 or later in an in-sample request. The pinned series is CATTLE, ON FEED - PLACEMENTS, MEASURED IN HEAD (all weights, capacity 1,000+ head). | Rule 3 of the build spec: no data dated on or after oos_start outside run_oos.py. | No results seen (no backtest or test run yet) |",cd7b4bb 2026-10-02T23:47:25-04:00 2026-10-02T23:47:25-04:00,Commit precedes result commit; local first-view chronology not independently provable
HYPOTHESIS.md,194,2026-10-03 15:34,"| 2026-10-03 15:34 | **Missing feed days.** Dates with no settlement records and no trades for a product in the Databento feed are non-trading days for that product, with no forward-filling. In-sample: LE and GF on 2012-02-06 to 2012-02-09, 2014-06-12 and 2014-09-23 to 2014-09-25; ZC on 2020-02-27 and 2020-06-30. M_t and month-ends require settlements for all three selected contracts on the same date. If an execution day has no settlement for any traded leg, the whole trade moves to the first following day on which every leg has a settlement, as for limit-locked days. P&L across a gap uses the settlements on either side of it. | Sections 4–6 assume a settlement on every trading day; the source data has none on these dates. | No results seen (data audit and contract-selection checks only) |",7974e1f 2026-10-03T15:42:28-04:00 2026-10-03T15:42:28-04:00,Commit precedes result commit; local first-view chronology not independently provable
HYPOTHESIS.md,195,2026-10-03 15:34,| 2026-10-03 15:34 | **P3: LEZ2014 has no final settlement.** The feed has no settlement or trades for LEZ2014 on its last trading day (2014-12-31). The P3 observations whose sale contract is LEZ2014 (month-ends 2014-06-30 and 2014-07-31) are dropped and disclosed; no substitute price is used. | P3 (i) and (ii) need the sale contract's final settlement. | No results seen (data audit and contract-selection checks only) |,7974e1f 2026-10-03T15:42:28-04:00 2026-10-03T15:42:28-04:00,Commit precedes result commit; local first-view chronology not independently provable
HYPOTHESIS.md,196,2026-10-03 15:34,"| 2026-10-03 15:34 | **Variant B: feeder contract expiring before the next execution.** The 30-day rule can select a GF contract that expires before the next rebalance executes. When that happens, the GF leg is closed at the GF cash-final settlement (CME Feeder Cattle Index, dated the business day after the last trading day), charged the $2.50 commission/fee component only with no slippage, and the replacement GF contract is opened at the next scheduled execution. The number of such events is reported. The 30-day selection rule is unchanged. | Section 6 does not cover a selected contract expiring while held. | No results seen (data audit and contract-selection checks only) |",7974e1f 2026-10-03T15:42:28-04:00 2026-10-03T15:42:28-04:00,Commit precedes result commit; local first-view chronology not independently provable
HYPOTHESIS.md,197,2026-10-03 15:43,"| 2026-10-03 15:43 | **Pre-declared diagnostic 1: seasonality (not a trial; primary spec unchanged).** (a) P1 is also reported with the seasonally adjusted z: M_t minus the mean of M at the same calendar month in each of the previous 5 years (all 5 required), z-scored over the 36 prior month-ends excluding t, the same adjustment as the pre-registered robustness spec. (b) For each trading variant, a ""seasonal-only"" version is reported: the same position rule applied to the z-score of the seasonal component itself (the trailing 5-year same-calendar-month mean of M, z-scored over its own 36 prior month-ends, excluding t), together with the correlation of the two variants' positions and monthly net returns, and an OLS regression of the variant's monthly net returns on its seasonal-only version (Newey-West, 5 lags). | Prompted only by an input property: calendar month explains 46% of the variance of month-end M_t, while P1's outcome (year-over-year placements) is deseasonalized. Diagnostics are reported without pass/fail, do not enter the decision table or the Deflated Sharpe trial count, and any backtest runs they need are logged in `results/trial_log.csv` flagged as diagnostics. | No results seen (margin series only; no z-scores, placement regressions or returns computed) |",d9e64d2 2026-10-03T16:45:53-04:00 2026-10-03T16:45:53-04:00,Commit precedes result commit; local first-view chronology not independently provable
HYPOTHESIS.md,198,2026-10-03 15:43,"| 2026-10-03 15:43 | **Pre-declared diagnostic 2: revenue-leg control (not a trial; primary spec unchanged).** z_LE is the z-score of 1,400 × the sale-contract LE settlement over the same 36 prior month-ends, excluding t. (a) P1 is also reported with z_t and z_LE as joint regressors (Newey-West, 3 lags). (b) Variant A's monthly net returns are regressed on an LE-only Variant A (the same rules with z_LE in place of z_t; Newey-West, 5 lags), and the correlation of their monthly net returns is reported. This tests whether the feeder and corn legs add information beyond LE's own price. | Prompted only by an input property: the LE leg accounts for 75% of the variance of month-to-month changes in M. Same status as diagnostic 1. | No results seen (margin series only; no z-scores, placement regressions or returns computed) |",d9e64d2 2026-10-03T16:45:53-04:00 2026-10-03T16:45:53-04:00,Commit precedes result commit; local first-view chronology not independently provable
HYPOTHESIS.md,199,2026-10-03 17:13,"| 2026-10-03 17:13 | **Pre-declared report: drawdown de-risking overlay (primary spec unchanged).** Reported alongside every variant (A, B, C; primary and robustness specs). Drawdown = 1 − equity / running peak equity, where equity = 1 + cumulative daily net returns (1× costs) of the overlaid strategy itself, on fixed capital. At each month-end signal date: if drawdown exceeds 15%, the position set at that rebalance is halved; once halved, it stays halved until drawdown is within 7.5% of peak at a month-end signal date, when full size is restored at that rebalance. Changes take effect at the normal next-day execution. The same position path is used for the gross and 2× cost figures. Results are reported with and without the overlay; the primary result remains the no-overlay version. Overlay runs are logged in `results/trial_log.csv` flagged as overlays and are not counted in the Deflated Sharpe N; the total number of logged runs is disclosed. | Risk-management reporting. | No return results seen (P1 not yet run; no backtest run) |",40f3151 2026-10-03T17:17:35-04:00 2026-10-03T17:17:35-04:00,Commit precedes result commit; local first-view chronology not independently provable
HYPOTHESIS.md,200,2026-10-03 17:13,"| 2026-10-03 17:13 | **Pre-declared report: stress tests.** (i) Named episodes, for every variant: August 2019 (Tyson Holcomb, Kansas plant fire on 2019-08-09), trading days 2019-08-01 to 2019-08-30; COVID packer shutdowns, trading days 2020-03-02 to 2020-05-29; and the calendar month with the lowest net return for that variant. Reported: cumulative net return, worst day and maximum drawdown within each window. (ii) Hypothetical shock: two consecutive daily limit moves against the position at the maximum gross leverage (\|w\| = 2) for Variants A and C, using CME's LE daily price-limit rule current at the time of the report (normal limit, then the expanded limit for the following day if the rule provides one; cited, with retrieval date), applied at the last in-sample settlement of the sale contract. For Variant B, the same two LE limit moves applied to its largest in-sample position, with the GF and ZC legs unchanged. | Risk-management reporting. | No return results seen (P1 not yet run; no backtest run) |",40f3151 2026-10-03T17:17:35-04:00 2026-10-03T17:17:35-04:00,Commit precedes result commit; local first-view chronology not independently provable
HYPOTHESIS.md,201,2026-10-03 17:13,"| 2026-10-03 17:13 | **Pre-declared report: liquidity and capital.** (i) At each rebalance, contracts held in each traded contract as a percentage of (a) that contract's average daily volume over the 20 trading days ending on the signal date (Databento ohlcv-1d) and (b) its open interest (statistics schema, latest value dated on or before the signal date); median and maximum across rebalances, by variant and leg, at $1M capital. (ii) The AUM at which positions reach 1%, 5% and 10% of ADV, using positions that scale linearly with capital: reported both for the median rebalance and for the largest one (for Variant B, the binding leg). (iii) CME initial margin per LE contract (current figure from CME Group, cited with retrieval date) and the implied margin-to-equity ratio (sum of \|contracts\| × initial margin ÷ capital), median and maximum across rebalances; GF and ZC margins are included for Variant B. Current margins are applied to historical positions, which is disclosed. (iv) Federal (CFTC Part 150) and CME Rulebook position limits and accountability levels for LE, cited, compared with the largest position at $1M, and the AUM at which each would bind. | Liquidity and capital reporting. | No return results seen (P1 not yet run; no backtest run) |",40f3151 2026-10-03T17:17:35-04:00 2026-10-03T17:17:35-04:00,Commit precedes result commit; local first-view chronology not independently provable
HYPOTHESIS.md,202,2026-10-03 17:31,"| 2026-10-03 17:31 | **Extension of the 2026-10-03 15:34 row ""P3: LEZ2014 has no final settlement"".** The P3 observation at month-end 2014-12-31 is also dropped and disclosed: its ""spot"" proxy, the front LE contract, is LEZ2014, which expires that day and has no settlement in the feed. No substitute price is used. Any other month-end without a front-contract settlement would stop the test rather than be dropped. | Same data gap as the original row, here affecting the front contract rather than the sale contract. | No P3 results seen (leg decomposition computed; P3 not computed) |",7e504e8 2026-10-03T17:33:35-04:00 2026-10-03T17:33:35-04:00,Commit precedes result commit; local first-view chronology not independently provable
HYPOTHESIS.md,203,2026-10-03 17:36,"| 2026-10-03 17:36 | **Variant C: conservative CFTC availability rule (replaces the actual-release lookup in the 2026-10-02 row).** A COT report with as-of date a counts as known from: (1) for reports in a documented publication disruption, the date given below; otherwise (2) a + 6 calendar days, or a + 8 if a US federal holiday or federal closure falls in [a+1, a+6]; then (3) rolled forward to the next business day. Disruptions (as-of range: known from): 2013 shutdown, 2013-10-01 to 2013-10-29: 2013-11-12 (CFTC PR 6745-13: schedule current by the 2013-11-08 release; 11-11 is a holiday). 2018–19 shutdown, 2018-12-24 to 2019-03-05: 2019-03-18 (CFTC PR 7864-19: first delayed report 2019-02-01, then two per week until current; about one week of buffer added). 2023 ION incident, 2023-01-31 to 2023-03-14: 2023-03-22 (CFTC COT Historical Special Announcements: last delayed report issued 2023-03-21). 2025 shutdown (out-of-sample), 2025-09-30 to 2025-12-16: 2025-12-29 (CFTC 2025-12-09 announcement: last backlogged report 2025-12-23). Federal closures added to the holiday calendar: 2018-12-05, 2018-12-24, 2019-12-24, 2020-12-24, 2024-12-24, 2025-01-09, 2025-12-24, 2025-12-26. In every documented case this date is on or after the business day following the actual release. | CFTC does not publish historical release dates, and the archived-schedule table could not be built quickly; this rule never uses a report before its release and is at most a few days later than the actual-release rule. | No Variant B or C results seen (Variant A, P1, P3 and the leg decomposition computed) |",f8f286d 2026-10-03T17:44:37-04:00 2026-10-03T17:44:37-04:00,Post-result commit: C first logged 17:38:46 ET; B 17:40:27 ET
HYPOTHESIS.md,204,2026-10-03 17:39,"| 2026-10-03 17:39 | **Extension of the 2026-10-03 15:34 row ""Variant B: feeder contract expiring before the next execution"".** When the feed has no cash-final settlement for the expiring GF contract, the GF leg is closed at that contract's last trading-day settlement, charged the $2.50 commission/fee component only with no slippage. In-sample this applies to four expiries: GFQ2017 (2017-08), GFQ2018 (2018-08), GFF2019 (2019-01) and GFV2019 (2019-10). Where both records exist (89 contracts), the cash final differs from the last trading-day settlement by a median 0.15% (maximum 0.84%). | The approved rule needs a cash-final price that the feed lacks for these four contracts. | No Variant B results seen (Variant C computed, not yet reviewed or reported) |",f8f286d 2026-10-03T17:44:37-04:00 2026-10-03T17:44:37-04:00,Post-result commit: C first logged 17:38:46 ET; B 17:40:27 ET
HYPOTHESIS_H2.md,92,2026-10-03 23:17,"| 2026-10-03 23:17 | **Implementation choices for the primary specification (no rule changed).** (a) r_LE(t) runs from the last LE settlement of month t−1 to the last LE settlement of month t, on the contract selected at the month t−1 settlement date as the first LE contract whose last trading day is at least 45 calendar days later. (b) σ_LE is the sample standard deviation (ddof = 1) of the 36 prior monthly r_LE; the first signal is July 2013. (c) Month-end t is the last LE settlement date of the calendar month; trades execute at the close of the first NYSE trading day after t. (d) β_i is the OLS slope (with intercept) of the stock's daily return on its sector ETF's daily return over the 252 trading days ending at t, held until the next rebalance. (e) σ̂_basket is the annualized (×√252, ddof = 1) standard deviation of the basket's daily hedged returns over the 60 trading days ending at t, using the β_i estimated at t. (f) Section 7's ""gross exposure ≤ 2× capital"" counts stock and hedge legs: if \|w\|/2 × (2 + β_TSN + β_TXRH) > 2, w is scaled down to meet it; ""each stock ≤ 1×"" follows from \|w\| ≤ 2. (g) Positions are set in dollars at the execution close and held (notional drifts with price) until the next rebalance; each rebalance trades the difference, and costs apply per side to the traded notional. (h) Borrow of 0.50% a year accrues on short notional (stock or ETF legs), per trading day at 0.50%/252; doubled in the cost stress. (i) Returns are P&L on fixed capital with no interest on cash, as in H1. (j) Monthly returns are sums of daily returns within the calendar month; Q1 and Q2 use calendar-month sums of the daily hedged basket return built with the β_i estimated at the prior month-end; Q3's Newey-West t uses 2 lags, the lag count Section 6 gives for H2's tests. (k) Equity data: yfinance split- and dividend-adjusted closes from 2009-01-01 to 2024-09-30; back-adjustment for later dividends rescales the whole in-sample history by a constant and leaves in-sample returns unchanged. (l) Only the primary trial is run in this step; the four alternative trials are not run. | The specification leaves these points open; recorded before any TSN, TXRH, XLP or XLY data was loaded. | No H2 results seen (no equity data loaded) |",8a2d559 2026-10-03T23:27:33-04:00 2026-10-03T23:27:33-04:00,Post-result commit: H2 first logged 23:21:58 ET
HYPOTHESIS_H2.md,93,2026-10-03 23:23,"| 2026-10-03 23:23 | **Bug fix (reporting only; no strategy change).** The intercept-only Newey-West helper in `src/h2.py` returned NaN, so the first run printed no t-statistic for Q3 or the benchmark mean. It was fixed and those t-statistics were recomputed from the saved daily returns; positions, returns, costs and Q1/Q2 are unaffected and the backtest was not re-run. | Implementation error. | Yes: primary results had been printed (the fix changes only the missing t-statistics) |",8a2d559 2026-10-03T23:27:33-04:00 2026-10-03T23:27:33-04:00,Post-result commit: H2 first logged 23:21:58 ET
