month,pair,pnl,entries,stops
2015-08,PNC/TFC,-9.70321010415726e-05,1,0
2015-08,EIX/ES,0.0007302624534397436,1,1
2015-08,AEE/CMS,0.0,0,0
2015-08,AME/ROP,-0.0008955106651391685,1,1
2015-08,DUK/ETR,-0.000754550091435397,1,1
2015-08,CB/TRV,0.0,0,0
2015-08,AEP/XEL,-0.00024092358881818988,1,0
2015-08,CCI/PG,-0.001693374901059223,1,1
2015-08,DOC/VTR,-5.682436211207305e-05,1,1
2015-08,DTE/ED,-0.00039687681154374247,1,0
2015-09,CMS/DTE,0.0,0,0
2015-09,KIM/O,0.00024048636344917878,1,0
2015-09,MCD/PEP,-0.0012685756298171302,1,1
2015-09,BXP/SLG,0.0,0,0
2015-09,PNW/WEC,0.0,0,0
2015-09,AEE/ES,0.00029645352241177943,1,0
2015-09,PNC/TFC,-0.001379678924274146,1,0
2015-09,EMR/ETN,-0.00039086427136629856,1,0
2015-09,AEP/PCG,-0.0004337872108146661,1,1
2015-09,CL/KO,-0.0012513468331730724,1,0
2015-10,CMS/DTE,-0.00035993651890975516,1,0
2015-10,AEE/PNW,-0.0007571882266128895,1,0
2015-10,KIM/O,-0.0006282698567047652,1,1
2015-10,BXP/VNO,-0.0001821359456821954,2,1
2015-10,ADP/PAYX,-0.0004628159704284519,2,0
2015-10,HBAN/PNC,-0.00045825430171702995,1,0
2015-10,AEP/D,0.0016079825552916514,1,0
2015-10,KEY/TFC,-0.0035098375692386922,1,0
2015-10,KO/PEP,-0.00038413805271866864,1,0
2015-10,EMR/ETN,-0.0009729156859650091,1,1
2015-11,PNW/XEL,0.0,0,0
2015-11,SLG/VNO,-0.0002604674383111171,1,0
2015-11,AEP/DTE,0.0007094390542678316,1,0
2015-11,USB/WFC,0.0,0,0
2015-11,CMS/ES,0.0,0,0
2015-11,TFC/UNM,-0.0016044197564589985,1,1
2015-11,HBAN/PNC,-0.00032378396927317226,1,0
2015-11,ESS/VMRK,0.00020423366564709298,1,0
2015-11,AON/MRSH,0.0015105625584376282,1,0
2015-11,MET/PRU,-0.0008920236118635294,1,1
2015-12,CMS/DTE,-0.001277768446870063,1,0
2015-12,SLG/VNO,-0.0006358684724029718,1,1
2015-12,KO/PEP,-1.8196452125255942e-05,1,0
2015-12,AEP/SO,-0.0006924194592750178,1,1
2015-12,BRK-B/MRSH,-0.0007322766429205021,1,0
2015-12,PNC/USB,-0.0003603333727055667,1,0
2015-12,NTRS/TFC,0.0010421084286501977,1,0
2015-12,AMP/GS,0.0008104348125863263,1,0
2015-12,BNY/WFC,0.0,0,0
2015-12,RF/ZION,-0.0017112729966884338,1,0
2016-01,CMS/XEL,-0.000860150083003774,2,0
2016-01,MTB/USB,-0.0009471334832536208,1,1
2016-01,DTE/PCG,0.0,0,0
2016-01,AEP/SO,0.0007388418130835803,1,0
2016-01,ES/PNW,0.000649152788612195,1,0
2016-01,PRU/TFC,0.0010095057618692857,1,0
2016-01,BRK-B/MRSH,0.0,0,0
2016-01,BXP/VNO,-3.227533939977803e-05,1,0
2016-01,FITB/RF,-0.0002624993148901345,1,0
2016-01,MDT/TMO,-0.0002044232019705102,1,0
2016-02,PNC/USB,-0.00016959041265784,1,1
2016-02,ES/PNW,0.0,0,0
2016-02,MTB/TFC,0.0018040537693049656,1,0
2016-02,WEC/XEL,0.0,0,0
2016-02,DTE/PCG,0.0,0,0
2016-02,CB/TRV,-0.000267253612624608,2,0
2016-02,FITB/HBAN,0.0,0,0
2016-02,BXP/VNO,-0.0005255540230795006,1,1
2016-02,DGX/ZTS,-0.0029316218705312687,1,0
2016-02,MDT/TMO,2.0161958379866812e-05,1,0
2016-03,CMS/XEL,0.0,0,0
2016-03,PCG/PNW,-0.00013263338611374946,1,0
2016-03,AEE/ES,0.0,0,0
2016-03,RSG/WM,0.0,0,0
2016-03,PNC/USB,-0.0008293985486502199,1,0
2016-03,AZO/ORLY,0.0,0,0
2016-03,FRT/KIM,0.0,0,0
2016-03,BNY/NTRS,0.0,0,0
2016-03,KO/PM,-4.517888358880284e-06,1,0
2016-03,GPC/MMM,-0.0005224829064480537,1,0
2016-04,AEE/ES,0.0013015600958522482,1,0
2016-04,RSG/WM,0.0004089701101975311,1,0
2016-04,CMS/XEL,0.00023473758560800485,1,0
2016-04,PNC/WFC,0.0,0,0
2016-04,EXPD/UPS,0.0013543236770127535,1,0
2016-04,FITB/HBAN,0.0,0,0
2016-04,DTE/PCG,0.0,0,0
2016-04,T/VZ,-0.0008107851564567641,1,0
2016-04,AEP/FE,0.0,0,0
2016-04,AZO/ORLY,0.0010094436485598198,1,0
2016-05,CMS/XEL,0.0,0,0
2016-05,NEE/WEC,0.0,0,0
2016-05,AEP/ETR,0.0,0,0
2016-05,AMT/PLD,-0.0007357466003772786,1,0
2016-05,ES/PNW,-0.00086882094679643,1,0
2016-05,HON/MRSH,-0.0022998430306193055,1,1
2016-05,PCG/PPL,-3.188906980247137e-05,1,0
2016-05,LMT/NOC,0.0,0,0
2016-05,AON/CINF,0.0,0,0
2016-05,EMR/ETN,0.0,0,0
2016-06,NEE/WEC,0.00026904220162832606,1,0
2016-06,DTE/PCG,0.0,0,0
2016-06,JPM/MTB,0.0,0,0
2016-06,BAC/C,0.0,0,0
2016-06,AEE/ES,-0.0013473384929693739,1,1
2016-06,AEP/ETR,0.0,0,0
2016-06,PNW/XEL,0.0,0,0
2016-06,ESS/VNO,-0.0017778043877093425,1,1
2016-06,FITB/HBAN,-0.0031044377110097496,1,1
2016-06,GPC/MMM,0.0,0,0
2016-07,CMS/XEL,0.0,0,0
2016-07,JPM/MTB,0.00029625039613993104,1,1
2016-07,NEE/WEC,0.0,0,0
2016-07,AEP/DUK,0.0,0,0
2016-07,DTE/PCG,0.0,0,0
2016-07,BAC/C,0.0024243830925133984,2,0
2016-07,UDR/VMRK,-0.00026951633914691967,1,0
2016-07,PFG/PRU,-0.0031172351334665996,1,0
2016-07,BRK-B/UPS,0.00013244390803000545,1,0
2016-07,AON/CINF,-0.000638606171953622,1,0
2016-08,CMS/XEL,3.12910853899311e-05,1,0
2016-08,DTE/NEE,0.0,0,0
2016-08,AZO/ORLY,-0.0008861155088902905,1,1
2016-08,MMM/UPS,0.0,0,0
2016-08,JPM/MTB,-0.00037158959026936954,1,0
2016-08,LNT/PNW,0.0003982157765150675,1,0
2016-08,LMT/NOC,-0.0013811535346341108,1,1
2016-08,AEE/PCG,-0.0006871100470778259,1,0
2016-08,ED/WEC,0.0,0,0
2016-08,UDR/VMRK,-0.000800161432000386,1,0
2016-09,CMS/WEC,0.0,0,0
2016-09,DUK/EIX,0.0,0,0
2016-09,AEE/AEP,0.00014625347939469622,1,0
2016-09,SO/XEL,0.00044057689015508563,1,0
2016-09,NEE/PCG,0.0,0,0
2016-09,CL/PEP,0.0,0,0
2016-09,D/ETR,0.0,0,0
2016-09,FRT/SPG,0.0005136044367057227,1,0
2016-09,APD/RTX,-0.0006624182135642356,1,0
2016-09,BDX/MDT,0.0,0,0
2016-10,CMS/XEL,0.0,0,0
2016-10,D/SO,0.0,0,0
2016-10,CL/PEP,-0.0006574544489033601,1,0
2016-10,DTE/EIX,-0.0005426477135405993,1,1
2016-10,NEE/PCG,-0.0003124622550443987,1,0
2016-10,DGX/LH,-0.000503315462507767,1,1
2016-10,BXP/VNO,0.0,0,0
2016-10,LNT/PNW,0.0,0,0
2016-10,C/PRU,0.001346704690751811,1,0
2016-10,BDX/MDT,0.00034554576818531055,1,0
2016-11,CMS/WEC,-0.0010201142120005334,1,1
2016-11,PNW/XEL,-0.0006151745114973325,1,1
2016-11,AEP/DUK,-0.00045148579009302486,1,0
2016-11,RSG/WM,0.00033994334155421974,1,0
2016-11,DTE/PCG,-0.0013603908825000357,1,0
2016-11,ESS/UDR,-0.0001709255923201531,1,0
2016-11,BSX/CMCSA,-0.002117218087098818,1,1
2016-11,AEE/SRE,-0.0008161493518563613,1,1
2016-11,ALL/TRV,-0.0007142329660679239,1,1
2016-11,BDX/MDT,-0.002282014958864184,1,1
2016-12,DUK/EIX,0.0005024647075824966,2,0
2016-12,LNT/PCG,0.0,0,0
2016-12,CMS/WEC,0.0004635253219379123,1,0
2016-12,VTR/WELL,0.0,0,0
2016-12,RSG/WM,0.0,0,0
2016-12,ESS/UDR,-4.913535447034655e-05,1,0
2016-12,D/SO,7.138137440577503e-05,1,1
2016-12,INTU/VRSK,-0.0009337283014107788,1,1
2016-12,FRT/KIM,-0.0014096658947812207,1,0
2016-12,AEE/DTE,0.0,0,0
2017-01,CMS/XEL,0.0,0,0
2017-01,ED/WEC,0.0,0,0
2017-01,LNT/SO,0.00015037526107179443,1,0
2017-01,EIX/PPL,0.0,0,0
2017-01,AEP/DUK,0.0,0,0
2017-01,ESS/UDR,0.0,0,0
2017-01,FRT/KIM,-0.0010845067051376397,1,0
2017-01,KMB/NI,0.0005267637867892821,1,0
2017-01,VTR/WELL,-0.00015901640879438097,1,0
2017-01,CHD/MKC,0.0,0,0
2017-02,LNT/XEL,-0.0002447214392095134,1,0
2017-02,AEP/DUK,0.0005092208549967785,1,0
2017-02,CMS/ED,-0.00016426566031626347,1,0
2017-02,AEE/DTE,0.00010801393277899408,1,0
2017-02,KIM/SPG,-0.002311757404655891,1,1
2017-02,HON/MMM,0.0007031863756753174,1,0
2017-02,AVY/LH,-0.0018019203263741818,1,1
2017-02,ESS/UDR,0.0,0,0
2017-02,CHRW/ITW,0.0,0,0
2017-02,CHD/MKC,4.961667815450558e-05,1,0
2017-03,AEP/DUK,0.0,0,0
2017-03,PCG/XEL,0.0,0,0
2017-03,CMS/LNT,0.0003092081970763004,1,0
2017-03,EIX/ES,0.0,0,0
2017-03,AEE/DTE,-7.20665723828495e-05,1,0
2017-03,VTR/WELL,0.0008187154326747772,1,0
2017-03,PEP/PG,0.0,0,0
2017-03,ED/SO,-0.0006767843366633669,1,0
2017-03,BAX/BDX,-0.0001066482200847858,1,0
2017-03,BLK/ICE,0.0010830484942314707,1,0
2017-04,DUK/LNT,0.0,0,0
2017-04,ES/PNW,7.376747828771698e-05,1,0
2017-04,PCG/PPL,0.0,0,0
2017-04,CMS/XEL,-0.00035979095617045653,1,0
2017-04,MKC/PEP,0.0,0,0
2017-04,ITW/MRSH,0.0011326482923516015,1,0
2017-04,AEE/DTE,0.0,0,0
2017-04,UDR/VMRK,0.0,0,0
2017-04,DOC/O,0.0,0,0
2017-04,ABBV/PFE,0.0,0,0
2017-05,PCG/XEL,-0.0003669495645620414,1,1
2017-05,AEP/DUK,-0.000503865119412812,1,0
2017-05,CMS/ES,0.0,0,0
2017-05,DTE/PEG,-0.00041469167858241613,1,1
2017-05,CRM/V,0.0009414932740859964,1,0
2017-05,GS/ZION,0.0009018238057747945,1,0
2017-05,UDR/VMRK,-0.0006003279786100713,1,0
2017-05,ABBV/PFE,-0.0008439168689735841,1,0
2017-05,D/LNT,0.0,0,0
2017-05,AEE/PNW,0.0008513585209860027,2,0
2017-06,CMS/DUK,0.0,0,0
2017-06,ES/XEL,0.000530803217189481,1,0
2017-06,D/WEC,0.00011974582306552813,1,0
2017-06,PNC/UNM,0.0015699820072745526,1,0
2017-06,AEE/ETR,3.6830747016369266e-05,1,0
2017-06,DHI/LEN,0.0,0,0
2017-06,PCG/PNW,0.0002004374401653986,1,0
2017-06,MAC/SPG,-0.000593206728923,1,0
2017-06,CB/TRV,0.0009897398512557925,1,0
2017-06,BRK-B/L,0.0,0,0
2017-07,EIX/PCG,-0.001074062635815029,1,1
2017-07,ETR/LNT,0.00010733577272867468,1,0
2017-07,DUK/ES,0.0,0,0
2017-07,AEP/ED,-0.0012045587100010869,1,1
2017-07,FITB/TFC,0.001394795342891937,1,0
2017-07,PPL/XEL,-0.000353826355271399,1,1
2017-07,AEE/WEC,0.0,0,0
2017-07,MTB/USB,0.0014968747596173387,1,0
2017-07,HON/ITW,-0.0001476355826762125,1,0
2017-07,BRK-B/GL,0.0,0,0
2017-08,AEP/CMS,-0.00020402643550896304,1,0
2017-08,DUK/LNT,0.0003206849968656527,1,0
2017-08,FITB/TFC,0.0,0,0
2017-08,EIX/PCG,-0.00031757327873771735,1,1
2017-08,LMT/NOC,0.00011694462367158359,1,0
2017-08,CINF/NDAQ,0.001819987302222652,1,0
2017-08,FRT/REG,-7.326115151801062e-08,1,0
2017-08,PPL/XEL,-0.001656523018622442,1,1
2017-08,MLM/VMC,-0.0008437949211941637,1,0
2017-08,AWK/CNP,-0.0003874731167951612,2,0
2017-09,DTE/ED,6.650188796651254e-05,1,0
2017-09,LNT/PNW,-0.0012027762514480954,1,1
2017-09,FITB/TFC,-0.0012068550131236508,1,1
2017-09,DUK/ES,0.00020576419633575605,1,0
2017-09,D/ETR,0.0009261274492913679,1,0
2017-09,VTR/WELL,0.0,0,0
2017-09,LMT/NOC,0.0015201938804389483,1,0
2017-09,RSG/WM,-0.0007379987786077973,1,0
2017-09,UDR/VMRK,0.0,0,0
2017-09,HSY/MKC,0.0,0,0
2017-10,DUK/ES,-0.0006332029871924138,1,1
2017-10,LNT/WEC,-8.601928591700234e-05,1,0
2017-10,CMS/DTE,0.00019721285069096623,1,0
2017-10,AEP/ED,0.0007713568911613869,1,0
2017-10,RSG/WM,-0.0003346149942366486,1,1
2017-10,KO/VMRK,0.0005736899877402885,1,0
2017-10,VTR/WELL,0.0,0,0
2017-10,CNP/SRE,0.0009099897446649795,1,0
2017-10,ACN/APH,0.0024926259476299724,1,0
2017-10,ALL/HIG,0.001132528283175983,1,0
2017-11,DTE/DUK,0.0006656606727497075,2,0
2017-11,LNT/WEC,5.2930519976670916e-05,1,0
2017-11,ESS/VMRK,-0.000979446503604079,1,1
2017-11,PNC/UNM,-0.0008736478675922855,1,1
2017-11,ARE/KO,-0.0005659894828329858,2,1
2017-11,AEP/XEL,0.0001496523150465229,1,0
2017-11,CCI/NI,-0.0010151080475462714,1,1
2017-11,BALL/VRSK,-0.0002693613464792724,1,1
2017-11,CB/TRV,0.0001005055868011447,1,0
2017-11,CNP/SRE,0.0,0,0
2017-12,LNT/XEL,0.0,0,0
2017-12,DTE/DUK,-0.0007603127178008826,1,0
2017-12,AEP/CMS,-0.00031105322422528444,1,0
2017-12,CLX/PEP,-0.000436272611968733,1,1
2017-12,AFL/BRK-B,2.026753368307324e-05,1,0
2017-12,CB/TRV,-0.0017601383140575621,1,1
2017-12,HON/ROP,0.000566540367459269,1,0
2017-12,PNR/PPG,0.0,0,0
2017-12,VTR/WELL,-0.00024470837877157335,1,0
2017-12,PFG/PRU,0.0,0,0
2018-01,LNT/WEC,-0.0004890051519759459,1,1
2018-01,VTR/WELL,0.0,0,0
2018-01,CMS/ES,-0.00043373671063929247,1,1
2018-01,D/ED,-0.00038097680286170625,2,0
2018-01,AEP/XEL,0.0,0,0
2018-01,FITB/GL,-0.0018492554906969151,1,1
2018-01,NI/SRE,0.00033041949272633405,1,0
2018-01,CRM/SNPS,-0.0006809705681957558,1,0
2018-01,AMT/EQIX,-0.0009376102502584473,1,1
2018-01,JPM/PNC,0.0009309790104076399,1,0
2018-02,CMS/XEL,0.00022122303143306014,2,0
2018-02,DTE/ED,-2.9583481352520707e-05,1,0
2018-02,SLG/VNO,-0.0015712636887914744,1,1
2018-02,NI/SRE,-0.0006103105231423682,1,1
2018-02,KEY/PNC,0.0007020817567280661,1,0
2018-02,UDR/VMRK,0.0,0,0
2018-02,VTR/WELL,-4.00044887833845e-05,1,0
2018-02,ACN/INTU,0.0014686380534879781,1,0
2018-02,APH/SNPS,-0.0010076011825358715,1,1
2018-02,CB/HIG,0.0,0,0
2018-03,AEP/XEL,0.0004447312455225161,1,0
2018-03,ED/LNT,-0.0006284551231471676,1,0
2018-03,VTR/WELL,-0.0009097426063115278,1,0
2018-03,MTB/PNC,0.0012232058517397805,1,0
2018-03,AEE/DTE,0.0,0,0
2018-03,FRT/REG,0.001354381497949573,1,0
2018-03,MLM/VMC,-0.000998530448511211,1,0
2018-03,ETR/EXC,0.0,0,0
2018-03,IP/PKG,-0.00034385129956919947,2,1
2018-03,UDR/VMRK,0.0,0,0
2018-04,CMS/LNT,-0.0004110563180933276,1,1
2018-04,VTR/WELL,0.0,0,0
2018-04,DUK/SO,0.0,0,0
2018-04,DHR/WAT,-0.003080344270399629,1,1
2018-04,MTB/TFC,8.923970369824078e-05,1,0
2018-04,AEP/XEL,0.0,0,0
2018-04,AEE/ED,-4.2080908409841656e-05,1,0
2018-04,BLK/TROW,-0.002045296266485929,1,1
2018-04,HBAN/ZION,-0.001083736480514472,1,1
2018-04,ETR/EXC,0.0,0,0
2018-05,AEP/CMS,-0.0002688895041221094,1,1
2018-05,ED/XEL,-0.0002653840508982356,1,0
2018-05,NI/PNW,0.0,0,0
2018-05,VTR/WELL,0.0,0,0
2018-05,HBAN/PNC,0.0,0,0
2018-05,BAC/JPM,0.0,0,0
2018-05,ARE/SLG,0.0,0,0
2018-05,ES/EXC,-0.0026837583683194943,1,1
2018-05,FITB/ZION,-0.003248552260889554,1,1
2018-05,ABT/DHR,0.0,0,0
2018-06,AEP/XEL,0.00042524004447148364,1,0
2018-06,DUK/SO,-0.0010585754979512817,1,1
2018-06,VTR/WELL,0.0,0,0
2018-06,UDR/VMRK,0.0,0,0
2018-06,AMT/CCI,0.00036898135498681896,1,0
2018-06,ED/PNW,0.0,0,0
2018-06,HBAN/KEY,0.0,0,0
2018-06,MTB/PNC,0.0,0,0
2018-06,FTV/ROP,0.0026629471265205615,2,0
2018-06,ARE/BXP,0.0025375192477314315,1,0
2018-07,AEP/DUK,0.0,0,0
2018-07,CMS/LNT,-0.00014399450853569483,1,0
2018-07,VTR/WELL,0.0002976597805105654,1,0
2018-07,MAA/UDR,0.0004997647759520426,1,0
2018-07,BAC/JPM,-0.000393323732752334,1,0
2018-07,DOC/O,0.0012252012397349545,1,0
2018-07,ED/PNW,0.0,0,0
2018-07,ARE/BXP,0.001151953106453824,1,0
2018-07,HLT/MAR,0.0014944633378053526,1,0
2018-07,AMT/CCI,0.0017487025497519252,1,0
2018-08,AEP/DUK,0.0,0,0
2018-08,HBAN/KEY,0.0,0,0
2018-08,AEE/CMS,0.0,0,0
2018-08,BAC/JPM,0.0,0,0
2018-08,AJG/AON,0.0005095287725791167,1,0
2018-08,RF/TFC,-0.00044274025282410085,1,0
2018-08,VTR/WELL,-0.0012364892556447826,1,0
2018-08,ARE/SLG,2.8335038337832467e-05,1,0
2018-08,MTB/PNC,0.0,0,0
2018-08,MAA/UDR,0.0,0,0
2018-09,BAC/C,-0.0010047433766663795,1,1
2018-09,DUK/PPL,0.0006555570615926787,1,0
2018-09,MTB/PNC,0.0,0,0
2018-09,AWK/WEC,0.0009233350274999031,1,0
2018-09,AEP/DTE,0.0,0,0
2018-09,AFL/GL,0.0003374681278546795,1,0
2018-09,AON/MRSH,0.0,0,0
2018-09,AEE/CMS,0.0,0,0
2018-09,HBAN/KEY,0.0020323650093691777,1,0
2018-09,FTV/ROP,0.00047571388605214106,1,0
2018-10,CMS/WEC,4.895284348140037e-05,1,0
2018-10,DUK/LNT,0.00013349457030939992,1,0
2018-10,ED/PNW,-0.001350916663088139,1,1
2018-10,BAC/JPM,-0.0011569508399839347,1,1
2018-10,MCO/SPGI,-0.001599873163996486,1,1
2018-10,FRT/REG,3.9098517865236456e-05,1,0
2018-10,MTB/PNC,-0.002043344665588645,1,1
2018-10,ETR/NEE,0.0,0,0
2018-10,AMT/CCI,-0.0012766166226347863,1,1
2018-10,AJG/AON,0.0,0,0
2018-11,CMS/WEC,-0.0005466813481488871,1,0
2018-11,MA/V,-0.0009842198261226969,1,1
2018-11,AEP/DUK,0.0008026278232590117,2,0
2018-11,RSG/WM,0.0,0,0
2018-11,ED/LNT,-0.0013283614266052276,1,1
2018-11,CRM/ISRG,-0.0012035737786725692,1,1
2018-11,CFG/TFC,-0.0023635747404083373,1,1
2018-11,C/JPM,-0.0029107401915979174,1,1
2018-11,ITW/PNR,0.0015326347962897207,1,0
2018-11,AJG/AON,0.0,0,0
2018-12,AEP/DUK,-0.00021448399451159944,1,0
2018-12,CMS/WEC,-0.0003647299326541446,1,0
2018-12,AWK/LNT,7.064134818622467e-05,1,1
2018-12,ETR/NEE,-0.0002784361258989734,1,0
2018-12,MSFT/V,0.0012676768333390184,1,0
2018-12,RSG/WM,0.0,0,0
2018-12,DOC/O,0.0003044780604663888,1,0
2018-12,LNC/MET,-0.003383586489409268,1,1
2018-12,IRM/VNO,-0.0010630698894391597,1,1
2018-12,INTU/MA,0.0,0,0
2019-01,AEP/DUK,0.0005769940766837131,2,0
2019-01,WEC/XEL,0.0,0,0
2019-01,CMS/ETR,0.000979998744838503,1,0
2019-01,AEE/ES,-0.0005709032724152969,1,0
2019-01,DOC/WELL,0.0,0,0
2019-01,GL/USB,0.0,0,0
2019-01,MTB/TFC,0.0,0,0
2019-01,CB/TRV,0.0006810634905759217,1,0
2019-01,APD/MMM,0.0011391519277727704,1,0
2019-01,FE/NEE,0.0007258621919333582,1,0
2019-02,CMS/NEE,0.0,0,0
2019-02,RSG/WM,-0.001241584469421186,1,0
2019-02,AEP/DUK,-0.0008944764440001387,1,0
2019-02,ES/XEL,-3.604427041748407e-05,1,0
2019-02,ESS/UDR,0.0,0,0
2019-02,DTE/WEC,0.0,0,0
2019-02,MA/V,-0.00018064116747760833,1,0
2019-02,PLD/REG,0.00015872043951572874,1,0
2019-02,LMT/NOC,0.0,0,0
2019-02,CCI/FRT,0.0,0,0
2019-03,AEP/DUK,-0.0013563394621761249,1,1
2019-03,ES/XEL,-0.0002660754936927683,1,0
2019-03,CMS/NEE,0.0,0,0
2019-03,DOC/WELL,0.0,0,0
2019-03,ESS/UDR,-0.0002648176973769778,1,0
2019-03,ATO/LNT,0.0,0,0
2019-03,RSG/WM,-0.0006628807115163298,1,0
2019-03,MTB/TFC,0.0,0,0
2019-03,EXC/FE,0.0,0,0
2019-03,GL/USB,0.00024025541700599165,1,0
2019-04,CMS/NEE,-0.00019947412131607198,1,0
2019-04,UDR/VMRK,-0.00018974239210683793,1,0
2019-04,DOC/WELL,0.0,0,0
2019-04,AEE/EXC,-0.0001243534209163704,1,0
2019-04,SLG/VNO,0.00017368255759163658,1,0
2019-04,AEP/WEC,0.0,0,0
2019-04,LMT/NOC,-0.00015914653122321351,1,1
2019-04,ES/ETR,0.0,0,0
2019-04,SO/XEL,0.0004277381860281455,1,0
2019-04,MTB/TFC,0.0,0,0
2019-05,UDR/VMRK,0.00014683498228237787,1,0
2019-05,DOC/WELL,-0.0012926944665182319,1,0
2019-05,PNW/XEL,-0.0006695611498735923,1,0
2019-05,CMS/LNT,0.0,0,0
2019-05,AEE/FE,0.0010363859299714843,1,0
2019-05,AON/MRSH,0.0,0,0
2019-05,MTB/TFC,0.0,0,0
2019-05,CFG/RF,-0.0017843734858724784,1,1
2019-05,GLW/RHI,0.0,0,0
2019-05,PFG/PRU,2.6909386548325083e-05,1,0
2019-06,AEP/WEC,0.0,0,0
2019-06,DTE/PNW,-0.00125436870848541,1,1
2019-06,CMS/XEL,1.3540804283858273e-05,1,0
2019-06,HBAN/KEY,-0.00035871104295789755,1,0
2019-06,UDR/VMRK,0.0,0,0
2019-06,AEE/ES,-0.00033240172613958056,1,0
2019-06,CB/RSG,0.0,0,0
2019-06,CSX/RTX,0.0004906103419733702,1,1
2019-06,EXC/NI,-0.0014976908726286894,1,0
2019-06,ED/NEE,0.0,0,0
2019-07,WEC/XEL,-0.0008238376041256266,1,1
2019-07,AEE/CMS,0.00023309264274342883,1,0
2019-07,UDR/VMRK,0.0,0,0
2019-07,BAC/GS,-0.0013113043150116941,1,1
2019-07,FITB/KEY,0.0,0,0
2019-07,EXC/NI,-0.0019968773530781117,1,1
2019-07,ED/NEE,-0.001661909495524048,1,1
2019-07,DOC/WELL,-0.00021433164580017392,1,0
2019-07,PEP/PG,-0.002412249365175412,1,1
2019-07,DTE/ES,0.0,0,0
2019-08,CMS/LNT,-0.0009670464626629991,1,1
2019-08,WEC/XEL,-0.0006427111135233292,1,1
2019-08,AEP/SO,0.0006525475244820147,1,1
2019-08,AEE/FE,-0.0021027332488830538,1,1
2019-08,LNC/PRU,0.0005068351317673604,1,0
2019-08,ACN/SPGI,-0.0006313654870896896,1,1
2019-08,ESS/VMRK,0.0,0,0
2019-08,D/DTE,0.0007677123774987957,1,0
2019-08,FITB/KEY,0.0,0,0
2019-08,ED/PEG,0.0007526181229561626,1,0
2019-09,CMS/LNT,-3.996476472107595e-05,1,1
2019-09,HBAN/TFC,0.0,0,0
2019-09,LNC/PRU,-0.001059067522439086,1,1
2019-09,MA/V,-0.0002884449660755283,1,0
2019-09,AEP/ES,-0.00015895552168383032,1,1
2019-09,ESS/VMRK,0.0,0,0
2019-09,AEE/ATO,0.0012052250026490202,1,0
2019-09,CB/RSG,-0.001491837477198815,1,1
2019-09,AKAM/MCO,-0.0003685544043509972,3,0
2019-09,D/PNW,-0.00015261984662637772,1,0
2019-10,CMS/LNT,-0.0008265146626499032,2,0
2019-10,AEE/DTE,-0.0012021456164895057,2,0
2019-10,EMR/HPE,0.0019762856478924735,1,0
2019-10,ESS/VMRK,-0.00022737910872767475,1,0
2019-10,MA/V,0.0,0,0
2019-10,LNC/PRU,0.0,0,0
2019-10,CMI/PCAR,0.0,0,0
2019-10,CL/TRV,-0.0019137171069102702,1,1
2019-10,BXP/VNO,0.0,0,0
2019-10,NEE/WEC,-6.665614241283115e-05,1,0
2019-11,MA/V,-0.0005321108486375937,1,0
2019-11,HBAN/KEY,-0.00031124070000443724,1,0
2019-11,SLG/VNO,-0.0003597514564330407,1,0
2019-11,ES/SO,-0.000627844578156725,1,1
2019-11,CFG/FITB,0.0013249084067362875,1,0
2019-11,CMS/XEL,0.0002244249005876383,2,0
2019-11,AJG/AON,0.0,0,0
2019-11,AEE/DTE,-0.0010947921142759765,1,1
2019-11,GIS/NI,-0.0019904456356862393,1,1
2019-11,LNC/PRU,0.0012700826487433885,2,0
2019-12,AJG/AON,0.0,0,0
2019-12,HON/TT,-0.0001970875797569359,1,0
2019-12,SLG/VNO,-0.001260398999225755,1,0
2019-12,HBAN/KEY,-0.0015808406306147276,1,1
2019-12,FRT/REG,0.0007017970756357313,1,0
2019-12,CMS/XEL,0.0,0,0
2019-12,AEE/DTE,0.0,0,0
2019-12,MA/V,-0.00017539576862908276,1,0
2019-12,JPM/WFC,-0.0016120052972472328,1,0
2019-12,ES/LNT,0.0,0,0
2020-01,ADP/V,-0.0017450389558913127,1,1
2020-01,AJG/AON,0.0,0,0
2020-01,ARE/PLD,0.0006496824435222641,1,0
2020-01,ESS/UDR,0.0008004032974938063,1,0
2020-01,O/VMRK,-0.0011074435864140428,1,0
2020-01,MDLZ/WM,0.0019260061305081992,1,0
2020-01,CB/WRB,-0.00018475364394757667,2,1
2020-01,EMR/PCAR,0.0005146933327932385,1,0
2020-01,KMB/RSG,0.0,0,0
2020-01,AEE/ED,0.0,0,0
2020-02,CMS/WEC,-0.0004206418034576678,1,0
2020-02,ATO/DTE,-0.002797100489205293,1,0
2020-02,ETR/SO,0.0,0,0
2020-02,D/FE,0.0007139699247627145,2,0
2020-02,AMT/CCI,-0.0011688817660461556,1,1
2020-02,AEP/LNT,0.0003557130334578886,1,0
2020-02,FRT/REG,0.0,0,0
2020-02,ESS/UDR,0.0,0,0
2020-02,CVX/XOM,-0.0010290793545006645,1,1
2020-02,AWK/XEL,0.0,0,0
2020-03,AJG/AON,-0.0059112329529808294,1,1
2020-03,FRT/REG,-6.8440445182814e-05,2,1
2020-03,VZ/WMT,3.1997193782143596e-05,1,1
2020-03,AWK/WEC,-0.0005774593062757246,1,1
2020-03,KO/RSG,0.0008232126546836563,1,1
2020-03,CDNS/SNPS,0.003928636229412068,2,1
2020-03,UDR/VMRK,-0.001788904628835607,1,1
2020-03,ARE/PLD,-0.0011955707216942313,1,1
2020-03,A/MTD,-0.000788144379933606,2,1
2020-03,ATO/ED,-0.001623702644652601,1,1
2020-04,CMS/XEL,-0.001409412578061661,1,1
2020-04,CFG/KEY,0.003135817708738867,1,0
2020-04,ES/WEC,0.0,0,0
2020-04,LNT/SO,0.0031195854699098153,1,0
2020-04,FRT/REG,-0.002158666499147853,1,0
2020-04,EFX/INTU,-0.0006854314604418694,1,1
2020-04,CME/HSY,0.005504311561885919,1,0
2020-04,FE/PEP,0.0011572067367315694,1,0
2020-04,JNJ/TMO,0.003148090008492755,2,0
2020-04,IT/XRAY,0.004031154705403672,1,0
2020-05,ESS/VMRK,-0.0027652941355957917,1,1
2020-05,FRT/REG,-0.0028697382337946288,1,1
2020-05,RSG/WM,0.0014716467079482713,1,0
2020-05,LNT/SO,0.0,0,0
2020-05,ES/WEC,0.0,0,0
2020-05,AEE/CMS,0.0,0,0
2020-05,AMT/CCI,0.0006149978478484699,1,0
2020-05,MDLZ/PEP,0.002085416286101555,1,0
2020-05,BAX/JNJ,0.0,0,0
2020-05,BNY/NTRS,0.0,0,0
2020-06,ETR/EXC,0.000752298374917365,1,0
2020-06,FRT/REG,-0.0019314962952154556,1,0
2020-06,ES/WEC,0.0001669322915097683,1,0
2020-06,ACN/LIN,0.0005273530208888774,1,0
2020-06,EVRG/SO,-0.0015339340385238688,2,1
2020-06,LHX/LMT,-0.000489391241870351,1,0
2020-06,DHR/VRSN,-0.003299258183374242,1,1
2020-06,BAX/JNJ,0.0,0,0
2020-06,MAA/UDR,0.0007532673677109503,1,0
2020-06,BNY/NTRS,0.0,0,0
2020-07,RSG/WM,0.0,0,0
2020-07,ES/WEC,0.0008002018062157787,1,0
2020-07,MA/V,0.0,0,0
2020-07,LNT/SO,-0.0035222654295237977,1,1
2020-07,AEE/CMS,0.0,0,0
2020-07,ETR/EXC,0.0,0,0
2020-07,CFG/KEY,0.0010759891201484707,1,0
2020-07,DUK/EVRG,5.771405092093265e-05,1,0
2020-07,ACN/LIN,-0.00015956667228171934,1,0
2020-07,EXR/PSA,-0.0006445708334437739,1,0
2020-08,RSG/WM,0.0,0,0
2020-08,BAX/JNJ,-0.0007612515266097401,1,1
2020-08,MA/V,-0.0019585892138281697,1,1
2020-08,BNY/NTRS,0.0,0,0
2020-08,EVRG/LNT,0.0,0,0
2020-08,ES/WEC,0.0,0,0
2020-08,EIX/SRE,-0.0036659962017503685,1,1
2020-08,MRK/PEP,0.0,0,0
2020-08,PPG/TEL,0.0035130409708524508,1,0
2020-08,JPM/PNC,0.0,0,0
2020-09,KMB/PG,-0.002534169899625265,1,1
2020-09,AME/NSC,-0.0021666284983835014,1,1
2020-09,ETR/PNW,0.0010366686561300478,1,0
2020-09,AEE/CMS,0.0,0,0
2020-09,CFG/FITB,0.0,0,0
2020-09,CBOE/CME,0.0,0,0
2020-09,DTE/PEG,0.0024907871694633374,1,0
2020-09,MA/V,-0.0011584839397886014,1,0
2020-09,BSX/MDT,0.0,0,0
2020-09,CDW/GS,0.0,0,0
2020-10,AEE/LNT,0.0,0,0
2020-10,AWK/NEE,0.0,0,0
2020-10,PG/PGR,0.0,0,0
2020-10,CL/PEP,0.0,0,0
2020-10,CB/TRV,0.002201652931650671,1,0
2020-10,CSX/UNP,0.006913751962967166,1,0
2020-10,COR/MCK,0.0,0,0
2020-10,RSG/WM,0.0,0,0
2020-10,GOOG/MSFT,0.0,0,0
2020-10,EXC/SO,0.004201976938194859,1,0
2020-11,AEE/LNT,0.0011261094730427468,1,0
2020-11,DHR/TMO,0.0014457774261547492,1,0
2020-11,DOV/HON,-0.004165361534983412,1,1
2020-11,ESS/VMRK,0.0009355510779303159,1,1
2020-11,LMT/NOC,0.0,0,0
2020-11,AZO/ORLY,0.0,0,0
2020-11,MET/PRU,0.0022210773638812447,1,0
2020-11,DHI/LEN,-0.00048333166055121397,1,0
2020-11,CME/FISV,-0.0032128608323420756,1,1
2020-11,AMAT/KLAC,0.0011675367460773677,2,0
2020-12,RSG/WM,0.0,0,0
2020-12,FRT/VNO,0.0012334396527735444,1,0
2020-12,MTB/ZION,-0.0013234023309987657,1,1
2020-12,HBAN/KEY,0.0023643762875345214,1,0
2020-12,AWK/NEE,-8.21328894417865e-05,1,0
2020-12,PSX/VLO,0.0,0,0
2020-12,DHR/TMO,0.0006124451050036916,1,0
2020-12,CMS/LNT,0.0,0,0
2020-12,DUK/SO,-0.00024439601855268393,1,0
2020-12,DLR/EQIX,0.0,0,0
2021-01,A/TXN,0.001829324152095294,1,0
2021-01,ESS/UDR,0.0,0,0
2021-01,JNJ/MRSH,-0.0005730880272300728,1,1
2021-01,DHR/TMO,0.00013438991570823114,1,1
2021-01,CPB/GIS,-0.000564830063266574,1,1
2021-01,COF/SYF,0.0007465416777565906,2,0
2021-01,CMS/ED,0.0,0,0
2021-01,CFG/HBAN,0.0,0,0
2021-01,FRT/VNO,0.0,0,0
2021-01,NUE/SNA,0.0029514959270403305,1,0
2021-02,HSY/PEP,-0.000757470739384517,1,1
2021-02,GD/T,-0.0020859436793967475,1,1
2021-02,CHD/MKC,0.0,0,0
2021-02,CAG/GIS,-1.977145357942099e-05,1,0
2021-02,CMS/LNT,0.0,0,0
2021-02,LMT/NOC,0.00086327561279873,1,0
2021-02,CVX/KMI,-0.002339555738739135,1,0
2021-02,ED/WEC,0.0008540531198460894,1,0
2021-02,RSG/WM,0.0,0,0
2021-02,AMZN/MSFT,-0.002904536937667771,1,1
2021-03,RSG/WM,-0.0011294328566959664,1,1
2021-03,CAG/GIS,-9.499846729961209e-05,1,0
2021-03,CHD/MKC,-0.0009339026713914485,1,0
2021-03,AEE/D,-0.0009686000748070131,1,0
2021-03,ESS/UDR,0.0,0,0
2021-03,EXR/PSA,-0.0015729080643036297,1,1
2021-03,MDT/ZBH,0.0,0,0
2021-03,HSY/MDLZ,3.782980008215529e-05,1,0
2021-03,CDNS/SNPS,-0.00020025302626809743,1,0
2021-03,DHR/TMO,0.0,0,0
2021-04,D/XEL,0.0,0,0
2021-04,DHR/TMO,-0.0037563501360808535,1,1
2021-04,ED/WEC,0.0,0,0
2021-04,MDLZ/PEP,-4.552525926613304e-05,1,0
2021-04,RSG/WM,-0.00037382874777161366,1,0
2021-04,ESS/UDR,0.0,0,0
2021-04,GIS/HRL,-0.0010636106347486605,1,0
2021-04,DTE/SRE,0.0,0,0
2021-04,LMT/NOC,-0.0015522227246769196,1,0
2021-04,BKNG/HLT,0.0,0,0
2021-05,CMS/LNT,-0.0002963044682653677,1,0
2021-05,ED/WEC,0.0,0,0
2021-05,CHD/MKC,0.0,0,0
2021-05,ESS/UDR,0.0,0,0
2021-05,CAG/GIS,0.0,0,0
2021-05,AEP/XEL,0.0,0,0
2021-05,JKHY/PEP,-0.0007282416155221687,1,0
2021-05,AME/CSX,0.0,0,0
2021-05,PEG/SRE,0.0,0,0
2021-05,CCI/PLD,0.0,0,0
2021-06,CSX/UNP,0.0,0,0
2021-06,DUK/LNT,0.0,0,0
2021-06,EXC/SO,-0.00010964642322769608,1,0
2021-06,AEP/XEL,0.0,0,0
2021-06,ESS/UDR,0.0,0,0
2021-06,PEG/SRE,0.0018983395089743407,1,0
2021-06,VTR/WELL,-0.0020995275318951524,1,1
2021-06,ED/WEC,0.0014923415010513433,1,0
2021-06,APD/BMY,0.002330140400077276,1,0
2021-06,AEE/ATO,0.0,0,0
2021-07,ESS/UDR,-0.0013940302734916769,1,1
2021-07,CMS/XEL,0.0,0,0
2021-07,CFG/KEY,-0.0011872093813174748,1,1
2021-07,PEG/SO,0.0,0,0
2021-07,CSX/UNP,0.0011516730148416698,1,0
2021-07,AFL/L,0.000131720699782379,1,0
2021-07,DOC/O,-0.0010472065153552213,1,0
2021-07,DOW/LYB,0.0,0,0
2021-07,CCI/PLD,-0.0003829704201277214,1,0
2021-07,AEE/ATO,0.0,0,0
2021-08,PEG/SO,0.0007919525820709267,1,0
2021-08,ESS/VMRK,0.0,0,0
2021-08,AMT/SBAC,-0.0004844527603525533,1,0
2021-08,AEP/D,0.0005239833133466339,1,0
2021-08,GILD/MRK,-0.001695932894771954,1,0
2021-08,DOC/O,0.0018447622076367862,1,0
2021-08,BR/FAST,0.001287930450926779,1,0
2021-08,HD/LOW,-0.0012532888305822434,1,1
2021-08,CMS/ED,0.0,0,0
2021-08,RSG/UNH,-0.002301778777743061,1,1
2021-09,ESS/VMRK,-0.00022862420902041835,1,0
2021-09,CMS/WEC,-0.0002880301079768562,1,0
2021-09,CSX/UNP,0.0,0,0
2021-09,MLM/VMC,0.0010418373379054316,1,0
2021-09,D/SO,0.0006458749181815608,1,0
2021-09,ALK/LUV,0.0009342455861196496,1,0
2021-09,CFG/KEY,0.0021126761313067844,1,0
2021-09,ITW/MMM,-0.00024757745045052694,1,0
2021-09,KIM/REG,-0.0016582585387462008,1,0
2021-09,DOW/EMN,0.0,0,0
2021-10,DTE/PEG,-0.0014214593672678964,1,1
2021-10,DUK/LNT,0.0004105621856021847,1,0
2021-10,LRCX/TER,-0.007236421071622674,2,1
2021-10,MDT/SYK,-0.0009074233422521828,1,1
2021-10,ALK/LUV,0.0,0,0
2021-10,MLM/VMC,0.0,0,0
2021-10,CSX/UNP,0.0,0,0
2021-10,ITW/MMM,-0.0008396354091069682,1,1
2021-10,ADP/BR,0.0027860535771823723,1,0
2021-10,ALL/CINF,-0.0009537066725593133,1,1
2021-11,ESS/VMRK,-1.6254421119692236e-05,1,0
2021-11,CMS/WEC,0.0,0,0
2021-11,JPM/PRU,0.0,0,0
2021-11,DTE/PEG,-0.0017571962824474087,1,1
2021-11,BSX/SYK,-0.0008345293879529356,1,1
2021-11,KEY/RF,0.0002670838785285856,1,0
2021-11,AEP/SO,0.0,0,0
2021-11,DUK/LNT,0.001367710168015578,1,0
2021-11,DD/EMN,-0.0004928308585717125,1,1
2021-11,FRT/REG,0.00045069115681589623,1,0
2021-12,CMS/WEC,0.0,0,0
2021-12,AEE/D,0.000773011615286399,1,0
2021-12,BNY/STT,0.0001744118842680709,1,0
2021-12,BRK-B/CINF,-0.00159247477914329,1,1
2021-12,PEP/PG,-6.723725404330363e-05,1,0
2021-12,JPM/PRU,-0.0008261023262770552,1,0
2021-12,CAG/CPB,0.0035757626155732886,1,0
2021-12,AEP/SO,-0.00046405890743496045,1,0
2021-12,LVS/WYNN,0.0,0,0
2021-12,FE/KO,0.00263449056399334,1,0
2022-01,CMS/LNT,0.0,0,0
2022-01,ESS/VMRK,-0.0015760000752094484,1,1
2022-01,AME/IEX,-0.00182403130109067,1,1
2022-01,KIM/REG,-0.00023439180959595663,1,0
2022-01,BNY/STT,0.00013597202702177766,1,0
2022-01,LVS/WYNN,-0.003021737429517311,1,1
2022-01,AMT/EQIX,0.0,0,0
2022-01,JPM/PRU,-0.005693851626162458,1,1
2022-01,CAG/CPB,0.0010554570995654855,1,0
2022-01,AEP/D,0.0,0,0
2022-02,CL/MDLZ,-0.0015852643604050553,1,1
2022-02,AEP/DTE,0.0,0,0
2022-02,CMS/WEC,-0.0008798048742371644,1,1
2022-02,AEE/PEG,0.00034597403405057836,1,0
2022-02,D/SO,0.00029515850094428335,1,0
2022-02,DUK/XEL,0.0002716437277160905,1,0
2022-02,MET/PRU,-0.00013124967450315516,1,0
2022-02,UDR/VMRK,0.0008301856146471435,1,0
2022-02,NTRS/STT,0.0006939520011938218,2,0
2022-02,ES/LNT,-0.0011076468069844596,1,0
2022-03,AEP/XEL,-0.0005174937664169041,1,1
2022-03,CMS/WEC,0.000658271954693673,1,0
2022-03,DTE/DUK,0.000353572260266194,1,0
2022-03,FRT/REG,0.0,0,0
2022-03,D/SO,0.0018773822455690136,1,0
2022-03,KO/MDLZ,0.0,0,0
2022-03,ES/LNT,-1.0509821482682318e-05,1,0
2022-03,NTRS/STT,0.0010804788312358945,2,0
2022-03,AMCR/SNA,0.002108324924319206,1,0
2022-03,BRK-B/L,-0.0006854768450690312,1,0
2022-04,AEE/PEG,0.0,0,0
2022-04,LNT/WEC,-0.0013831757806329478,1,1
2022-04,SO/XEL,-0.00016910055576988106,1,0
2022-04,FRT/REG,0.00013157262816879193,1,0
2022-04,UDR/VMRK,0.0,0,0
2022-04,D/DTE,-0.001474747535066597,1,0
2022-04,DOW/LYB,0.0013303670532355187,1,0
2022-04,CMS/DUK,0.0,0,0
2022-04,AIG/MET,0.0,0,0
2022-04,PEP/PG,0.0,0,0
2022-05,MLM/VMC,0.0001222075706781453,1,0
2022-05,RSG/WM,0.0,0,0
2022-05,LNT/WEC,0.0005007031359208323,1,0
2022-05,DHR/TMO,-0.0009327119356535678,1,1
2022-05,CFG/KEY,0.0,0,0
2022-05,CPT/MAA,0.0,0,0
2022-05,BAC/PNC,-0.0002114151618192447,1,0
2022-05,ATO/NI,0.0016000046149249865,2,0
2022-05,NDAQ/SPGI,0.0019456092494274195,1,0
2022-05,COP/EOG,0.0021638932348958125,1,0
2022-06,RSG/WM,-2.053193882272782e-05,1,0
2022-06,DHI/LEN,0.0,0,0
2022-06,MLM/VMC,0.0,0,0
2022-06,DUK/XEL,0.0,0,0
2022-06,MCO/NDAQ,-0.002678167225098014,1,1
2022-06,CPT/MAA,0.0,0,0
2022-06,CB/L,0.0,0,0
2022-06,BR/MSI,0.0,0,0
2022-06,ESS/UDR,0.0002761501147785244,1,0
2022-06,ATO/NI,0.0009351402478762297,1,0
2022-07,DHI/LEN,0.0,0,0
2022-07,RSG/WM,0.0,0,0
2022-07,SO/XEL,-0.001325934460186613,1,0
2022-07,CPT/MAA,0.0,0,0
2022-07,ITW/MMM,0.0,0,0
2022-07,ATO/NI,-0.0006165376300211971,1,0
2022-07,CFG/KEY,0.0,0,0
2022-07,ESS/UDR,0.0,0,0
2022-07,CB/L,0.0,0,0
2022-07,CCI/SBAC,0.0,0,0
2022-08,CFG/KEY,0.0,0,0
2022-08,AEE/EVRG,0.0,0,0
2022-08,CB/L,-0.001085873123418536,1,0
2022-08,UDR/VMRK,-0.000847388830788657,1,0
2022-08,RSG/WM,0.0,0,0
2022-08,DTE/PNW,0.000318109658305919,1,0
2022-08,LEN/NVR,-0.0005559996335304419,1,1
2022-08,DUK/WEC,-0.0005183489639580238,1,0
2022-08,ES/XEL,0.0,0,0
2022-08,MLM/VMC,0.0021099723570158603,1,0
2022-09,AEP/XEL,0.0,0,0
2022-09,AEE/DTE,0.0,0,0
2022-09,JPM/USB,-3.466889870291461e-05,1,0
2022-09,RSG/WM,0.0,0,0
2022-09,CMS/PNW,0.0,0,0
2022-09,GS/MS,1.6659066440759535e-05,1,0
2022-09,FITB/KEY,-9.477727604655529e-05,1,0
2022-09,ETR/EVRG,8.963613377068387e-05,1,0
2022-09,CCI/SBAC,0.0,0,0
2022-09,MLM/VMC,0.0,0,0
2022-10,AEE/DTE,0.0002956178975448286,1,1
2022-10,CMS/DUK,-0.000529009587563317,1,0
2022-10,AEP/EVRG,0.0,0,0
2022-10,RSG/WM,-9.329000811824788e-05,1,0
2022-10,ES/XEL,-0.0009466286630453251,1,0
2022-10,FITB/KEY,-0.0014303189739651705,1,1
2022-10,CB/TRV,0.00150853094599523,1,0
2022-10,CPT/UDR,0.0,0,0
2022-10,MLM/VMC,0.0005231460392151611,1,0
2022-10,HSY/PEP,0.001385574902426048,1,0
2022-11,CMS/DUK,-0.0006639585804061388,1,0
2022-11,AEP/EVRG,0.0010840514046717962,2,1
2022-11,AEE/DTE,-0.0027697990893116742,1,1
2022-11,CB/HIG,0.0002054775752948412,2,0
2022-11,MLM/VMC,0.0006562292201178178,1,0
2022-11,KO/MDLZ,-0.001092378543332282,1,1
2022-11,CPT/UDR,0.0,0,0
2022-11,CNP/PPL,0.0007519954042358928,1,0
2022-11,LNT/PNW,-0.00013552450980733153,1,1
2022-11,DOV/HON,-0.002685407917442526,1,1
2022-12,AEE/AEP,0.0008154266311052696,1,0
2022-12,RSG/WM,-2.217131504861188e-05,1,0
2022-12,UDR/VMRK,-0.0007779580984196677,1,0
2022-12,VTR/WELL,-0.0010503930372431946,1,1
2022-12,DUK/LNT,-0.0006557389340175491,1,0
2022-12,CAG/CPB,0.0009037617473312892,1,0
2022-12,CMS/ES,0.002085693359939412,1,0
2022-12,ED/WEC,-0.0006473509422210903,1,1
2022-12,DTE/EVRG,0.0,0,0
2022-12,MLM/VMC,-0.0014012138292979384,1,0
2023-01,CB/TRV,-0.0008878220706991307,2,0
2023-01,ES/XEL,0.0,0,0
2023-01,CMS/DUK,0.0012000366300244088,1,0
2023-01,CPT/UDR,0.0,0,0
2023-01,AON/MRSH,0.0008765185957179028,1,0
2023-01,DTE/PEG,-0.00046246980024111845,1,0
2023-01,MAA/O,0.0020308345562303483,1,0
2023-01,ATO/ETR,-0.0008857701281581586,1,0
2023-01,AEE/ED,0.0,0,0
2023-01,AMT/CCI,0.0,0,0
2023-02,FRT/REG,-0.0009735631445505454,1,0
2023-02,INVH/VMRK,0.0,0,0
2023-02,ACN/AKAM,-0.004556389696288627,1,1
2023-02,DTE/SO,0.0,0,0
2023-02,AEP/XEL,0.0,0,0
2023-02,AEE/CNP,0.0,0,0
2023-02,ES/WEC,0.0,0,0
2023-02,CSX/NSC,-0.0014492173961313348,1,0
2023-02,RSG/WM,0.0,0,0
2023-02,MA/V,0.0,0,0
2023-03,AEE/AEP,-0.00013652185540489293,1,0
2023-03,FRT/REG,0.0007091753489102127,1,0
2023-03,KMB/PG,0.0,0,0
2023-03,CMS/ES,-0.0006887032395598594,1,1
2023-03,CB/TRV,0.0006920323686580773,1,0
2023-03,ALLE/ITW,0.00010205817832535698,1,1
2023-03,CAG/SJM,0.0006727238151385757,1,0
2023-03,HLT/MAR,0.0,0,0
2023-03,MA/V,0.0,0,0
2023-03,CSX/NSC,-0.001226444319332662,1,1
2023-04,AEE/AEP,-0.0006345581493469195,1,0
2023-04,CMS/DUK,0.00035418634313019314,1,0
2023-04,AMT/SBAC,-7.466765958728574e-05,1,0
2023-04,KMB/PG,0.0,0,0
2023-04,FRT/REG,0.00035780782859521655,1,0
2023-04,NI/PEG,0.0,0,0
2023-04,FE/PPL,0.0,0,0
2023-04,AVY/J,0.002928523961779955,1,0
2023-04,WEC/XEL,0.0,0,0
2023-04,BF-B/STZ,0.0,0,0
2023-05,KMB/PG,-0.0009059564539642403,1,0
2023-05,CMS/DUK,-0.000495559083944741,1,0
2023-05,AEP/LNT,-0.0015014857189673176,1,1
2023-05,HLT/MAR,-5.350485950204782e-05,1,1
2023-05,AEE/CNP,0.0003223967196142663,1,0
2023-05,RSG/WM,-0.0006250773144270321,1,0
2023-05,CPB/SJM,0.0,0,0
2023-05,CB/TRV,-1.867863885525916e-05,1,0
2023-05,CAG/KHC,0.003375794336026495,3,0
2023-05,ELV/UNH,-0.0008134020974255575,1,0
2023-06,LNT/WEC,-0.00023661629991920168,1,0
2023-06,CMS/DUK,-0.0013861727451702117,1,1
2023-06,KMB/PG,0.0,0,0
2023-06,AEP/CNP,-0.0009026997339209745,1,1
2023-06,AFL/CB,-0.0016226488028078555,1,1
2023-06,AEE/ED,0.0012301161414327209,1,0
2023-06,CPT/MAA,0.0,0,0
2023-06,MA/V,0.0,0,0
2023-06,CPB/SJM,0.0,0,0
2023-06,BF-B/SYY,9.159671812188937e-05,1,0
2023-07,AEP/DUK,-0.0007601211433150441,1,0
2023-07,EVRG/LNT,0.00017515781798061204,1,0
2023-07,AEE/CNP,3.621606796673156e-05,1,0
2023-07,CPT/MAA,0.0,0,0
2023-07,CMS/EXC,0.0,0,0
2023-07,FRT/SPG,-0.0008413074942752983,1,1
2023-07,CL/KO,0.0,0,0
2023-07,ESS/VMRK,0.0,0,0
2023-07,HD/NDSN,0.0014886962262731103,1,0
2023-07,ED/WEC,0.0,0,0
2023-08,EVRG/LNT,0.0,0,0
2023-08,ADP/PAYX,-0.0006066257170598855,1,0
2023-08,FITB/HBAN,0.0019585407436282453,1,0
2023-08,MCO/SPGI,0.0,0,0
2023-08,MA/V,0.0,0,0
2023-08,CNP/DTE,0.0,0,0
2023-08,EXC/NI,0.0,0,0
2023-08,KMI/PM,0.0011210592893311304,1,0
2023-08,HWM/TDG,0.0020121543241574083,1,0
2023-08,ESS/VMRK,0.00035231461320194127,1,0
2023-09,EVRG/LNT,-0.0005957318676867931,1,1
2023-09,LMT/NOC,-0.0016586643659470338,1,1
2023-09,EXC/NI,7.731192736817542e-05,1,0
2023-09,AJG/MRSH,0.0,0,0
2023-09,MCD/MSI,-0.0005237064786673398,1,0
2023-09,CPT/MAA,7.040045558679236e-05,1,0
2023-09,FITB/HBAN,0.001682195695885905,1,0
2023-09,MA/V,-0.0003349483232233691,1,0
2023-09,MCO/SPGI,0.0,0,0
2023-09,ABBV/KDP,-0.00042210248794379083,1,1
2023-10,DTE/LNT,-0.00021202333608734482,1,1
2023-10,CNP/EXC,-0.0002537558284802096,1,0
2023-10,MLM/VMC,0.0,0,0
2023-10,AEP/XEL,0.00014966055969454898,1,0
2023-10,CMS/EVRG,-0.0015946717097264553,1,1
2023-10,AEE/WEC,0.0,0,0
2023-10,PEG/PNW,-0.0009965070918521,1,0
2023-10,COST/ROP,0.0023739683444312237,1,0
2023-10,BEN/TROW,0.0020123713841781812,2,0
2023-10,ARE/DOC,0.0,0,0
2023-11,AEE/WEC,0.0005956415126223868,1,0
2023-11,CPT/MAA,0.0,0,0
2023-11,CAH/COR,0.0,0,0
2023-11,CNP/EXC,0.0018452174565311886,1,0
2023-11,MA/V,0.0007991570897960197,1,0
2023-11,MCO/SPGI,2.049625423550373e-05,1,0
2023-11,ARE/DOC,-0.003071327597815675,1,1
2023-11,CMS/DTE,0.0011838489825570723,1,0
2023-11,AMAT/KLAC,-0.0021198806032718316,1,1
2023-11,MLM/VMC,0.0,0,0
2023-12,AEE/WEC,0.0,0,0
2023-12,MCO/SPGI,4.90806672646555e-05,1,0
2023-12,MAA/UDR,-9.456563854832237e-05,1,0
2023-12,ED/SO,-8.004563415894146e-05,1,0
2023-12,ATO/EIX,-0.00047053156884730883,1,0
2023-12,FE/LNT,0.0,0,0
2023-12,CNP/SRE,0.0,0,0
2023-12,AIG/L,-6.84940781681471e-06,1,0
2023-12,AEP/PPL,-0.00013176342974826586,1,0
2023-12,FRT/REG,0.0,0,0
2024-01,CNP/NI,0.0,0,0
2024-01,MCO/SPGI,0.0,0,0
2024-01,AME/VMC,0.0,0,0
2024-01,AIG/L,0.0,0,0
2024-01,BRO/MRSH,0.0004935520072716325,1,1
2024-01,EXPD/ITW,0.0004806478284602478,1,0
2024-01,KO/MDLZ,-0.0004687686635407931,1,0
2024-01,AEP/DTE,0.0,0,0
2024-01,CPT/MAA,0.0,0,0
2024-01,ED/SO,0.0,0,0
2024-02,ED/SO,0.0,0,0
2024-02,CMS/FE,0.0012522311854746802,1,0
2024-02,AIG/L,0.001117656356288965,1,0
2024-02,CNP/NI,0.0,0,0
2024-02,QRVO/SWKS,-0.0016833639159205425,1,1
2024-02,MCO/SPGI,-0.0006620255900304076,1,1
2024-02,CPT/UDR,0.0,0,0
2024-02,RSG/WM,-0.0012856744588581699,1,1
2024-02,AEP/PPL,-0.0010799248870741512,1,0
2024-02,KO/MDLZ,0.0017786241245170329,1,0
2024-03,CPT/MAA,0.0,0,0
2024-03,ED/SO,-0.0003219396370322914,1,0
2024-03,AEE/EXC,0.0,0,0
2024-03,RSG/WM,-0.00026586009770970413,1,0
2024-03,PCG/SRE,4.779520386177924e-05,1,0
2024-03,ADI/MCHP,-0.0006082752405020663,1,0
2024-03,LEN/PHM,0.00022979789913604669,1,0
2024-03,MDT/ZBH,0.0,0,0
2024-03,BSX/SYK,0.0,0,0
2024-03,IR/PH,-0.0002435261634383664,1,0
2024-04,CPT/MAA,-0.00022389408940228368,1,0
2024-04,CNP/ED,0.0,0,0
2024-04,AEE/EXC,0.0,0,0
2024-04,COP/EOG,0.0,0,0
2024-04,MET/PFG,0.0,0,0
2024-04,FE/NI,-0.00028375819937969207,1,0
2024-04,UDR/VMRK,0.0,0,0
2024-04,STZ/TAP,-0.0030927345131665333,1,0
2024-04,CMS/PPL,0.0,0,0
2024-04,AJG/MRSH,-0.0003654044518859927,1,0
2024-05,CMS/FE,0.0,0,0
2024-05,ESS/UDR,-0.0015377682760067844,1,1
2024-05,AEE/EXC,0.0001681638722098503,1,0
2024-05,MPC/VLO,-0.002672088616285128,1,1
2024-05,PNC/TFC,0.0011831692190990126,1,0
2024-05,EIX/PPL,0.0,0,0
2024-05,RSG/WM,0.0,0,0
2024-05,EOG/OXY,0.0,0,0
2024-05,MET/PFG,0.0,0,0
2024-05,ADI/MCHP,-0.0011617188287514335,1,0
2024-06,CMS/NI,-0.0021196925538131436,1,1
2024-06,DTE/PPL,0.0,0,0
2024-06,AEE/EXC,0.0,0,0
2024-06,AEP/D,0.0,0,0
2024-06,KO/PEP,-0.0021118304312847443,1,1
2024-06,HSIC/UNP,-0.000634370617150196,2,0
2024-06,CNP/FE,-0.0007779793439345696,1,0
2024-06,MET/PFG,0.0,0,0
2024-06,ED/LNT,0.0,0,0
2024-06,LH/PPG,-0.0003125458819315082,1,0
2024-07,MAA/UDR,0.0005187043839552462,1,0
2024-07,AEP/ETR,-0.0010512993008254408,1,0
2024-07,DUK/EVRG,0.0013273262528374996,1,0
2024-07,CPT/ESS,0.0009868712607426918,1,0
2024-07,NTRS/RF,0.0004940785991044108,2,1
2024-07,FITB/MTB,0.0010570757503420949,1,0
2024-07,CAG/GIS,0.0005949669110068837,1,0
2024-07,AEE/DTE,0.0,0,0
2024-07,CNP/PPL,-0.0023353662403734154,2,1
2024-07,BR/SPGI,-0.00262762735738259,1,1
2024-08,NI/PNW,0.0016457122902095438,1,0
2024-08,DTE/PPL,-0.00012203376965894769,1,0
2024-08,EIX/ETR,-0.0007096968327257752,1,1
2024-08,MET/PFG,-0.0008378597637489916,1,1
2024-08,ED/WEC,0.00017358000872552006,1,0
2024-08,EVRG/FE,0.0005032221884996203,1,0
2024-08,CPT/VMRK,-0.0005074289301155305,1,1
2024-08,DOW/LYB,-0.001107532515081177,1,0
2024-08,PNC/RF,0.0,0,0
2024-08,AIZ/TRV,0.00010551331820172634,1,1
2024-09,UDR/VMRK,-0.0003370247014970613,1,0
2024-09,ADP/PAYX,0.0,0,0
2024-09,ES/WEC,-6.0710358820235785e-05,1,0
2024-09,AZO/ORLY,6.285437247771784e-05,1,0
2024-09,ATO/DTE,0.00039417898192339477,1,0
2024-09,FITB/MTB,5.381678081197942e-05,1,0
2024-09,MLM/VMC,0.0,0,0
2024-09,MA/V,0.0003175029947584192,1,0
2024-09,AEE/CMS,0.0,0,0
2024-09,BRK-B/L,-0.0001769135213365611,1,0
2024-10,EVRG/FE,0.0,0,0
2024-10,UDR/VMRK,0.0,0,0
2024-10,AEP/PNW,0.0,0,0
2024-10,DVN/OXY,0.0,0,0
2024-10,AEE/WEC,0.0,0,0
2024-10,CSX/ITW,0.0,0,0
2024-10,ADP/PAYX,0.0,0,0
2024-10,AJG/BRO,0.0,0,0
2024-10,FTV/HST,0.0,0,0
2024-10,CMS/ES,0.0,0,0
