formation_end,eligible,members,no_data,identity_unverified,n_clusters,largest_cluster,unlabelled_sector,simple_candidates,simple_selected,pca_candidates,pca_selected,sector_candidates,sector_selected,pca_simple_selected_overlap,pca_sector_selected_overlap
2015-07-31,388,505,103,11,11,230,62,947,10,789,10,777,10,3,3
2015-08-31,388,505,103,11,5,316,62,985,10,812,10,799,10,4,3
2015-09-30,390,508,103,12,4,286,62,986,10,820,10,798,10,6,5
2015-10-30,391,508,102,12,5,265,62,1005,10,803,10,813,10,5,4
2015-11-30,392,508,100,12,5,228,62,1003,10,803,10,816,10,5,4
2015-12-31,393,507,98,12,4,262,62,995,10,833,10,806,10,4,4
2016-01-29,395,507,98,12,4,283,61,997,10,839,10,806,10,4,4
2016-02-29,397,507,96,12,7,246,61,968,10,826,10,807,10,3,5
2016-03-31,400,507,94,11,10,185,61,979,10,802,10,799,10,8,8
2016-04-29,401,508,94,12,7,254,59,981,10,816,10,808,10,3,4
2016-05-31,406,508,90,11,8,234,62,995,10,830,10,810,10,4,3
2016-06-30,407,508,89,11,8,246,62,993,10,827,10,818,10,5,4
2016-07-29,409,508,87,10,13,254,62,1014,10,824,10,835,10,4,4
2016-08-31,409,508,87,10,11,220,62,1017,10,832,10,843,10,3,3
2016-09-30,414,508,84,8,9,257,64,1032,10,844,10,847,10,4,4
2016-10-31,414,508,84,8,10,250,64,1033,10,851,10,849,10,4,4
2016-11-30,413,508,85,8,10,240,63,1032,10,843,10,837,10,3,4
2016-12-30,413,508,85,7,13,108,63,999,10,833,10,824,10,6,6
2017-01-31,415,508,84,7,11,131,63,1003,10,842,10,822,10,4,4
2017-02-28,416,508,84,6,11,93,63,991,10,843,10,811,10,5,5
2017-03-31,419,508,81,6,13,96,60,997,10,853,10,834,10,5,4
2017-04-28,421,508,79,6,16,108,61,1012,10,858,10,839,10,5,3
2017-05-31,421,508,79,6,15,113,61,996,10,856,10,825,10,3,2
2017-06-30,421,507,78,6,16,122,59,991,10,856,10,827,10,5,5
2017-07-31,424,507,75,6,18,118,57,1001,10,854,10,844,10,3,2
2017-08-31,423,507,75,7,12,137,56,1014,10,881,10,840,10,6,6
2017-09-29,423,507,75,6,15,77,54,982,10,861,10,833,10,2,2
2017-10-31,424,507,74,6,15,87,54,979,10,859,10,838,10,2,0
2017-11-30,425,507,73,6,20,86,54,969,10,853,10,830,10,5,6
2017-12-29,424,507,73,6,19,98,54,979,10,870,10,837,10,5,5
2018-01-31,426,507,72,5,19,91,55,993,10,844,10,837,10,4,4
2018-02-28,426,507,72,5,9,220,55,1034,10,885,10,870,10,6,6
2018-03-29,429,507,70,5,9,199,57,1063,10,881,10,881,10,7,6
2018-04-30,430,507,69,5,7,277,57,1067,10,900,10,883,10,4,4
2018-05-31,430,507,69,5,6,277,57,1066,10,883,10,894,10,6,6
2018-06-29,428,506,69,5,5,326,54,1062,10,889,10,896,10,8,8
2018-07-31,429,506,68,5,6,336,54,1057,10,877,10,893,10,5,5
2018-08-31,430,506,67,5,12,238,54,1057,10,875,10,881,10,4,4
2018-09-28,430,506,67,5,16,130,54,1029,10,875,10,865,10,6,6
2018-10-31,433,506,65,5,13,139,54,1048,10,871,10,880,10,7,7
2018-11-30,434,506,64,5,11,213,53,1050,10,895,10,881,10,8,5
2018-12-31,439,506,61,5,6,263,55,1077,10,895,10,888,10,6,5
2019-01-31,439,506,61,5,7,330,55,1069,10,904,10,891,10,4,5
2019-02-28,440,506,60,5,8,335,54,1073,10,884,10,904,10,5,5
2019-03-29,440,506,60,3,7,333,54,1064,10,902,10,900,10,6,5
2019-04-30,439,506,60,3,10,349,53,1063,10,903,10,910,10,4,4
2019-05-31,439,506,60,3,9,317,53,1086,10,906,10,912,10,5,5
2019-06-28,438,506,59,3,11,237,51,1067,10,885,10,903,10,2,2
2019-07-31,440,506,57,3,13,187,52,1068,10,891,10,913,10,6,5
2019-08-30,442,506,55,3,10,298,52,1105,10,891,10,921,10,6,5
2019-09-30,446,506,54,3,11,212,51,1111,10,888,10,932,10,3,3
2019-10-31,445,506,54,3,10,240,50,1116,10,903,10,920,10,6,4
2019-11-29,445,506,53,3,11,219,50,1107,10,910,10,922,10,5,4
2019-12-31,447,506,52,2,14,225,47,1119,10,925,10,942,10,5,4
2020-01-31,448,506,51,2,9,220,48,1145,10,928,10,959,10,5,5
2020-02-28,447,506,51,2,12,224,48,1139,10,896,10,965,10,5,5
2020-03-31,448,506,50,2,7,436,48,1148,10,901,10,944,10,3,3
2020-04-30,449,506,48,2,6,372,47,1140,10,906,10,952,10,3,3
2020-05-29,452,506,47,2,7,368,45,1145,10,904,10,967,10,5,5
2020-06-30,454,506,45,2,6,435,45,1150,10,921,10,974,10,4,5
2020-07-31,454,506,45,2,6,348,45,1144,10,918,10,970,10,3,3
2020-08-31,455,506,45,2,5,428,45,1141,10,926,10,960,10,2,2
2020-09-30,456,506,46,2,5,325,43,1121,10,929,10,957,10,1,1
2020-10-30,457,506,44,3,7,262,44,1128,10,937,10,984,10,5,5
2020-11-30,457,506,44,3,8,279,44,1120,10,948,10,970,10,5,4
2020-12-31,458,506,44,2,10,231,44,1118,10,920,10,966,10,4,4
2021-01-29,460,506,42,2,12,158,45,1110,10,932,10,958,10,4,3
2021-02-26,461,506,42,2,12,160,44,1132,10,935,10,969,10,3,3
2021-03-31,462,506,42,1,14,125,43,1134,10,915,10,963,10,3,4
2021-04-30,463,506,41,1,10,152,43,1130,10,942,10,952,10,3,3
2021-05-28,464,506,40,1,17,100,43,1106,10,920,10,959,10,4,4
2021-06-30,464,506,39,2,19,149,43,1117,10,926,10,961,10,4,5
2021-07-30,465,506,38,2,14,128,43,1143,10,938,10,964,10,4,4
2021-08-31,466,506,37,2,16,117,43,1124,10,944,10,974,10,7,7
2021-09-30,465,506,38,2,13,134,41,1118,10,936,10,986,10,8,7
2021-10-29,465,506,38,2,13,138,41,1127,10,941,10,993,10,7,7
2021-11-30,466,506,38,1,16,135,42,1128,10,946,10,981,10,4,5
2021-12-31,468,506,35,2,15,147,43,1137,10,954,10,985,10,5,5
2022-01-31,469,506,34,2,13,131,43,1126,10,956,10,985,10,4,4
2022-02-28,470,506,32,2,10,204,43,1136,10,953,10,993,10,2,2
2022-03-31,471,506,31,2,15,177,44,1145,10,965,10,999,10,5,5
2022-04-29,473,505,28,2,12,194,44,1138,10,947,10,1002,10,6,6
2022-05-31,473,505,28,2,7,188,44,1132,10,969,10,989,10,6,6
2022-06-30,473,504,27,2,7,199,41,1129,10,966,10,992,10,6,6
2022-07-29,474,504,27,2,7,301,41,1128,10,973,10,1005,10,6,6
2022-08-31,474,504,27,2,6,316,41,1116,10,974,10,999,10,6,6
2022-09-30,474,504,27,2,6,333,39,1124,10,971,10,1013,10,7,7
2022-10-31,477,504,24,2,5,340,39,1139,10,975,10,1020,10,7,7
2022-11-30,478,504,23,2,5,330,39,1154,10,957,10,1018,10,5,5
2022-12-30,480,504,21,2,6,304,39,1153,10,969,10,1023,10,4,4
2023-01-31,479,504,21,2,6,391,38,1180,10,981,10,1047,10,3,3
2023-02-28,479,504,21,2,5,347,38,1167,10,978,10,1042,10,7,7
2023-03-31,481,504,20,1,6,316,37,1169,10,983,10,1049,10,4,4
2023-04-28,481,504,20,1,7,298,37,1173,10,979,10,1056,10,6,6
2023-05-31,482,504,19,1,8,265,37,1166,10,972,10,1055,10,4,4
2023-06-30,484,504,18,1,9,190,37,1170,10,987,10,1056,10,4,4
2023-07-31,484,504,18,1,12,150,37,1160,10,982,10,1049,10,5,4
2023-08-31,483,504,18,1,11,236,36,1165,10,961,10,1048,10,5,5
2023-09-29,483,504,18,1,14,167,34,1155,10,977,10,1043,10,2,2
2023-10-31,483,504,17,1,12,168,32,1147,10,967,10,1052,10,7,8
2023-11-30,484,504,17,1,12,198,32,1135,10,969,10,1046,10,3,3
2023-12-29,485,504,16,1,11,201,31,1149,10,992,10,1052,10,6,5
2024-01-31,485,504,16,1,11,200,31,1149,10,971,10,1056,10,5,4
2024-02-29,485,504,16,1,12,242,31,1146,10,977,10,1060,10,4,4
2024-03-28,485,504,16,1,11,192,29,1148,10,990,10,1066,10,6,6
2024-04-30,485,504,16,0,12,214,28,1170,10,994,10,1079,10,5,5
2024-05-31,486,504,15,0,14,182,28,1167,10,976,10,1083,10,4,3
2024-06-28,487,504,14,0,17,107,26,1146,10,988,10,1082,10,2,2
2024-07-31,487,504,14,0,19,131,26,1149,10,971,10,1067,10,5,5
2024-08-30,487,504,14,0,17,134,26,1167,10,981,10,1073,10,5,5
2024-09-30,489,505,14,1,20,94,23,1173,10,977,10,1095,10,3,3
