date,simple_gross,simple_base,simple_stress,pca_gross,pca_base,pca_stress,sector_gross,sector_base,sector_stress
2015-08,-0.0022669524843137445,-0.0042911866212285155,-0.00631172207186903,-0.0015558913922609774,-0.003401989145612072,-0.005244825142734055,0.0007337229449666527,-0.0010643575651406723,-0.002859419275567876
2015-09,-0.0017715084472114118,-0.003694885098039946,-0.005615074910699125,-0.0021893330285980284,-0.004181159147116031,-0.006169681627987367,-0.003179038824189573,-0.005102139264199668,-0.007021912210620984
2015-10,-0.0018440366879219905,-0.004784157127685762,-0.007716471991447538,-0.0029287362146623863,-0.006104697701287631,-0.009271370974414106,-0.0011322477181997526,-0.0038665766510086463,-0.00659441062922228
2015-11,0.0033968390081919875,0.0012064608120312403,-0.0009797875733128514,0.0012138825130634245,-0.0006586979201324006,-0.002527957869573494,0.0033848325401946155,0.0012328501767027156,-0.0009150584720221122
2015-12,-0.0011282946444610698,-0.003082184811640354,-0.005032907636320805,-0.0010704484077406207,-0.0035727653966118877,-0.006069786687452061,8.404890179014579e-05,-0.001909556764914666,-0.0038996101046742115
2016-01,0.0028073371227712585,0.0011388398697151914,-0.0005272103026298103,0.0021037554850600326,8.519452336863687e-05,-0.0019296056596346256,0.0009939504113516406,-0.0011280368141027841,-0.0032461135991279644
2016-02,0.0031276328985547774,0.0007984384914416776,-0.001525668427139748,-0.00021753898949494754,-0.0020795513525675435,-0.003938264215255116,-8.213439178905713e-05,-0.002382447724413761,-0.004677791832572442
2016-03,-0.0013258738546001458,-0.0030425981250715717,-0.004756743174916145,-0.000369410015598981,-0.0014900720252298827,-0.0026097037272014845,-0.00136151646126903,-0.0024206580914545306,-0.003478831168129859
2016-04,0.003906340459814084,0.0024885059817718602,0.0010726270583003572,0.005163056592710102,0.003501588185735649,0.0018428906792762323,0.005163056592710991,0.003501588185736315,0.0018428906792757882
2016-05,-0.0029057155136367196,-0.004450917401104704,-0.00599390590051152,-0.0027175291602250518,-0.0039303353648048045,-0.005141827653043274,-0.002571014515638237,-0.004527041281163324,-0.00647965292212882
2016-06,-0.0021045964018329144,-0.002895338719565377,-0.0036853601053077334,-0.005033466079194859,-0.005945914029338417,-0.006857519225299202,-0.002988395355766449,-0.003998913808552107,-0.005008309892610474
2016-07,-0.004110967687795286,-0.00570385885807434,-0.007294639306540396,0.0005621712750927266,-0.0011811495351718992,-0.002921824554588892,-0.0018940188646353606,-0.00346724309370805,-0.0050384321665845055
2016-08,-0.0006332357754950113,-0.002056613407936614,-0.003477897166472288,-0.0015718180622033007,-0.0036924904408859316,-0.005808620041426904,0.0014771178912615923,-0.0004629859375229195,-0.0023992175744377287
2016-09,-0.001850927380176004,-0.0026226073612113376,-0.0033937405043864555,0.0016157886716772207,0.00043443959502420526,-0.0007457119258005296,-0.001850927380176115,-0.0026226073612108936,-0.0033937405043857893
2016-10,-0.000901065784897126,-0.0030557582311047105,-0.005206416992735496,0.0011973385188106533,-0.00032620181933096237,-0.001847494352157919,-0.00037904356606577316,-0.002495634137115066,-0.004608257830091889
2016-11,0.002314501868224239,-0.00027517656043474226,-0.002858814299068868,-0.006625275490614757,-0.009177922799880833,-0.011724354000933301,0.004524387225629756,0.001902239200827216,-0.0007135536527919095
2016-12,0.0003260907274285074,-0.0007452109234500348,-0.0018155501147292252,0.00040394613199534746,-0.0013568635538399043,-0.0031149413304634166,-0.0008749068095641466,-0.002471581031230574,-0.004066156932547749
2017-01,0.002404286442936998,0.001063776973116548,-0.00027489868672436746,0.000602736876983867,-0.0005674746477365433,-0.0017363736448438027,0.002404286442936998,0.001063776973116104,-0.00027489868672392337
2017-02,-0.0033727056182186743,-0.005689391795696608,-0.008001139646165,-0.0009063950461820625,-0.003158620883934593,-0.005406674267145806,-0.0017957805788381132,-0.0038930277408921743,-0.00598635514647472
2017-03,0.0028722176669009336,0.001473593451757127,7.687968183089922e-05,0.003019475790472459,0.001354882317390338,-0.00030714849020152535,0.0016909934659856685,0.0005389567219939995,-0.0006118392737044509
2017-04,0.0012106750562068669,-3.7042996054559296e-05,-0.001283563455128589,0.0015735020801244115,0.000846678593225958,0.00012024541298494285,-0.00013957100364314634,-0.0011691671610772891,-0.002197889626529226
2017-05,-0.00015821107661362355,-0.0015611431077354743,-0.0029621362845920762,0.002192968130368067,-3.999619680761235e-05,-0.002268438545139917,-0.00196431557674015,-0.0036449943368159765,-0.005323154974559041
2017-06,0.006033493802076073,0.003829136242724074,0.001629403903526061,0.00482560479179428,0.0028546988041069365,0.0008876692513026807,0.0055894323832075266,0.0034054985234390767,0.0012264194432645148
2017-07,-0.00022410153979290914,-0.0015364010539206108,-0.0028473211204241844,0.0019398925274274337,0.00021067250404782634,-0.001515865751428036,0.002329338884853982,0.0010317029803785793,-0.00026446220072517956
2017-08,-0.00042704212632427296,-0.0022329520649181367,-0.004035718025538815,0.0013105580666037397,-0.0011534843943925566,-0.0036119790230536575,-0.001266609177924316,-0.003003386287276477,-0.004737187702495982
2017-09,0.0003601459644646532,-0.001139506511664612,-0.0026371545677316144,0.00141584255230498,-0.0004311957369794728,-0.0022748081559004207,0.00036014596446398706,-0.0011395065116657221,-0.0026371545677318364
2017-10,-0.004208797317839075,-0.006164936222361139,-0.008117861080335298,0.00740003429038083,0.005028629948874652,0.002662475088072158,-0.0010112274561985268,-0.002904746236101041,-0.004795225143145787
2017-11,0.0018171806321785056,-0.00045644831311075773,-0.002725212688437395,-0.00015180174569084937,-0.002733990793268637,-0.005309726751902777,-0.00027512474061419656,-0.002587345183004186,-0.004894542370790678
2017-12,-0.00220442503493834,-0.004246050246870081,-0.0062835732583022,-0.0010042012565179004,-0.0029259205047967862,-0.004844174014094982,-0.002793528797586431,-0.0045522376396290865,-0.0063078816205427435
2018-01,-0.0017416434069155162,-0.0031851887618674635,-0.00462659276541888,-0.0013718308420118674,-0.0035090125350017987,-0.005641637783623699,-0.0017416434069152942,-0.0031851887618669084,-0.004626592765418991
2018-02,0.0007998535470936652,-0.0008976161835964058,-0.0025923268576486524,0.001344084003700896,-0.0008696818380907745,-0.003078928256365243,0.0008729767797699406,-0.0007454035873565301,-0.0023612462824438296
2018-03,0.002775585907452971,0.0011994264016168543,-0.0003742536206036151,0.002164725096118536,0.0001381747385242882,-0.0018842264778099471,0.002775585907452527,0.0011994264016166323,-0.00037425362060428125
2018-04,-0.00543038585238409,-0.007212475533021401,-0.00899157542176221,-0.004974296866185446,-0.00656723353854316,-0.00815782804405496,-0.0018937624718464718,-0.0040076422901696995,-0.006117099475073662
2018-05,0.001818815154437825,0.00033379739193062363,-0.0011489692219471825,-0.005407815045214592,-0.006455742442290413,-0.00750258496884082,0.001818815154437159,0.0003337973919310677,-0.0011489692219468495
2018-06,-0.000383672240560462,-0.0014618989048528208,-0.0025391161590910816,0.006441788228050083,0.004942420297870509,0.003445098891289744,0.0017643974368755089,0.0007587742407528797,-0.0002459625026330903
2018-07,0.006139923466857544,0.004255854769679823,0.002375014361887473,0.008072225151833257,0.005895096185686066,0.0037224361664940364,0.005720947796785669,0.003828027446309834,0.0019382707093877904
2018-08,-0.0016112727418781114,-0.0025666097214140926,-0.003521075434966714,0.00016116842975932855,-0.0011424570361424635,-0.0024443853923644676,-0.0016112727418782224,-0.0025666097214135375,-0.0035210754349658258
2018-09,0.0005954790346665018,-0.0010964497538304974,-0.00278572284919687,0.005008737373278338,0.00342227641504933,0.0018382293095398072,0.0005954790346667238,-0.0010964497538308304,-0.002785722849197425
2018-10,-0.003991240084630032,-0.006151732488640427,-0.00830766780368486,-0.005136369450085665,-0.007184979246311118,-0.009229720825168042,-0.003720464212465857,-0.0059842945676317205,-0.00824319385191774
2018-11,-0.0008428864607834541,-0.0034121738449640615,-0.00597487643806216,-0.004726021414907966,-0.006992751254234819,-0.009254481748646404,0.0007549700117992497,-0.001553168945177985,-0.0038560482643142935
2018-12,-0.0010812524672166868,-0.003656367499828561,-0.006224924607427851,-0.0015731871031442468,-0.003658344227366439,-0.005739091771366667,-0.0024304091740727785,-0.005003413738339235,-0.00756976222104111
2019-01,0.0025309330549516673,0.0011587579107157353,-0.00021160699909839042,0.005478026308980866,0.003535134436255083,0.0015958527503876496,0.0017960787889577112,0.0004876422894537491,-0.0008192457691904576
2019-02,0.0016631853014572595,0.00023023467284821741,-0.0012009751514976408,-0.0007853384701046462,-0.0021939594869011536,-0.003600889717861988,-0.000727823826542795,-0.0018504236487175696,-0.0029720456595309086
2019-03,0.0007329087727647732,-0.0007534858565245717,-0.0022379694018487273,-0.0009572129461322687,-0.0023087333607435534,-0.0036586394001092426,0.000732908772764107,-0.0007534858565240166,-0.0022379694018488383
2019-04,-0.00038029163463682014,-0.0020328621325489404,-0.0036831625944028223,0.0013657097871513368,-7.175717180085694e-05,-0.0015075777218446218,-0.0008609298054997883,-0.0025483836391930748,-0.004233338812970944
2019-05,-0.002319213792735142,-0.003724520261724984,-0.005128134166633824,-0.0006996799736828097,-0.0025359764428075637,-0.004369016678378745,-0.002319213792734809,-0.0037245202617239848,-0.005128134166633935
2019-06,0.0012804958164489566,-0.0003023136216965261,-0.001882955734262115,-0.0014478399121193863,-0.002936090844090855,-0.004422445034914402,-0.00012454958993446397,-0.0016596857584307845,-0.003192761478859718
2019-07,-0.0028745597246467858,-0.005382162688094216,-0.007883638485034372,-0.006283035044928775,-0.008160301135787806,-0.010034323888591934,-0.0028745597246467858,-0.005382162688094105,-0.007883638485035593
2019-08,-0.0019498941433175876,-0.00367081776801359,-0.005388846400428138,0.00032934959831210087,-0.00166710188633723,-0.003659825550864415,-0.0026650063155216897,-0.004452011137862311,-0.006236043394423518
2019-09,-0.0008802439318406075,-0.0028784579771301555,-0.004872639763396025,7.371929725152881e-05,-0.0023581136429642324,-0.0047840602339109806,-5.081201012213654e-05,-0.0018230565107715258,-0.003592091423523458
2019-10,-0.003072906010750831,-0.0045780259136100065,-0.006081070282622614,-0.0003582031411569764,-0.0022630809420010056,-0.004164497100387465,-0.003072906010751164,-0.0045780259136098955,-0.006081070282621948
2019-11,0.00011319013768584796,-0.0023390210082909757,-0.004786065071044621,0.00047517105353755973,-0.002102877657000568,-0.004674695504394144,-0.0004008991381895255,-0.0023708434300419023,-0.0043372439622547665
2019-12,-0.0004500761574752765,-0.002930199264238098,-0.005404865025326444,-0.0023345981981979236,-0.004119835938307226,-0.0059022750488813,0.00048765552302465487,-0.001671723683401738,-0.0038268892774608876
2020-01,-0.002430591719937314,-0.004598291052891779,-0.00676194126598928,0.002838685971337851,0.0008388827934953103,-0.0011573896987575605,-0.0002442078154309968,-0.002617067673666318,-0.004984734165861426
2020-02,-0.00034942344029564865,-0.002055646750176887,-0.003759109254368509,-0.002739446063750317,-0.004339941993000362,-0.005937839195943151,0.0015761044457252016,-0.00031105333811265456,-0.002194643037326971
2020-03,-0.006835414861075528,-0.009566506574702371,-0.012290239255060897,-0.004299810919822011,-0.007195272220397175,-0.01008237025979919,-0.006835414861075417,-0.009566506574702371,-0.012290239255060786
2020-04,0.00931099994128548,0.006560060065589957,0.0038166525773917215,0.018932066915990253,0.01587145052637773,0.012819859031243608,0.009310999941285036,0.0065600600655897345,0.0038166525773917215
2020-05,-0.003518868420388288,-0.006041758043196066,-0.00855847389000064,-3.4533788472179694e-05,-0.0014706006001220517,-0.002904711068522303,0.004902061813850445,0.0020807345421209877,-0.0007327875807713324
2020-06,-0.001410291344942638,-0.0030426672223413664,-0.004672364691446496,-0.002601238369869252,-0.005058595786744946,-0.007509947873391765,-0.001410291344942638,-0.003042667222340256,-0.004672364691446607
2020-07,0.0037787628642960147,0.002620348738916478,0.0014631904379680538,-0.0006540681722971842,-0.0024021980124447895,-0.004147592136118705,0.0054047354831829875,0.004458655102087761,0.003513386965505516
2020-08,0.002504741957329637,0.0006590287903540659,-0.0011839406140717879,-0.001865061142019231,-0.0028743476006793944,-0.003882609095569589,0.002504741957329193,0.0006590287903531777,-0.0011839406140708997
2020-09,0.004906526280945567,0.0029692879789757765,0.0010352323217628356,-0.0008247683982326448,-0.0023321907911104667,-0.0038373277730843203,0.004906526280946233,0.0029692879789753324,0.0010352323217630577
2020-10,0.006903979555227258,0.004716200150717498,0.0025334211048748667,0.014215039275112362,0.013388624440276109,0.012562873828700027,0.004637507849415412,0.0027096140896529786,0.0007855498184292653
2020-11,-0.0036437881192091792,-0.005364046513444132,-0.007081414728280944,0.0011797130705795134,-0.000982484362780478,-0.003140195116968836,-0.0036437881192091792,-0.005364046513444243,-0.007081414728280944
2020-12,0.006509267034904065,0.004300128486872445,0.0020954588163564214,0.004214398097819316,0.002554073688192604,0.0008965179964055547,0.005971707702942641,0.004325612230754228,0.0026820513712839666
2021-01,0.004037902040043395,0.0019042658085910436,-0.00022491512836175787,0.006262375349937566,0.004516471967836555,0.0027735432826485606,0.004349810813810695,0.002487513761074922,0.000628706180329397
2021-02,0.002917117360812904,0.0011353017370463458,-0.0006436043561458549,-0.004691772889553469,-0.006381766639733999,-0.008068892093124336,0.003980220598773787,0.002133914647954427,0.000290839985123581
2021-03,-0.005257317785090199,-0.00732834034872365,-0.009395536152729922,-0.0028054455384691757,-0.004858594691724338,-0.0069079410657783,-0.004207870856816731,-0.0061688953931466894,-0.008126448218844007
2021-04,-0.0023521811565017092,-0.004112393947283466,-0.005869811318981122,-0.005507150801631333,-0.00677147580282611,-0.00803438159813985,-0.0023521811565018202,-0.004112393947282911,-0.005869811318981455
2021-05,-0.0021042811092204516,-0.0026824473597762966,-0.003260243804899643,-0.0005446854868780271,-0.0010249729479810954,-0.001505071088181209,-0.0022628722830559944,-0.0030845754512520696,-0.0039056240539940834
2021-06,-0.0010084090748335717,-0.001709349772425206,-0.0024098473619821315,0.004846861747303199,0.003512314367872582,0.0021793897092685643,-0.0020550682542247456,-0.0030462178753879465,-0.004036470824794414
2021-07,0.000411644192170213,-0.001160194438369344,-0.0027299535499281102,-0.0012350562854406277,-0.0027265170025684293,-0.004216114374495428,0.000411644192170213,-0.0011601944383697882,-0.0027299535499283323
2021-08,-0.0013036443507388196,-0.0033472672206388276,-0.005386892312442826,0.0008116760876697438,-0.0012953793233696498,-0.003398009395536805,-0.0006427783645481799,-0.0023631205004409628,-0.004080624339192873
2021-09,0.004187977580438318,0.0016283607626261798,-0.0009249390337304764,0.004709146225485572,0.0023069866943374873,-8.962140587387424e-05,0.0016111549896526967,-0.0009656111172410276,-0.0035359631456514107
2021-10,-0.007634264685009717,-0.00978287946262446,-0.011927296098622087,-0.006152488752552032,-0.00814377775420061,-0.010131500703826846,-0.007981809747205415,-0.01038016733459779,-0.012773237659669423
2021-11,0.0033432480109971685,0.00110468269175934,-0.001128977553079169,0.000868550922876965,-0.001019622564766176,-0.0029044706958079036,0.0033432480109971685,0.001104682691759784,-0.001128977553078725
2021-12,-0.00048683903320523303,-0.002704114504178956,-0.004916800297942725,0.006266042852067111,0.004210520496873871,0.0021587647930754184,-0.0007556897514048311,-0.003042761505689162,-0.005325061103432005
2022-01,-0.005242876744639524,-0.0064506652956572985,-0.007656971378427357,-0.009368171937617631,-0.01110688568656315,-0.012842453680993349,-0.005242876744638969,-0.006450665295657743,-0.007656971378427246
2022-02,0.00450243455670285,0.0020953961762171236,-0.0003062890568199528,0.0014098359518630588,-0.0012707940748826196,-0.003944517031978179,0.004453307745244439,0.0020679239246215175,-0.0003121386444440155
2022-03,0.0034012287908600225,0.0017254432380371387,5.215078347342583e-05,0.007423924271376947,0.004864336285004267,0.0023104827185307375,0.00596933241911235,0.004207916763978581,0.002449170224102959
2022-04,0.0014625295312806763,0.0003579964277513614,-0.0007453598565810848,-0.00032218927267446684,-0.0015669666676225713,-0.002810233486971958,0.0014625295312808984,0.0003579964277513614,-0.0007453598565805297
2022-05,-0.00624117281258485,-0.007975830704766484,-0.00970760198120102,0.007217633046312288,0.0051938429266649155,0.0031734799268761105,-0.006241172812583962,-0.00797583070476704,-0.009707601981200242
2022-06,-0.003844241445484231,-0.0051948526604201906,-0.006543726943549322,-0.0005684828930448971,-0.0014881576326115642,-0.002407010752299543,-0.00384424144548412,-0.0051948526604201906,-0.006543726943549988
2022-07,0.0,0.0,0.0,-0.0013641387084435408,-0.0019421497291636225,-0.00251986061735221,0.0,0.0,0.0
2022-08,-0.003383124995324005,-0.004863950695598085,-0.006342738325798347,0.0010464924620106064,-0.000581047640549226,-0.002206291949874206,-0.0018713067597171396,-0.003629877997756603,-0.005385582951352941
2022-09,-0.0019061344624506926,-0.002880728116135378,-0.00385442030064842,0.0009181246082516914,-2.4280497333495354e-05,-0.0009658372705511065,-0.0019061344624502485,-0.002880728116135156,-0.003854420300648198
2022-10,0.0018825088787821631,-0.0004408599768725985,-0.0027590188104116287,0.002696933249902278,0.0007060607227067361,-0.0012813867496525022,0.001882508878781719,-0.0004408599768727095,-0.0027590188104111846
2022-11,0.007925712240225646,0.005204251189140141,0.002489889458507255,-0.0018137556462655136,-0.004644044048666918,-0.007466622551144941,0.007925712240226757,0.005204251189140585,0.002489889458507477
2022-12,-0.0017397972297679143,-0.003891901999966585,-0.006039773573444651,0.0016400340818336634,-0.0007533518623450419,-0.003141394654160079,-0.0017397972297680253,-0.003891901999966696,-0.006039773573444207
2023-01,0.005305169814752597,0.0033069909746064052,0.001312341741056322,0.003744072149356903,0.0018663712137954036,-8.303255576103119e-06,0.005305169814752153,0.003306990974605517,0.0013123417410565441
2023-02,-0.0045076703100709326,-0.006398570634502998,-0.008285823209413068,-0.006199934435901389,-0.00697533574858733,-0.007750109044746711,-0.0045076703100708215,-0.006398570634502443,-0.008285823209413179
2023-03,0.003136337025205993,0.00180004144881174,0.0004650534795223038,0.0018910679311416878,0.00011865764061136375,-0.0016509846377701365,0.0011868858518389036,-0.00010021631666812247,-0.0013859379213722045
2023-04,0.003106873639391994,0.0012614640384054354,-0.0005809814801304158,0.0042570528766785465,0.002931607061362085,0.001607762519698852,0.002529083180520031,0.0008954725346683734,-0.0007358787192848215
2023-05,0.0018958010448366647,-0.00027273728598220526,-0.002436771843707497,0.00214625630603571,-0.000719537055565489,-0.003577277248872801,0.0013567154037801288,-0.0010851876151808382,-0.0035213527371393827
2023-06,-0.00429828824652112,-0.006292169487290611,-0.008282176546888897,-0.0012031744946460199,-0.002826896909626675,-0.004448296633949078,-0.0028238883589397634,-0.0050146454244753835,-0.007200586490279659
2023-07,0.0010310857195117151,-0.0003066695300851796,-0.0016427727706214146,0.0013767792672105816,9.482724847953428e-05,-0.0011855475122602988,0.0010310857195119372,-0.0003066695300846245,-0.0016427727706224138
2023-08,0.001177350500944474,-0.00017137849064952082,-0.0015185008586970916,0.00624351434560344,0.004845429189574535,0.0034492626251168,0.003275890439112583,0.0016605613443849698,4.749897547218218e-05
2023-09,0.0009271342756709267,-0.0010438273217476812,-0.003011045608397933,0.0002166393907505615,-0.001707976171062442,-0.0036289517829021234,0.0009271342756718148,-0.0010438273217473482,-0.003011045608397489
2023-10,0.005583486286982797,0.0039040621702362,0.0022273901378384586,0.003567369083611105,0.0014698212236663455,-0.0006237793003035508,0.005583486286983685,0.0039040621702362,0.0022273901378386807
2023-11,0.002001896140913395,-0.00017767006865365698,-0.0023527573312066563,0.0011904215757418957,-0.0007507748580207751,-0.002688252207289188,0.0008128619382923308,-0.0013914314683989293,-0.0035910708048633166
2023-12,-0.003610157971289274,-0.006261157861998545,-0.008905633603664254,0.000751628534507498,-0.0007371721843464352,-0.002224246257568674,-0.003610157971289385,-0.006261157861998323,-0.008905633603664143
2024-01,0.005412228866780611,0.004160627233135372,0.002910389971821692,0.001156678347319584,0.0005051644463345273,-0.0001459370444822916,0.007457276352773823,0.005964299408267593,0.004473314513720572
2024-02,0.004117413127862957,0.0020536531219474963,-6.404095285961198e-06,0.0010251023231040435,-0.000567566785862339,-0.0021577989281756915,0.005392514419966021,0.003266093593314645,0.0011434469870916786
2024-03,0.0021983790044788343,0.0011938444498462708,0.0001902031408553828,0.00033117499102397474,-0.0011633888608467702,-0.0026561742183841552,0.001220750327316722,-4.21325460642219e-05,-0.0013035802728258439
2024-04,0.002600017115763853,0.001836530651697199,0.0010735589950583435,-0.002940922681661906,-0.003969477423847789,-0.004997149325194905,0.0014731176888846953,0.0009266289648182102,0.0003804212070588342
2024-05,-0.004259695054326551,-0.006142456001886454,-0.008021709655147036,-0.002674247076602687,-0.004016417721359855,-0.005356814185831671,-0.004259695054326662,-0.00614245600188712,-0.008021709655147036
2024-06,-0.0036092748862276425,-0.00518768207621334,-0.006763621081488869,-0.0045032280339143416,-0.0059464583788290115,-0.007387708858925035,-0.003445825008167258,-0.005285546926719342,-0.0071220021242485165
2024-07,-0.004748686516860445,-0.006619213856824291,-0.008486553407395347,0.0017933497838507062,-0.0010451459384595019,-0.0038763089219111535,-0.006847240881090455,-0.008627356987710888,-0.010404518891377501
2024-08,0.001169640166426511,-0.0007280330344953123,-0.002622127124380813,0.0014114193837189148,-0.00085853134996694,-0.0031237956970195935,0.0010410056688530123,-0.0009672143682227796,-0.002971489334284483
2024-09,-0.0022557621255222537,-0.004239344935811684,-0.006219493423159417,0.002020139949586719,0.00024642554827813967,-0.0015246699826314547,-0.0022557621255216986,-0.004239344935811573,-0.006219493423158751
2024-10,0.0,0.0,0.0,0.0,0.0,0.0,0.0,0.0,0.0
