Date,LS,LS_BN,LongHedged,EW,SPY
2021-01-04,-0.00200000,-0.00200000,-0.00156595,-0.00100000,0.00000000
2021-01-05,-0.02380579,0.01801016,0.00310509,0.01415785,0.00688750
2021-01-06,-0.04581217,-0.01825776,0.01723648,0.02871394,0.00597856
2021-01-07,0.06558627,-0.03509951,0.02787776,0.02117366,0.01485740
2021-01-08,-0.00957696,-0.00680986,0.00355064,0.00542118,0.00569767
2021-01-11,-0.06212114,-0.02394186,-0.00156142,0.00847343,-0.00674069
2021-01-12,-0.03097880,-0.01412658,0.00592109,0.00603514,0.00021099
2021-01-13,0.02934424,0.02640172,-0.00324121,-0.01243788,0.00269318
2021-01-14,-0.00668958,-0.02112769,-0.01233249,-0.00656417,-0.00350203
2021-01-15,0.00035322,0.01449208,0.00609279,-0.00206288,-0.00729254
2021-01-19,0.02947415,-0.02371287,-0.00055033,0.00120316,0.00785186
2021-01-20,0.03281797,0.00458218,0.02403753,0.02192128,0.01383866
2021-01-21,-0.01462376,-0.07787039,-0.00518649,0.01341920,0.00091164
2021-01-22,0.01684452,-0.02938413,0.01627212,0.01319286,-0.00353941
2021-01-25,0.03164511,-0.04021571,0.02828703,0.02725045,0.00394370
2021-01-26,0.01737726,-0.22298906,-0.00380152,0.03734650,-0.00156086
2021-01-27,0.00717394,0.17178083,-0.01577794,-0.04407744,-0.02444043
2021-01-28,-0.02676136,-0.25053942,-0.00333710,0.05248094,0.00860024
2021-01-29,0.02783697,-0.11053279,0.00605151,0.00362202,-0.02001949
2021-02-01,0.00420012,-0.23796059,-0.00484988,0.03062945,0.01664543
2021-02-02,-0.01588829,0.02267389,-0.00915713,0.00863992,0.01414030
2021-02-03,-0.03157548,-0.00417037,-0.00462982,0.00681809,0.00078632
2021-02-04,-0.04365273,0.01656130,-0.01455079,0.00727398,0.01136548
2021-02-05,-0.01032037,-0.03341839,0.00810848,0.00750644,0.00393592
2021-02-08,0.01714091,-0.02807084,0.01112534,0.02620251,0.00722197
2021-02-09,-0.00332059,-0.02498676,-0.01497859,-0.00381931,-0.00066594
2021-02-10,-0.01048875,-0.01720594,0.00076995,0.01431462,-0.00043539
2021-02-11,-0.02706718,0.01984700,-0.00353187,-0.00457219,0.00161495
2021-02-12,0.03313527,-0.01826484,0.01891919,0.00520939,0.00493984
2021-02-16,-0.01741183,-0.01036154,-0.00325986,0.00224547,-0.00086607
2021-02-17,-0.00467148,-0.01808898,-0.00603089,-0.00502630,0.00022962
2021-02-18,-0.01135159,0.00503209,-0.00535069,-0.01169050,-0.00425611
2021-02-19,-0.03918174,-0.00832619,-0.01554444,-0.00413444,-0.00176612
2021-02-22,-0.08178396,-0.01310277,-0.03611868,-0.01510109,-0.00769153
2021-02-23,-0.03093874,0.03283854,-0.01293462,-0.01455650,0.00121446
2021-02-24,-0.09420568,-0.04707333,-0.00664711,0.02470901,0.01101909
2021-02-25,-0.02327878,-0.01208235,-0.02385223,-0.02792055,-0.02409592
2021-02-26,0.02525153,-0.01019645,0.00066219,-0.00366629,-0.00515230
2021-03-01,0.00686442,0.01601561,-0.00102086,0.01227388,0.02424019
2021-03-02,-0.00159274,0.01838889,-0.00567068,-0.01714885,-0.00780342
2021-03-03,-0.06189994,-0.01989373,-0.02710880,-0.02130491,-0.01324567
2021-03-04,-0.00114422,0.02265254,-0.01633736,-0.02357664,-0.01237463
2021-03-05,-0.05855659,-0.03583971,-0.00495863,0.03621646,0.01839633
2021-03-08,-0.08628125,-0.01811875,-0.01766100,0.01458448,-0.00497845
2021-03-09,0.06151541,0.02440155,0.01853878,0.01407380,0.01427744
2021-03-10,-0.04512314,0.00798222,-0.02319200,0.00476484,0.00622456
2021-03-11,0.04429624,-0.00358025,0.02736123,0.01411525,0.01013906
2021-03-12,-0.04647336,-0.00357487,-0.00638777,0.00819568,0.00134678
2021-03-15,-0.04720482,-0.03221414,0.00601186,0.02625469,0.00596364
2021-03-16,0.00781738,0.00494555,-0.00877956,-0.00882455,-0.00126144
2021-03-17,-0.04207633,-0.01173819,-0.01454205,0.00628543,0.00341020
2021-03-18,0.03881972,-0.01421182,0.00036759,-0.02511061,-0.01454989
2021-03-19,0.01167694,0.01725206,0.01507495,0.00730932,-0.00185022
2021-03-22,0.07294473,0.00718807,0.01571396,-0.00226328,0.00798492
2021-03-23,0.07571786,0.04099349,-0.00134741,-0.03582168,-0.00787072
2021-03-24,0.00200496,0.01202197,-0.01746513,-0.02591636,-0.00508353
2021-03-25,-0.06573420,-0.03602430,-0.01487447,0.01937559,0.00562534
2021-03-26,-0.00650762,-0.01306630,0.00910321,0.02079187,0.01611521
2021-03-29,0.03425418,0.01216524,-0.00483850,-0.01564884,-0.00050532
2021-03-30,-0.04999993,0.02348494,-0.00245242,0.00315161,-0.00265274
2021-03-31,0.02196516,-0.00267480,0.00968340,-0.00400086,0.00405325
2021-04-01,0.00131796,-0.01769837,-0.00550127,0.00853877,0.01079924
2021-04-05,-0.00185117,-0.00463775,-0.00350404,0.00940004,0.01435292
2021-04-06,-0.02835703,0.00824668,-0.00509226,0.00614568,-0.00059068
2021-04-07,-0.03637872,-0.01259135,-0.01465411,0.00095986,0.00115723
2021-04-08,-0.03101377,0.02166249,-0.01331249,0.00603333,0.00474708
2021-04-09,-0.02372081,-0.00214221,-0.00401164,0.00819559,0.00727007
2021-04-12,-0.02104100,0.03267671,-0.01635057,0.00279159,0.00036440
2021-04-13,0.02053674,0.03852855,-0.00266582,-0.00672470,0.00296387
2021-04-14,-0.05686525,0.03462899,-0.05245547,-0.01435029,-0.00341526
2021-04-15,0.00164854,0.00875954,0.01273982,0.01600256,0.01074272
2021-04-16,0.01017986,-0.01781409,0.01623971,0.01177944,0.00334222
2021-04-19,-0.02221676,0.02204801,-0.03219694,-0.01506551,-0.00491296
2021-04-20,0.03027766,0.02307593,-0.01088190,-0.01906918,-0.00732148
2021-04-21,-0.01446996,-0.01445110,0.01648353,0.02325745,0.00946188
2021-04-22,-0.00575670,0.00934287,0.00577193,0.00229312,-0.00913285
2021-04-23,-0.00987616,0.00155518,-0.00109392,0.00872625,0.01084235
2021-04-26,0.06360234,0.00761618,0.02458656,-0.00053514,0.00208756
2021-04-27,-0.03286198,-0.00864515,-0.00406596,0.00706454,-0.00021539
2021-04-28,-0.00052530,-0.00432524,-0.00350923,-0.00289654,-0.00028749
2021-04-29,-0.01379015,0.00040018,-0.03928511,-0.01142081,0.00637260
2021-04-30,0.02645173,0.00471545,0.01574110,-0.00584023,-0.00657046
2021-05-03,-0.06660907,-0.02004678,-0.02139705,0.00812330,0.00215692
2021-05-04,-0.01821881,-0.01900622,-0.02130839,-0.01706452,-0.00616935
2021-05-05,-0.00339366,0.00681932,-0.01155806,-0.00162110,0.00031266
2021-05-06,-0.02793714,0.00713940,-0.01742907,0.00653290,0.00798568
2021-05-07,0.00573399,0.01468688,-0.00376570,0.00615377,0.00727794
2021-05-10,-0.03178584,-0.00312588,-0.03392908,-0.00962055,-0.00990231
2021-05-11,0.01515895,0.00146090,0.00694327,-0.00835823,-0.00892478
2021-05-12,0.03145095,-0.00459043,-0.01066840,-0.03965942,-0.02124523
2021-05-13,-0.04626460,-0.00341975,-0.02936429,0.00934088,0.01201278
2021-05-14,0.04225372,0.04852251,0.07177892,0.04253464,0.01535495
2021-05-17,-0.04346884,-0.02416443,-0.03954818,-0.00847084,-0.00254441
2021-05-18,0.04044138,0.01536145,0.04511956,0.00604523,-0.00861573
2021-05-19,0.05543417,0.04327565,0.03973423,-0.00058920,-0.00262170
2021-05-20,0.08719916,0.06717937,0.05622689,0.01122114,0.01075807
2021-05-21,0.01622594,0.01493032,0.01320361,0.00070588,-0.00081887
2021-05-24,-0.04240918,-0.03182426,-0.03707367,-0.00086203,0.01019428
2021-05-25,0.01606824,0.01533731,0.02002391,0.00770112,-0.00221875
2021-05-26,-0.04941421,-0.03728408,-0.01513153,0.01683632,0.00198459
2021-05-27,0.02958229,0.02535184,0.03705687,0.01694527,0.00052489
2021-05-28,0.03536479,0.01245300,0.01990782,-0.00029008,0.00178875
2021-06-01,-0.01113241,-0.00435367,-0.01843919,-0.00909231,-0.00088089
2021-06-02,0.04410903,0.03471187,0.02842972,0.00303553,0.00157264
2021-06-03,-0.00248674,0.00094289,-0.01148867,-0.01450683,-0.00371139
2021-06-04,0.00562198,0.01300679,-0.00059986,0.00258323,0.00914604
2021-06-07,-0.01721771,-0.02357594,-0.01102357,0.00102251,-0.00097013
2021-06-08,0.03423632,0.04128369,0.04861043,0.02270769,0.00021313
2021-06-09,0.00892033,-0.00197787,0.00366302,-0.00260465,-0.00149199
2021-06-10,-0.01430574,-0.03112813,-0.02113010,-0.00552670,0.00464810
2021-06-11,-0.01865678,-0.00952112,-0.01472949,0.00541515,0.00165275
2021-06-14,-0.00722318,-0.01523801,-0.00829660,0.00128931,0.00223901
2021-06-15,0.00776074,0.01262235,0.00368291,-0.00403130,-0.00183422
2021-06-16,0.00433068,0.00358430,0.01121291,0.00361013,-0.00558348
2021-06-17,0.01519347,0.01060932,0.01344761,0.00862340,-0.00033151
2021-06-18,-0.00725274,-0.01229566,-0.00521930,-0.01565367,-0.01349034
2021-06-21,-0.02371139,-0.00907197,-0.02692579,0.00393936,0.01431580
2021-06-22,-0.00689197,-0.00288769,0.00767838,0.01548334,0.00534621
2021-06-23,0.01427372,0.01151640,0.02604283,0.01322560,-0.00120524
2021-06-24,-0.00087988,-0.00291136,-0.00285491,0.00620950,0.00591581
2021-06-25,-0.02455788,-0.02056938,-0.01880932,0.00439487,0.00355198
2021-06-28,0.02552570,-0.00596925,0.00578800,-0.00249544,0.00201589
2021-06-29,-0.01817620,-0.02415493,-0.02016991,-0.00372101,0.00053824
2021-06-30,-0.01467333,0.00282068,-0.00118576,0.00360149,0.00084156
2021-07-01,-0.00434037,-0.00712216,-0.00383382,0.00278683,0.00553662
2021-07-02,0.00346152,0.01899080,-0.00405196,-0.00376266,0.00764368
2021-07-06,0.01496468,0.00730049,0.00226906,-0.00558246,-0.00182156
2021-07-07,0.01966421,0.02455138,0.00350647,-0.00995986,0.00353393
2021-07-08,0.00486619,-0.00081697,0.00222160,-0.00505504,-0.00814786
2021-07-09,-0.02347059,-0.01594351,-0.00609595,0.01430684,0.01067464
2021-07-12,-0.00845182,-0.01350613,-0.00804463,-0.00497641,0.00358206
2021-07-13,0.00092084,0.01492224,-0.01147592,-0.01743528,-0.00340886
2021-07-14,-0.00810069,0.00696765,-0.01276064,-0.00955802,0.00149196
2021-07-15,0.01242677,-0.00264933,-0.00024067,-0.00821893,-0.00341543
2021-07-16,0.02078957,0.00703066,0.01039021,-0.00590348,-0.00784352
2021-07-19,0.03583457,0.02747505,0.01472062,-0.00843725,-0.01476799
2021-07-20,-0.01904574,0.00401944,-0.00227922,0.01520408,0.01433033
2021-07-21,-0.01809105,-0.02732632,-0.00719093,0.01176306,0.00809648
2021-07-22,0.01074384,0.01023530,0.00389492,-0.00183947,0.00209385
2021-07-23,-0.00231209,0.00522032,0.00290260,0.00789719,0.01028816
2021-07-26,-0.01741803,-0.00872328,-0.00691194,-0.00115109,0.00245480
2021-07-27,0.01651449,-0.00177028,0.00380517,-0.00583631,-0.00455756
2021-07-28,0.01006854,0.00298197,0.01018467,0.00581044,-0.00040979
2021-07-29,0.01134731,0.02377173,0.01339424,0.01108261,0.00414723
2021-07-30,-0.00056472,-0.00057280,0.00562893,-0.00312513,-0.00485637
2021-08-02,0.00033604,-0.00419119,-0.00841214,-0.00655662,-0.00209815
2021-08-03,-0.00925988,0.00054011,-0.00327846,0.00556415,0.00813551
2021-08-04,0.05548106,0.00815873,0.00405732,-0.02478217,-0.00491883
2021-08-05,-0.03521001,-0.00992405,0.00010195,0.01934949,0.00633291
2021-08-06,-0.02604228,-0.00441659,-0.01312510,-0.00737176,0.00165214
2021-08-09,0.00808017,0.00949114,0.00279566,-0.00462451,-0.00081335
2021-08-10,-0.06399795,-0.02156449,-0.02588900,0.00690815,0.00124379
2021-08-11,-0.02910287,-0.01309595,-0.02282625,-0.00050383,0.00248486
2021-08-12,0.04187888,0.01360725,0.02545752,0.00470703,0.00299715
2021-08-13,0.00154565,-0.02847082,-0.02560983,-0.01364738,0.00181958
2021-08-16,0.00082653,-0.00372355,-0.01240533,-0.01229820,0.00235478
2021-08-17,0.03676311,0.00232172,0.00326393,-0.01638299,-0.00655526
2021-08-18,-0.01417647,0.02178534,0.00369881,-0.00290929,-0.01094484
2021-08-19,-0.01967041,0.01489069,-0.00889822,0.00401768,0.00154826
2021-08-20,-0.01355100,-0.01723916,0.00226572,0.01541127,0.00795697
2021-08-23,-0.01576912,-0.01039907,0.00170965,0.01524091,0.00879650
2021-08-24,-0.02808898,-0.01316025,0.01559685,0.01911824,0.00158747
2021-08-25,0.03430707,0.02663575,-0.00590883,-0.01144508,0.00209820
2021-08-26,0.03669660,0.00968039,-0.00580294,-0.02140460,-0.00590298
2021-08-27,-0.00005827,0.00045393,0.00559411,0.01333922,0.00894098
2021-08-30,0.02100228,0.00822982,0.00790267,0.00146181,0.00439754
2021-08-31,0.01220538,-0.00303367,0.00284170,-0.00318907,-0.00148165
2021-09-01,0.00413141,-0.00578183,0.00038985,-0.00193493,0.00053149
2021-09-02,0.02888292,0.01636842,0.00853769,-0.00427074,0.00307653
2021-09-03,0.02356779,0.02454923,0.00636735,-0.00879508,-0.00024261
2021-09-07,0.00915088,-0.00124813,0.00522053,-0.00212588,-0.00357551
2021-09-08,0.00999707,0.00062980,0.00185440,-0.00507494,-0.00121823
2021-09-09,-0.01490635,0.01616795,0.00122195,0.01173261,-0.00428040
2021-09-10,0.01571824,0.02469205,0.00593264,-0.00450992,-0.00788436
2021-09-13,-0.02229254,-0.00882738,-0.01422096,-0.00386028,0.00255940
2021-09-14,-0.03513373,-0.04773216,-0.03728058,-0.02612744,-0.00539658
2021-09-15,-0.00686375,-0.01915981,-0.00294338,0.01095761,0.00835259
2021-09-16,-0.00598234,-0.00032255,0.00820494,0.01078381,-0.00158535
2021-09-17,0.02599619,0.03985666,0.03230131,0.01129303,-0.00974109
2021-09-20,-0.00685972,0.00488354,-0.01171626,-0.02374685,-0.01667406
2021-09-21,0.00337625,-0.00261083,0.00063366,0.00651028,-0.00094471
2021-09-22,-0.02018119,-0.00643819,-0.00689633,0.01087612,0.00975478
2021-09-23,-0.01692327,-0.00654147,-0.00656851,0.00580988,0.01215005
2021-09-24,-0.00546901,0.00371431,-0.00725161,-0.00958813,0.00164726
2021-09-27,-0.01745480,-0.00650899,-0.01138278,-0.00443506,-0.00286094
2021-09-28,-0.02067070,-0.02818797,-0.01476480,-0.01727701,-0.02015174
2021-09-29,0.00405866,0.02140304,0.00038333,-0.00786801,0.00168296
2021-09-30,0.04038834,0.00643372,-0.00892834,-0.02620347,-0.01222214
2021-10-01,-0.03380209,-0.02615456,-0.00945304,0.01315908,0.01188410
2021-10-04,-0.02783837,-0.02326716,-0.01729555,-0.01370866,-0.01289611
2021-10-05,0.01750134,0.01564114,0.00047929,-0.00099917,0.01040492
2021-10-06,0.02528488,0.01932670,0.00161664,-0.00793760,0.00415636
2021-10-07,-0.00435770,0.01167578,0.00612165,0.01021493,0.00864548
2021-10-08,-0.00827407,0.01599712,-0.01311768,-0.01727848,-0.00182386
2021-10-11,0.02091335,0.00163325,-0.00701306,-0.01942723,-0.00723975
2021-10-12,-0.01819152,-0.03111374,0.00501281,0.01566659,-0.00246142
2021-10-13,0.01267547,0.02360133,0.00431469,-0.00005241,0.00359763
2021-10-14,-0.00763638,0.00605352,0.00009198,0.00583937,0.01682068
2021-10-15,-0.00163340,-0.00492584,-0.01052864,-0.00703017,0.00761569
2021-10-18,-0.01162153,0.01629702,-0.00127678,0.00768154,0.00296070
2021-10-19,0.02125991,0.00712361,0.00931710,0.00261231,0.00771458
2021-10-20,0.02532972,0.01551620,0.00999749,-0.00003075,0.00392775
2021-10-21,0.00361746,0.00572947,0.01274683,0.01275469,0.00260821
2021-10-22,0.00784975,0.01305950,0.00444858,0.00129261,-0.00103592
2021-10-25,-0.01238759,-0.00137966,-0.00038753,0.01586606,0.00536284
2021-10-26,-0.00412931,0.00073214,-0.00520050,-0.00246784,0.00089989
2021-10-27,0.00528308,0.00593264,-0.01071632,-0.01770723,-0.00443043
2021-10-28,-0.00632129,0.01370201,0.00819161,0.02667115,0.00964920
2021-10-29,0.00651795,0.01260951,0.00935047,0.00778578,0.00202896
2021-11-01,-0.02426686,-0.02869844,0.00826351,0.01702454,0.00172027
2021-11-02,-0.00794944,-0.00323549,-0.01167550,-0.00563705,0.00404304
2021-11-03,-0.03398423,-0.02729481,0.00931038,0.02551482,0.00610527
2021-11-04,-0.04660397,-0.04154384,-0.01899266,0.00369940,0.00471251
2021-11-05,-0.04186200,-0.03234612,-0.03252439,-0.00640254,0.00346964
2021-11-08,0.00333332,-0.01234902,-0.00581463,0.00026563,0.00085379
2021-11-09,-0.01650737,0.01111688,-0.00337898,-0.00220506,-0.00330558
2021-11-10,0.01659563,0.00488295,-0.00804154,-0.01734738,-0.00804468
2021-11-11,-0.00264925,-0.00070153,-0.00941536,-0.00857905,0.00032353
2021-11-12,0.01762397,0.01996848,0.01034338,0.00512034,0.00754685
2021-11-15,-0.03541499,-0.02234377,-0.00307346,0.00723902,0.00034230
2021-11-16,-0.00522439,0.00596814,0.00109854,0.00950591,0.00395790
2021-11-17,0.02185228,-0.01275557,-0.00925906,-0.01114816,-0.00242906
2021-11-18,-0.03687872,0.00413980,-0.02654143,-0.00773906,0.00339619
2021-11-19,0.01942298,0.01755567,-0.01562433,-0.02265334,-0.00178803
2021-11-22,-0.04283599,-0.03086632,-0.03003262,-0.01052413,-0.00281520
2021-11-23,0.05712033,0.03972078,-0.01940531,-0.02476447,0.00132581
2021-11-24,0.07162314,0.00972441,0.00450569,-0.01335200,0.00266979
2021-11-26,0.03757805,0.02113128,0.02444741,-0.01624744,-0.02230307
2021-11-29,-0.00192191,0.01522366,-0.00458847,-0.00027741,0.01226651
2021-11-30,0.01381814,0.01368831,-0.01365213,-0.03276043,-0.01945733
2021-12-01,0.01180837,0.00902374,-0.01718016,-0.02450021,-0.01110736
2021-12-02,-0.01288351,-0.00968694,-0.01046475,0.01667011,0.01531623
2021-12-03,-0.00046425,-0.00754544,0.00485580,-0.00903259,-0.00870143
2021-12-06,-0.02603238,-0.01997464,-0.00414677,0.01956003,0.01184342
2021-12-07,0.00534702,0.00848067,0.01182737,0.03144913,0.02068503
2021-12-08,0.01727581,0.00146202,0.02261666,0.00821988,0.00264788
2021-12-09,-0.01377070,-0.01538987,-0.02598202,-0.02300274,-0.00675150
2021-12-10,-0.00318172,-0.00800978,-0.02265378,-0.01027652,0.00941341
2021-12-13,0.03849114,0.01045563,0.01016589,-0.01449177,-0.00885838
2021-12-14,-0.01671992,-0.00520075,-0.01474415,-0.01054885,-0.00687992
2021-12-15,0.00782137,0.00768834,0.01562341,0.02031331,0.01562504
2021-12-16,0.01035771,-0.00321704,-0.00140337,-0.01463948,-0.00881873
2021-12-17,0.00723027,-0.00395286,0.04120345,0.02938049,-0.01064281
2021-12-20,-0.01064639,-0.01932089,-0.01872233,-0.02537504,-0.01063350
2021-12-21,-0.02855593,-0.01102465,-0.01034271,0.02739892,0.01775897
2021-12-22,-0.01949881,-0.00830473,-0.02003580,0.00109380,0.00999887
2021-12-23,0.01411119,0.01603438,0.01784409,0.01400030,0.00622214
2021-12-27,0.00484715,0.01469784,-0.00414933,0.00875954,0.01415203
2021-12-28,-0.01669640,-0.01460260,-0.02517254,-0.01302598,-0.00081712
2021-12-29,-0.01244386,-0.00621257,-0.01529558,-0.00337713,0.00127911
2021-12-30,0.01104537,0.00267252,0.03017662,0.01770918,-0.00276462
2021-12-31,-0.01513396,-0.01904065,-0.01380315,-0.00881578,-0.00252004
2022-01-03,-0.01833388,-0.02224623,-0.00434867,0.01061576,0.00578996
2022-01-04,-0.03228773,-0.02091673,-0.02076847,-0.01372867,-0.00033494
2022-01-05,0.01091179,0.00693187,-0.00141611,-0.04184199,-0.01920208
2022-01-06,-0.01020276,0.01636770,0.00289213,-0.00001650,-0.00093951
2022-01-07,0.00731581,-0.01610043,-0.00537561,-0.01388664,-0.00395350
2022-01-10,0.02577582,-0.00078840,-0.00122317,-0.01503933,-0.00124438
2022-01-11,-0.02000122,-0.01800847,0.00962835,0.02515980,0.00910815
2022-01-12,0.01840133,0.02222511,0.00070509,-0.01269876,0.00270366
2022-01-13,-0.01670480,-0.01823124,-0.00517505,-0.01466859,-0.01377838
2022-01-14,0.01079911,0.00713269,0.00111634,-0.00088613,0.00040877
2022-01-18,0.01323091,0.02994989,0.00510686,-0.02728795,-0.01770965
2022-01-19,0.00949968,0.00012097,0.00860829,-0.00689745,-0.01038345
2022-01-20,0.02142156,-0.00868917,0.00351392,-0.01613351,-0.01106797
2022-01-21,-0.02547666,-0.02786916,-0.00820205,-0.01763653,-0.01963072
2022-01-24,-0.05323562,-0.01557815,0.00102406,0.03494626,0.00424688
2022-01-25,-0.00556393,0.00759901,0.01269122,-0.00800934,-0.01220906
2022-01-26,0.02075426,0.02474500,0.00694124,-0.01274762,-0.00250883
2022-01-27,-0.02147019,-0.01321853,-0.01438851,-0.01151355,-0.00493792
2022-01-28,0.00498841,-0.00385732,-0.00174760,0.02330728,0.02483557
2022-01-31,-0.01516223,0.00513136,0.00116995,0.03641064,0.01801086
2022-02-01,-0.00221064,0.00685855,0.00526028,0.01693000,0.00675696
2022-02-02,0.03677056,0.02107998,-0.00159564,-0.01738487,0.00971389
2022-02-03,0.02249821,-0.01490194,0.00420928,-0.02936528,-0.02350488
2022-02-04,-0.01856612,-0.01475560,-0.00279541,0.00685165,0.00470228
2022-02-07,-0.01365676,0.01110026,0.00748055,0.01770073,-0.00320933
2022-02-08,-0.01958819,-0.02646091,-0.00068185,0.00808671,0.00822789
2022-02-09,-0.00274896,-0.00692570,0.00630123,0.02126704,0.01463607
2022-02-10,-0.02065535,-0.01031772,0.00068147,-0.01099212,-0.01796560
2022-02-11,0.00451574,0.00142246,-0.00952720,-0.01948183,-0.01971867
2022-02-14,0.01232421,0.00704698,-0.01200061,-0.01534184,-0.00326930
2022-02-15,-0.00943055,-0.00171851,0.00179890,0.02524310,0.01612682
2022-02-16,-0.00296882,0.00124912,-0.00848645,-0.00582157,0.00112076
2022-02-17,0.01057408,0.01082176,-0.00188999,-0.02877321,-0.02136154
2022-02-18,0.00319535,0.00856646,-0.00959577,-0.01895831,-0.00647475
2022-02-22,0.01425570,-0.00635052,-0.00326910,-0.01124344,-0.01073176
2022-02-23,0.03014878,0.01570804,0.03144944,-0.01162735,-0.01773850
2022-02-24,-0.00091390,-0.01704388,0.01846133,0.02389265,0.01504898
2022-02-25,0.03267164,0.04358048,0.00823646,0.01792804,0.02206390
2022-02-28,-0.00856924,-0.01103087,-0.00225678,0.00472701,-0.00255844
2022-03-01,0.02238601,0.01275705,0.00123154,-0.02418666,-0.01523050
2022-03-02,0.02540538,0.01145073,0.00546329,0.00867372,0.01839626
2022-03-03,0.01243539,0.00484900,-0.00945181,-0.01856676,-0.00497847
2022-03-04,0.02605304,-0.01314289,-0.00781559,-0.02694215,-0.00812452
2022-03-07,0.00371491,-0.01772481,-0.00545199,-0.02960827,-0.02947928
2022-03-08,-0.05275092,-0.02895955,-0.01796046,0.00407568,-0.00758164
2022-03-09,0.01545153,0.01844306,0.01254090,0.02640093,0.02681087
2022-03-10,-0.03025027,-0.02195382,-0.01271048,-0.01335858,-0.00451554
2022-03-11,-0.00150142,0.00094451,-0.00719237,-0.03023092,-0.01271504
2022-03-14,-0.00614499,-0.00953823,-0.01009620,-0.01870418,-0.00730816
2022-03-15,0.00832260,0.00670695,0.01302920,0.03050648,0.02199029
2022-03-16,-0.01141486,-0.00731356,0.00944385,0.03558035,0.02217402
2022-03-17,0.01032972,0.01856474,0.01439826,0.02066025,0.01251118
2022-03-18,0.01834157,0.01161259,0.01222188,0.01479205,0.01095286
2022-03-21,0.01962946,0.00248077,-0.00570617,-0.01699578,-0.00029255
2022-03-22,0.00519361,0.02043494,0.00024418,0.01096062,0.01170141
2022-03-23,0.01462221,-0.00589924,-0.00263000,-0.02467921,-0.01287844
2022-03-24,0.00661526,0.00630774,-0.00636591,-0.00038835,0.01507431
2022-03-25,-0.00695454,-0.00792390,-0.00641807,-0.00327521,0.00488367
2022-03-28,0.00354957,0.00989092,0.00509774,0.01458008,0.00711297
2022-03-29,-0.01454503,-0.00600725,0.01151472,0.04179536,0.01237080
2022-03-30,0.04981496,0.03673650,0.02912550,-0.00934162,-0.00617478
2022-03-31,0.00403499,0.00099836,0.00067966,-0.01467690,-0.01539121
2022-04-01,0.01709747,0.01245749,0.00337345,0.00754785,0.00283393
2022-04-04,-0.01065778,0.01002680,0.00050542,0.01648929,0.00856680
2022-04-05,-0.00260721,-0.01401112,-0.00051275,-0.01886704,-0.01263146
2022-04-06,0.01749860,-0.01119217,0.00832106,-0.01106028,-0.00999934
2022-04-07,0.01995288,0.01647022,0.01316672,0.00920759,0.00503895
2022-04-08,-0.03291490,-0.02445511,-0.01396623,-0.00402235,-0.00267409
2022-04-11,-0.01943433,-0.00119595,-0.00266482,-0.00641035,-0.01709210
2022-04-12,0.01287141,0.03250765,-0.00004910,-0.00285541,-0.00370533
2022-04-13,-0.02099770,-0.01013354,0.00831124,0.02457136,0.01145367
2022-04-14,-0.00768531,-0.02245555,0.00668614,-0.01054732,-0.01245181
2022-04-18,-0.01458210,0.00335025,-0.02235229,-0.02062165,0.00041107
2022-04-19,-0.00760999,0.01477545,0.00622587,0.03128816,0.01614280
2022-04-20,0.00716379,-0.00730938,-0.00761575,-0.01105154,-0.00074159
2022-04-21,0.00029113,-0.00705805,-0.00968356,-0.02584445,-0.01495353
2022-04-22,0.04615181,0.03699726,-0.00010029,-0.04277981,-0.02743912
2022-04-25,-0.01725084,0.01102909,-0.00032255,0.02075571,0.00579777
2022-04-26,-0.00577002,-0.02091817,-0.00692779,-0.03817616,-0.02896107
2022-04-27,-0.00477541,-0.00256848,-0.00824210,-0.00489002,0.00281191
2022-04-28,0.00179599,-0.01285027,-0.01284393,-0.01539227,0.02525944
2022-04-29,0.00583298,0.00027022,0.01293418,-0.02276363,-0.03695561
2022-05-02,-0.04689464,-0.03229776,-0.00316341,0.02261334,0.00601934
2022-05-03,0.01125276,0.00415285,-0.01290927,-0.00569689,0.00458396
2022-05-04,0.00576111,-0.00190099,-0.00779703,0.01654086,0.03045300
2022-05-05,0.02195807,-0.03200821,0.01107292,-0.04364319,-0.03554289
2022-05-06,0.00598035,-0.01155289,-0.02226062,-0.02150562,-0.00596881
2022-05-09,-0.01430994,-0.00820959,-0.01864421,-0.04228123,-0.03201720
2022-05-10,0.02045868,0.01775400,-0.00422008,-0.02015913,0.00231048
2022-05-11,0.00292301,-0.01664749,-0.01057868,-0.02859463,-0.01588600
2022-05-12,-0.00858682,0.00143209,0.01751564,0.02875056,-0.00104400
2022-05-13,0.02511084,0.02661481,0.00864180,0.03602602,0.02390780
2022-05-16,-0.00263843,-0.00569507,0.00217569,-0.01164750,-0.00405776
2022-05-17,-0.01120324,0.00440671,-0.00218112,0.02696935,0.02057042
2022-05-18,0.01509005,-0.01564367,0.00565455,-0.04007084,-0.04031153
2022-05-19,0.03870835,0.03959719,0.02797665,0.00568223,-0.00612456
2022-05-20,0.02856068,0.02566708,0.00758546,-0.00903365,0.00043653
2022-05-23,-0.00596115,-0.02138983,-0.02388292,0.00696461,0.01870970
2022-05-24,0.04840045,0.00107476,-0.01392163,-0.04436879,-0.00763336
2022-05-25,-0.05286572,-0.00533518,-0.00688108,0.03372467,0.00883502
2022-05-26,0.00627502,0.01352936,0.00650091,0.03043586,0.01998124
2022-05-27,0.00914762,0.01712894,0.02160234,0.04394102,0.02454915
2022-05-31,0.00346302,-0.00430264,-0.01111529,-0.02079625,-0.00561100
2022-06-01,-0.00473452,0.00443396,-0.00055082,-0.01398405,-0.00808853
2022-06-02,0.02311189,-0.00310695,0.01454699,0.03512678,0.01904356
2022-06-03,-0.01901307,-0.00326836,-0.00639319,-0.01674852,-0.01641176
2022-06-06,0.02519963,0.00014597,0.00501205,0.00802128,0.00304509
2022-06-07,0.00969934,0.01536887,-0.00660011,-0.00367351,0.00959217
2022-06-08,0.00183449,0.00527896,0.01150115,-0.00016382,-0.01087214
2022-06-09,-0.01184109,-0.00443448,-0.00823943,-0.02699945,-0.02378290
2022-06-10,0.00531538,0.00605379,0.00288716,-0.02380598,-0.02899585
2022-06-13,0.01001567,0.02842317,0.01538291,-0.03596159,-0.03796820
2022-06-14,0.00150429,0.05364708,-0.00030298,-0.01129236,-0.00301317
2022-06-15,0.01238256,0.00956357,0.01354912,0.03158028,0.01425630
2022-06-16,0.02332836,0.00178171,0.00997242,-0.03569417,-0.03309610
2022-06-17,-0.01260695,0.00535321,0.00345266,0.02908280,0.00215566
2022-06-21,0.02128378,0.00991938,-0.00629384,0.00493612,0.02517365
2022-06-22,0.02033522,0.00106835,0.00440149,-0.00110273,-0.00181296
2022-06-23,0.03184482,0.02886848,0.02974613,0.04341746,0.00980261
2022-06-24,-0.03708712,-0.01159832,-0.01999448,0.01296916,0.03179386
2022-06-27,0.00574662,0.01265260,0.00386489,0.00369429,-0.00381957
2022-06-28,0.00358907,-0.00117742,-0.00168938,-0.03168174,-0.02043303
2022-06-29,0.02826176,0.02405392,0.01141361,-0.01064736,-0.00081421
2022-06-30,0.01306656,-0.02435749,-0.00150047,-0.02304716,-0.00812431
2022-07-01,-0.00645826,-0.01086072,-0.00136516,0.01902295,0.01057645
2022-07-05,-0.01684958,0.00313103,0.01372052,0.02044167,0.00188859
2022-07-06,0.02598815,0.01993433,0.00687848,0.00050764,0.00337740
2022-07-07,-0.01285820,-0.00279747,0.00798271,0.02820977,0.01497709
2022-07-08,0.00585033,0.01009791,0.00060721,-0.00389996,-0.00082264
2022-07-11,0.00807210,0.01056382,-0.00587425,-0.02841723,-0.01142332
2022-07-12,-0.01960133,-0.00940580,-0.01808736,-0.00631553,-0.00884927
2022-07-13,-0.00294442,0.00756627,0.00648509,0.00104946,-0.00525144
2022-07-14,0.00105128,0.00626455,-0.00244528,-0.01178631,-0.00242864
2022-07-15,-0.00358923,-0.01860751,-0.00045306,0.02509060,0.01910500
2022-07-18,-0.03062002,0.01603444,-0.00784841,-0.00433441,-0.00825682
2022-07-19,-0.01562791,-0.01403209,0.00394113,0.02987100,0.02701926
2022-07-20,-0.00454264,0.00314390,0.00919453,0.02560329,0.00637306
2022-07-21,0.04313878,0.01467870,0.02802864,0.01900382,0.01018326
2022-07-22,-0.01773218,-0.01401057,-0.01813407,-0.02472972,-0.00927810
2022-07-25,0.03570391,0.03003805,0.01084079,-0.00392659,0.00121495
2022-07-26,0.03399462,-0.00404369,-0.00344917,-0.03125074,-0.01183100
2022-07-27,-0.00773799,0.00125831,-0.00371251,0.02964864,0.02596626
2022-07-28,-0.00600997,0.01186286,0.01997802,0.01040483,0.01254240
2022-07-29,0.00813454,0.02259955,-0.00243387,0.00741020,0.01457884
2022-08-01,0.00424115,0.01587666,0.00716355,0.00572696,-0.00296139
2022-08-02,0.00001557,-0.00204833,0.00510067,0.00108196,-0.00659737
2022-08-03,-0.03234555,-0.02119100,-0.00900063,0.03219953,0.01565964
2022-08-04,0.00028214,-0.02312417,0.00491957,0.00218363,-0.00067562
2022-08-05,0.01859811,0.02034451,0.01296166,0.00556724,-0.00169012
2022-08-08,-0.06182901,-0.05065030,-0.00795015,0.02360966,-0.00116094
2022-08-09,0.02523363,-0.02123146,-0.01690671,-0.03998623,-0.00397108
2022-08-10,0.00558440,0.02609736,0.00944985,0.03373574,0.02100402
2022-08-11,-0.03421115,-0.02242970,0.00064244,0.01278327,0.00000000
2022-08-12,-0.02029951,-0.02664445,-0.00255971,0.01999315,0.01692900
2022-08-15,-0.01195202,-0.00830155,0.00008799,0.01032630,0.00412069
2022-08-16,-0.05145644,-0.03914790,-0.00694544,0.00858941,0.00195868
2022-08-17,0.03440872,0.02403794,-0.00429865,-0.02540964,-0.00709793
2022-08-18,-0.01132059,-0.03266637,-0.00910216,-0.00390651,0.00290653
2022-08-19,0.04120890,0.01176249,-0.00473234,-0.03280549,-0.01343805
2022-08-22,-0.00406481,0.00090669,0.00087897,-0.01770412,-0.02082266
2022-08-23,-0.00663383,0.00364684,0.00226980,-0.00087231,-0.00241922
2022-08-24,0.01141628,0.02862816,0.00095089,0.00179059,0.00320128
2022-08-25,0.03104398,0.04514342,0.00624979,0.01387971,0.01411750
2022-08-26,0.00476538,0.00366759,0.00103576,-0.03737917,-0.03384897
2022-08-29,0.01452572,0.00475399,-0.00180538,-0.01084722,-0.00661219
2022-08-30,-0.00308426,0.00463711,0.00121850,-0.00627873,-0.01097803
2022-08-31,0.01476679,-0.00098709,-0.00384255,-0.01146260,-0.00760897
2022-09-01,-0.00852208,-0.02732454,-0.00933925,-0.00408249,0.00313783
2022-09-02,0.00609510,0.01123157,0.01560199,-0.00427966,-0.01054428
2022-09-06,0.00974772,0.01151423,0.00919250,0.00101551,-0.00377336
2022-09-07,-0.00621487,0.03329782,0.01470095,0.02941786,0.01796515
2022-09-08,0.03249883,0.01615422,0.02450522,0.02164796,0.00653622
2022-09-09,-0.01252343,-0.00558481,-0.01109501,0.01041279,0.01553512
2022-09-12,-0.00585940,0.00411830,-0.00285397,0.01141560,0.01074773
2022-09-13,0.00160748,-0.00876114,-0.00212511,-0.04605990,-0.04348244
2022-09-14,0.00726749,0.00693995,0.00315704,0.00287107,0.00381568
2022-09-15,-0.00087021,-0.00257701,-0.00711007,-0.01640487,-0.01135315
2022-09-16,-0.01173603,-0.01187882,-0.01109572,-0.01769264,-0.00762910
2022-09-19,-0.01413038,0.00774132,-0.01120634,0.00056110,0.00775503
2022-09-20,0.00133200,-0.00374971,-0.00048644,-0.01404124,-0.01147837
2022-09-21,-0.00361336,-0.00351599,0.00496797,-0.01172851,-0.01744385
2022-09-22,0.00255488,-0.02282091,-0.01046455,-0.02275569,-0.00839995
2022-09-23,0.00250197,-0.00167227,-0.00521300,-0.02475107,-0.01675479
2022-09-26,0.00173065,0.01455992,0.01179321,-0.00131648,-0.00989275
2022-09-27,-0.02012191,-0.02048961,-0.00376198,0.00280273,-0.00255251
2022-09-28,0.01401886,0.01015927,0.01220399,0.03273314,0.01967619
2022-09-29,0.02935183,0.01075411,0.00404556,-0.02897960,-0.02088900
2022-09-30,-0.02202090,-0.02346082,-0.01020959,-0.01594541,-0.01546350
2022-10-03,0.00126353,-0.01343514,-0.00008833,0.02682520,0.02640127
2022-10-04,-0.03120378,0.00111435,0.00025810,0.04888143,0.03098656
2022-10-05,0.00257321,0.00944898,0.00408645,-0.00100026,-0.00232803
2022-10-06,-0.01483637,-0.01148923,-0.00325382,-0.00382274,-0.01031603
2022-10-07,-0.00937689,0.01339209,0.00145720,-0.02874147,-0.02789386
2022-10-10,-0.03042865,-0.02683709,-0.02345969,-0.01125035,-0.00763531
2022-10-11,-0.00635591,0.00908459,0.00907298,0.00723611,-0.00633273
2022-10-12,0.00811347,0.03097480,0.00433886,-0.00930874,-0.00329877
2022-10-13,-0.00346656,-0.00252322,-0.00556829,0.02236803,0.02639111
2022-10-14,0.00156810,-0.01094900,0.00996369,-0.02393013,-0.02278857
2022-10-17,-0.03085513,-0.03584617,-0.02359923,0.02355939,0.02569685
2022-10-18,0.00519641,-0.00106195,0.00063545,0.01401920,0.01174949
2022-10-19,-0.02500573,-0.01760914,-0.03421139,-0.03038863,-0.00708639
2022-10-20,0.00283960,-0.00384041,-0.00734894,-0.01002335,-0.00838532
2022-10-21,-0.00750751,0.04030550,-0.00574544,0.02669252,0.02430170
2022-10-24,-0.00953673,0.00240943,-0.01127392,0.01137724,0.01223625
2022-10-25,-0.01055652,-0.00217871,0.01706030,0.03341836,0.01596870
2022-10-26,0.00075742,-0.01601013,0.00839687,0.00119761,-0.00753419
2022-10-27,-0.05935133,-0.03374077,-0.03898306,-0.00824689,-0.00533995
2022-10-28,0.00943571,-0.00090921,-0.00937549,0.01511943,0.02379062
2022-10-31,0.03010904,0.02745825,0.01769382,0.00293070,-0.00722336
2022-11-01,-0.01364699,-0.01625599,-0.00805357,-0.00798362,-0.00437570
2022-11-02,0.01514373,-0.01099523,-0.02336363,-0.04901348,-0.02509627
2022-11-03,-0.00423258,0.01573491,-0.00520373,-0.01105486,-0.01029670
2022-11-04,0.00881125,0.02714074,-0.00358116,0.00917282,0.01439299
2022-11-07,0.01339612,0.01826790,0.00942611,0.01275813,0.00956554
2022-11-08,0.00695474,0.05321886,0.03232376,0.02074236,0.00539544
2022-11-09,0.01789162,-0.01197407,0.00953450,-0.02128897,-0.02060213
2022-11-10,-0.00178637,0.00513639,0.02511050,0.07919392,0.05495427
2022-11-11,-0.01842393,-0.03842167,-0.00439104,0.02493496,0.00967841
2022-11-14,-0.01182298,-0.00960619,-0.00096532,-0.00609439,-0.00850670
2022-11-15,-0.01497959,0.00061820,0.00592190,0.01752155,0.00852917
2022-11-16,0.01755002,0.00343986,-0.02253620,-0.02942695,-0.00762882
2022-11-17,-0.04031841,-0.01457913,-0.01547565,-0.00082786,-0.00305962
2022-11-18,-0.01321113,-0.02188543,0.00218897,0.00003241,0.00454013
2022-11-21,0.01003152,0.01346593,0.01655385,0.00777339,-0.00363618
2022-11-22,-0.04836587,-0.00648548,-0.00413897,0.02527626,0.01345722
2022-11-23,0.00028485,0.02256099,0.01360946,0.01585652,0.00630160
2022-11-25,-0.01792372,-0.01990942,-0.00544908,-0.00128057,-0.00022380
2022-11-28,-0.00214143,0.02134554,0.01207941,-0.01609116,-0.01595701
2022-11-29,-0.00871904,-0.01151451,-0.00035821,0.00185406,-0.00171740
2022-11-30,0.03270587,0.00740372,0.00639384,0.02832636,0.03150061
2022-12-01,0.02924250,0.02083196,0.02197227,0.00796562,-0.00073607
2022-12-02,-0.01027854,0.00011221,0.01238072,0.01778003,-0.00115359
2022-12-05,0.00683303,0.00837358,0.00286914,-0.01594246,-0.01798939
2022-12-06,0.04733327,0.07009464,0.00402672,-0.03466855,-0.01441472
2022-12-07,0.01529961,0.02320218,0.01560457,0.00100156,-0.00170125
2022-12-08,0.01303442,0.01162532,0.01468078,0.01273843,0.00783403
2022-12-09,0.01146807,-0.02516499,0.00202578,-0.01883884,-0.00747015
2022-12-12,0.00490689,-0.01089653,-0.00251536,0.00715615,0.01441724
2022-12-13,0.01725779,0.01448118,0.01068123,0.01011015,0.00756975
2022-12-14,-0.01405451,-0.00563574,0.00022948,0.00115980,-0.00639341
2022-12-15,0.01254943,0.00603267,0.00049727,-0.02978065,-0.02446178
2022-12-16,-0.01863540,-0.01414437,-0.00528728,-0.00656522,-0.01180631
2022-12-19,0.02400662,0.02532028,0.00641390,-0.01754994,-0.00847929
2022-12-20,0.00268481,-0.00826390,-0.00292291,-0.00060046,0.00136831
2022-12-21,0.00114670,0.00599829,0.00484815,0.01731330,0.01495245
2022-12-22,0.01529192,0.00029161,0.00451912,-0.01511112,-0.01426636
2022-12-23,-0.01008943,-0.00054953,-0.00421275,0.00476089,0.00575229
2022-12-27,0.00571901,-0.00169873,-0.00233038,-0.01187937,-0.00394336
2022-12-28,0.00126426,0.00588565,0.00413474,-0.01312045,-0.01242782
2022-12-29,0.00473348,0.00673123,0.00904758,0.02544002,0.01800037
2022-12-30,-0.00793664,0.00085318,-0.00635356,-0.00350926,-0.00263420
2023-01-03,-0.00966451,-0.00957187,-0.00413454,-0.00454426,-0.00420993
2023-01-04,-0.00669731,-0.00180486,0.01940494,0.03175840,0.00772013
2023-01-05,-0.02543285,-0.02275353,-0.01778555,-0.01400839,-0.01141336
2023-01-06,-0.02441584,0.01319119,-0.01645275,0.02076692,0.02293213
2023-01-09,-0.01819021,-0.02168422,0.01542472,0.01303399,-0.00056689
2023-01-10,0.00393032,0.01158384,0.01623692,0.02072374,0.00701287
2023-01-11,-0.00436120,-0.01815666,-0.01060369,0.00973561,0.01264795
2023-01-12,0.00490915,0.00087460,0.00129333,0.00833024,0.00364064
2023-01-13,0.01109585,0.01036864,0.00929368,0.00908741,0.00387956
2023-01-17,0.01222078,0.00605606,0.01009438,0.00455885,-0.00183188
2023-01-18,-0.00050290,0.00195807,0.00810511,-0.01350144,-0.01578801
2023-01-19,0.00963141,-0.00270334,0.00150198,-0.01550113,-0.00727982
2023-01-20,-0.01757408,-0.02424858,-0.01762178,0.01038680,0.01862886
2023-01-23,0.02579833,0.02097112,0.01365810,0.01672709,0.01199879
2023-01-24,-0.00484143,0.01320763,-0.01344042,-0.01129441,-0.00107343
2023-01-25,-0.01251183,-0.00451650,-0.00330127,0.00708569,0.00037472
2023-01-26,0.00943778,-0.00119826,0.00137055,0.00569300,0.01099052
2023-01-27,-0.01003890,0.00198113,0.00004156,0.01229073,0.00229749
2023-01-30,-0.01695637,-0.01930405,-0.00635600,-0.01548517,-0.01254660
2023-01-31,-0.00930728,0.01239273,0.01048592,0.02878029,0.01470325
2023-02-01,-0.03719690,-0.05536942,-0.00847560,0.01805344,0.01062775
2023-02-02,-0.02344292,-0.01308192,-0.01114580,0.01792267,0.01455707
2023-02-03,-0.00497963,0.00726461,-0.00377952,-0.01574475,-0.01062926
2023-02-06,0.01360337,0.00513070,0.00804796,-0.01071066,-0.00611126
2023-02-07,0.03975633,0.03644986,0.01469603,0.01201293,0.01307869
2023-02-08,0.04017915,0.00570836,0.00633487,-0.02093980,-0.01093483
2023-02-09,0.02635631,0.03586313,0.01555819,-0.00882903,-0.00866923
2023-02-10,0.01312972,0.01804895,0.01387626,0.00369025,0.00233372
2023-02-13,-0.00408896,0.00592812,0.00114618,0.01575550,0.01173900
2023-02-14,-0.00480740,0.00419506,0.00245275,0.00552417,-0.00046021
2023-02-15,-0.04262027,-0.05117130,0.00682568,0.02997474,0.00324745
2023-02-16,0.01135739,-0.01666828,-0.00184428,-0.01294131,-0.01376860
2023-02-17,-0.01338802,-0.01192716,0.00502333,0.00171457,-0.00249831
2023-02-21,0.03135888,0.01614995,0.00035793,-0.03255874,-0.02006111
2023-02-22,0.00467536,0.01036933,0.00462663,0.00397632,-0.00137797
2023-02-23,0.01465693,0.02377149,0.01273600,0.00109204,0.00531935
2023-02-24,-0.00750074,-0.00528328,0.00769806,-0.00478735,-0.01068247
2023-02-27,0.00028204,-0.00135145,-0.00923694,-0.00593059,0.00340592
2023-02-28,0.03248069,0.04611107,0.03598789,0.01019313,-0.00369603
2023-03-01,0.00450020,0.00423149,0.00631970,-0.00121550,-0.00383586
2023-03-02,0.01191544,-0.02838056,0.01190951,0.00258329,0.00777730
2023-03-03,-0.00959847,-0.00430018,0.00633060,0.02506053,0.01603793
2023-03-06,-0.00839914,-0.00606390,-0.02296590,-0.01900928,0.00069288
2023-03-07,-0.01168885,-0.01893048,0.00136822,-0.00982484,-0.01532896
2023-03-08,0.02250711,0.02154464,0.00591721,-0.00220560,0.00163194
2023-03-09,0.01406680,0.02109733,0.00476635,-0.02486246,-0.01844973
2023-03-10,0.01973072,0.01102755,-0.00251250,-0.02652673,-0.01442941
2023-03-13,0.03504742,0.02457575,0.00000874,-0.01082201,-0.00142528
2023-03-14,0.02552338,0.00141509,0.00706167,0.00935585,0.01653009
2023-03-15,0.01189165,0.03178276,-0.00106930,-0.00880506,-0.00625449
2023-03-16,-0.00043755,0.01598758,-0.00289428,0.01922279,0.01754529
2023-03-17,0.01556913,0.02030014,-0.00520514,-0.02564191,-0.01169264
2023-03-20,0.00529745,0.00324795,0.00011537,0.00456919,0.00961562
2023-03-21,0.00111027,0.00938870,-0.00297166,0.01647523,0.01313040
2023-03-22,-0.00803911,-0.01848697,0.01168815,-0.01029724,-0.01704633
2023-03-23,0.01587630,-0.00439770,0.00616403,-0.00441984,0.00270330
2023-03-24,0.00132664,0.00843893,0.01603659,0.01882841,0.00656199
2023-03-27,0.00740651,0.00793231,0.00522309,0.00446023,0.00186997
2023-03-28,-0.00613565,-0.01249282,0.00803242,0.00764150,-0.00224480
2023-03-29,0.02816720,0.03782096,0.01543149,0.01335587,0.01453489
2023-03-30,-0.00436085,-0.00449174,-0.00214298,0.00193857,0.00585526
2023-03-31,-0.02377967,-0.02731424,0.00553418,0.03154576,0.01409458
2023-04-03,-0.01601159,0.00610729,-0.01166765,0.00021138,0.00381052
2023-04-04,0.01827354,0.00414456,0.00376981,-0.00626117,-0.00554793
2023-04-05,0.03027233,-0.00449987,0.00441311,-0.01512561,-0.00261840
2023-04-06,-0.00446345,0.00912420,-0.00659871,0.00181549,0.00390084
2023-04-10,-0.02648498,-0.01546558,0.00334863,0.01290517,0.00102649
2023-04-11,-0.00692031,-0.00840836,0.00038780,0.00458025,0.00026854
2023-04-12,0.05675710,0.03828915,0.00296318,-0.02467107,-0.00407592
2023-04-13,-0.00253002,-0.00462107,-0.00480688,0.01179690,0.01328256
2023-04-14,-0.00157196,-0.00519991,-0.00280760,-0.00885136,-0.00244261
2023-04-17,-0.00590535,0.00078038,0.00828969,0.01185596,0.00358827
2023-04-18,-0.02146659,0.01251095,-0.00927916,0.01122824,0.00065219
2023-04-19,0.00147450,0.00273341,0.00245890,0.00542011,-0.00016914
2023-04-20,0.02581010,0.01980105,0.01221958,-0.00755878,-0.00545678
2023-04-21,-0.00418964,0.01318905,0.00003154,0.01028718,0.00077687
2023-04-24,-0.00536629,0.00339499,-0.00231843,0.00429864,0.00104297
2023-04-25,0.02889213,0.02727869,-0.00335998,-0.03432000,-0.01587370
2023-04-26,-0.01842647,-0.00826161,-0.00588659,-0.00183825,-0.00423569
2023-04-27,-0.00416615,-0.00442189,-0.00188995,0.02345658,0.01990817
2023-04-28,0.00073941,0.00007199,0.00219066,0.00729445,0.00853518
2023-05-01,0.02035857,0.01894915,0.00731441,0.00196051,-0.00100978
2023-05-02,0.02337292,0.01771985,0.00991473,-0.01463630,-0.01123934
2023-05-03,0.01749765,0.01099802,0.01297518,-0.00124644,-0.00686395
2023-05-04,0.01187790,0.00510034,-0.01096737,-0.03064348,-0.00708310
2023-05-05,-0.01539281,-0.01184543,-0.00979503,0.01806346,0.01851263
2023-05-08,0.00310938,-0.02488137,0.01127480,0.00560621,0.00026665
2023-05-09,-0.02118121,-0.04602409,-0.01189594,-0.01320726,-0.00438550
2023-05-10,0.00520685,0.00103799,0.00021643,0.00300214,0.00467249
2023-05-11,-0.00850282,-0.03659583,0.00886163,0.00836333,-0.00174388
2023-05-12,0.00295803,0.01359684,-0.00561496,-0.00867915,-0.00131020
2023-05-15,-0.01062635,-0.00306729,-0.00657978,0.00131749,0.00344988
2023-05-16,0.03088274,0.01612811,0.00337864,-0.01274931,-0.00668257
2023-05-17,-0.03473254,-0.02027691,-0.02085639,0.01185265,0.01213893
2023-05-18,-0.00081932,0.00182357,-0.00455590,-0.00048199,0.00963309
2023-05-19,-0.00308759,-0.03581592,-0.00744448,-0.01158746,-0.00145504
2023-05-22,-0.01406656,-0.02197507,-0.00624998,0.00307210,0.00040621
2023-05-23,0.01590871,-0.00795122,0.01004230,-0.01249306,-0.01122293
2023-05-24,-0.08329656,-0.09060516,-0.00820592,0.01462398,-0.00724467
2023-05-25,0.03389130,0.03544670,-0.00844546,-0.01189707,0.00865982
2023-05-26,-0.05233189,-0.03118251,-0.01383188,0.01763015,0.01295084
2023-05-30,-0.01794629,-0.00604247,-0.00882694,-0.00308103,0.00038072
2023-05-31,0.03998308,0.03575918,0.00625750,-0.01100017,-0.00554508
2023-06-01,-0.01142933,-0.03862715,-0.00080221,0.01331118,0.00950091
2023-06-02,-0.02416514,-0.00838140,0.00465580,0.02940325,0.01446123
2023-06-05,0.01059154,0.00910104,0.00268646,-0.00596938,-0.00191620
2023-06-06,-0.03949508,-0.03138964,-0.00566977,0.01392234,0.00217735
2023-06-07,-0.02865158,-0.02500692,0.00317962,0.00777437,-0.00345760
2023-06-08,-0.00416737,-0.02351059,-0.00177105,0.00089775,0.00604840
2023-06-09,0.00671326,-0.00453041,0.00325976,0.00234521,0.00179456
2023-06-12,-0.00368942,-0.03338983,0.00456310,0.01468232,0.00907164
2023-06-13,-0.02802721,-0.03174803,0.00546322,0.02029487,0.00659302
2023-06-14,0.01236271,-0.01031321,-0.00229529,-0.00571753,0.00119075
2023-06-15,-0.02310689,-0.03228510,-0.00113957,0.01543789,0.01239782
2023-06-16,0.01204862,-0.02390139,0.01427032,0.00361239,-0.00340643
2023-06-20,-0.01107893,-0.01939380,-0.01098699,-0.01118371,-0.00518810
2023-06-21,-0.02312147,-0.05165194,0.01070426,0.00952254,-0.00512392
2023-06-22,0.03448527,0.04968011,0.00448121,-0.00749749,0.00360991
2023-06-23,-0.02906546,-0.03446700,-0.00880428,-0.00445538,-0.00756000
2023-06-26,-0.00969869,-0.02235853,0.00092130,-0.00281729,-0.00408577
2023-06-27,0.00579695,0.02733015,-0.00951171,-0.01721158,0.01096330
2023-06-28,-0.00991502,-0.00678967,-0.00146862,0.00743415,0.00050454
2023-06-29,-0.02741344,-0.02469688,0.00726423,0.02149550,0.00394124
2023-06-30,-0.00694518,-0.02015160,0.00030765,0.01233060,0.01180072
2023-07-03,-0.06373553,-0.10833681,-0.00537685,0.01195794,0.00115043
2023-07-05,0.01804503,0.00759607,0.00145170,-0.01280621,-0.00148721
2023-07-06,0.02188752,0.00633190,-0.00203392,-0.01858708,-0.00783067
2023-07-07,-0.01879656,-0.00934390,-0.00912256,-0.00413225,-0.00252458
2023-07-10,-0.04451578,0.00571520,0.00281705,0.02643396,0.00253097
2023-07-11,-0.01200222,-0.01765878,-0.00262715,0.01077506,0.00636861
2023-07-12,0.00463518,-0.00928493,-0.00057788,0.00555886,0.00804585
2023-07-13,-0.00190628,-0.00309232,-0.00607049,0.00141771,0.00793678
2023-07-14,0.03850106,0.01643479,0.00403535,-0.01201788,-0.00062260
2023-07-17,-0.00479699,0.00710466,-0.00621953,0.00675945,0.00347207
2023-07-18,-0.00317969,-0.01615792,-0.00344762,0.00478506,0.00743057
2023-07-19,0.00841244,-0.02190700,0.00753865,0.00265534,0.00222371
2023-07-20,0.02264146,0.01471661,0.00432885,-0.01842187,-0.00663437
2023-07-21,-0.00608960,-0.00498281,0.01541424,0.01210099,0.00000000
2023-07-24,0.01033294,-0.00477172,0.00785130,0.00537564,0.00446734
2023-07-25,0.01573992,0.01411219,0.00813625,0.00190848,0.00272999
2023-07-26,-0.07381929,-0.10068498,-0.00461187,0.02983967,0.00015367
2023-07-27,-0.01649820,0.03055208,-0.01663956,-0.01534122,-0.00662985
2023-07-28,-0.03682713,-0.01780057,0.00117295,0.02352591,0.00979036
2023-07-31,-0.02168737,0.00312629,-0.00323467,0.01126970,0.00190401
2023-08-01,0.02278006,-0.00036595,0.01098236,-0.00560322,-0.00286161
2023-08-02,0.00853886,0.01037715,-0.00132518,-0.01738271,-0.01391084
2023-08-03,-0.02539343,-0.05516585,-0.00549920,0.00038671,-0.00286586
2023-08-04,0.01266177,-0.00488735,0.00527541,-0.00270727,-0.00452280
2023-08-07,0.01358923,0.01097673,-0.00449256,-0.00495209,0.00872870
2023-08-08,0.01496950,-0.01322552,0.01199354,0.00139707,-0.00434882
2023-08-09,0.00246310,0.00984074,-0.00597341,-0.01112965,-0.00668528
2023-08-10,-0.00929201,0.00290668,-0.01282124,0.00531184,0.00035891
2023-08-11,0.01587024,0.01134987,0.00086225,-0.00889634,-0.00058290
2023-08-14,0.00568983,0.01391289,-0.00431194,0.00300575,0.00551999
2023-08-15,0.01859038,0.01997730,0.01450831,-0.00528731,-0.01164892
2023-08-16,0.01290617,0.01767974,0.00404386,-0.01162194,-0.00733802
2023-08-17,-0.00420800,-0.00524811,-0.00956916,-0.01707794,-0.00761994
2023-08-18,-0.00450374,0.00012270,-0.00051360,0.00444834,0.00048126
2023-08-21,0.00833107,0.00928294,0.00334187,0.00237012,0.00650631
2023-08-22,0.01655904,0.01859053,-0.00420950,-0.01191178,-0.00270856
2023-08-23,-0.00459673,0.00518842,0.00098370,0.02749584,0.01113778
2023-08-24,0.02995211,0.00331648,0.00339039,-0.02725663,-0.01385915
2023-08-25,-0.00657879,-0.00808574,0.00771268,0.01468238,0.00704971
2023-08-28,-0.00100677,-0.00585710,-0.00048328,0.00432848,0.00634132
2023-08-29,0.00328831,-0.01147088,0.00702902,0.02304447,0.01445487
2023-08-30,-0.00541172,-0.00149077,-0.00476155,0.00541321,0.00411885
2023-08-31,-0.01530255,-0.00564566,-0.00893011,0.00033505,-0.00146340
2023-09-01,-0.00819308,-0.00896054,0.00614797,0.01878900,0.00186522
2023-09-05,-0.02870636,-0.01975901,-0.01692255,-0.01117112,-0.00432209
2023-09-06,0.04251982,0.01876101,-0.00028517,-0.01950838,-0.00672231
2023-09-07,-0.00702566,-0.01899069,0.00064487,-0.00113897,-0.00307010
2023-09-08,0.00461011,0.01091653,-0.01188711,-0.01539242,0.00150594
2023-09-11,-0.01197910,-0.00510526,-0.00396525,0.00742795,0.00657673
2023-09-12,0.00247031,-0.01978328,-0.00111825,-0.00632402,-0.00548574
2023-09-13,0.01304477,0.00681730,0.00039739,-0.00524262,0.00116616
2023-09-14,-0.00623773,-0.01376672,0.00169431,0.01047607,0.00862234
2023-09-15,-0.02754690,-0.00701920,-0.02391497,-0.01271936,-0.01204841
2023-09-18,0.04758103,0.05388855,-0.00333757,-0.02254251,0.00058639
2023-09-19,-0.00807742,-0.00854639,-0.01341898,-0.00844147,-0.00207377
2023-09-20,0.00817712,0.00425305,0.00322440,-0.00777459,-0.00919329
2023-09-21,0.00055935,-0.01989147,0.00317029,-0.01270414,-0.01652836
2023-09-22,0.01138860,0.00626261,0.00058752,-0.00415557,-0.00224858
2023-09-25,-0.02281413,-0.03866922,-0.00560535,0.00941200,0.00420514
2023-09-26,-0.02037527,-0.02434622,0.00592173,0.00304807,-0.01469128
2023-09-27,0.00477211,0.01423139,0.01413601,0.01063355,0.00039923
2023-09-28,0.00158213,-0.02208359,0.00781670,0.01219884,0.00579746
2023-09-29,-0.01473135,-0.02746417,0.00547930,0.00835071,-0.00242691
2023-10-02,-0.00066858,0.00952879,-0.00752327,-0.00396867,-0.00039773
2023-10-03,0.01539851,0.01794891,0.00230050,-0.01674031,-0.01338609
2023-10-04,0.01455390,0.00504990,0.00323093,0.00274092,0.00728206
2023-10-05,-0.01454266,0.00939256,-0.00163680,0.00156313,-0.00037683
2023-10-06,0.00853547,-0.00406729,0.00524958,0.01030124,0.01187296
2023-10-09,0.00705714,-0.00967150,0.00265685,0.00525552,0.00640196
2023-10-10,-0.02416183,-0.00464958,0.00146052,0.01743404,0.00520488
2023-10-11,0.00702068,-0.00249209,0.00779410,0.00525839,0.00409638
2023-10-12,0.01332153,-0.00581644,-0.00305002,-0.01587782,-0.00609658
2023-10-13,0.00330030,-0.00003264,0.00834736,-0.00338935,-0.00498091
2023-10-16,0.01076024,-0.01160088,0.02900245,0.03076343,0.01052159
2023-10-17,-0.01238159,-0.02058873,0.00611208,0.01089311,-0.00004579
2023-10-18,0.02256028,0.02236548,0.00404541,-0.01836657,-0.01332523
2023-10-19,0.01722742,0.00960521,-0.00412024,-0.01702928,-0.00878642
2023-10-20,-0.03692797,-0.01952864,-0.00470607,-0.00099777,-0.01228807
2023-10-23,0.01260406,0.01017086,0.00440018,-0.00327434,-0.00173303
2023-10-24,-0.00881788,-0.00565199,0.01181922,0.02415792,0.00753922
2023-10-25,-0.01094138,-0.02430016,-0.00859974,-0.01357418,-0.01435213
2023-10-26,-0.00745987,-0.02553889,-0.00285272,-0.01225960,-0.01197464
2023-10-27,0.01358664,0.00822597,-0.00630815,-0.01730900,-0.00453272
2023-10-30,-0.00928529,-0.00540800,-0.00820726,0.00753303,0.01195582
2023-10-31,-0.01166247,0.00415624,0.00011136,0.01310128,0.00628023
2023-11-01,-0.01349391,-0.01819350,-0.02105263,-0.00847129,0.01066477
2023-11-02,-0.04702376,-0.03417799,-0.00467463,0.03117659,0.01916439
2023-11-03,-0.00731890,0.01242292,0.00456651,0.02102104,0.00912326
2023-11-06,0.02383765,0.03051091,-0.00166455,-0.00907514,0.00230060
2023-11-07,0.02437133,0.03502584,0.02070839,0.01684955,0.00284578
2023-11-08,0.02644400,0.01888077,0.00156257,-0.00455722,0.00073264
2023-11-09,0.02949088,0.01139387,-0.00720460,-0.02744850,-0.00779873
2023-11-10,0.01408970,0.02609294,0.00495931,0.01245871,0.01560481
2023-11-13,-0.00337653,0.00337194,0.00433378,0.00208376,-0.00095332
2023-11-14,-0.04456506,-0.03786150,-0.00507112,0.03588901,0.01940071
2023-11-15,-0.03709108,-0.01816581,-0.01643095,0.00792531,0.00211705
2023-11-16,0.00604743,-0.00503268,-0.02560727,-0.01888525,0.00122331
2023-11-17,-0.05156159,-0.07404881,0.00719439,0.02411988,0.00124368
2023-11-20,-0.00737222,0.00004177,-0.00014738,0.00962537,0.00769758
2023-11-21,0.04749546,0.02758582,0.01076098,-0.00635089,-0.00217940
2023-11-22,0.02054298,0.04331441,0.01462532,0.00284769,0.00386079
2023-11-24,-0.00468334,-0.00380729,-0.00102698,0.00402567,0.00061540
2023-11-27,-0.02628416,-0.03205794,-0.00769421,0.00621355,-0.00180099
2023-11-28,-0.01345748,-0.00508733,-0.00688235,0.00382854,0.00099023
2023-11-29,-0.01925226,-0.01089651,0.01043279,0.01349585,-0.00070351
2023-11-30,0.01590613,0.03244298,0.01148872,0.00655041,0.00393739
2023-12-01,-0.01687984,-0.01871204,0.01767363,0.02330846,0.00591599
2023-12-04,-0.01557271,0.00795092,-0.00068840,-0.00048678,-0.00524942
2023-12-05,0.00735472,0.01100136,-0.01572116,-0.01857044,-0.00019706
2023-12-06,-0.00531977,-0.00747995,0.01277710,0.00886618,-0.00402980
2023-12-07,-0.01173126,0.00253774,-0.00301817,0.00331589,0.00763045
2023-12-08,0.00175828,0.01154972,-0.00474475,-0.00507482,0.00429915
2023-12-11,0.01464172,-0.01051913,0.00273210,-0.00096596,0.00388956
2023-12-12,0.02769144,0.02457775,0.01362718,0.00357442,0.00456725
2023-12-13,-0.00085114,-0.03653247,0.00457992,0.02228001,0.01379015
2023-12-14,-0.06459797,-0.05017775,-0.02144285,0.01076354,0.00320933
2023-12-15,0.02425120,0.00810344,0.00284670,-0.01000738,-0.00164653
2023-12-18,0.01345884,0.02101339,-0.00143866,0.00144269,0.00562509
2023-12-19,-0.03472890,-0.03837757,0.00477177,0.02708958,0.00608089
2023-12-20,0.02256436,0.02289440,0.00451686,-0.01622653,-0.01385736
2023-12-21,-0.03140754,-0.02044834,-0.00393664,0.01680971,0.00948194
2023-12-22,-0.00377857,0.01029310,0.00100642,0.00186943,0.00200972
2023-12-26,-0.00825140,-0.01126840,0.00042600,0.00529492,0.00422244
2023-12-27,0.00197164,0.01443639,-0.00099442,0.00224846,0.00180828
2023-12-28,-0.01084181,-0.02735347,0.00089901,0.00549402,0.00037753
2023-12-29,0.01877708,0.01780381,-0.00174845,-0.01123388,-0.00289490
2024-01-02,-0.02777196,-0.01093371,-0.00344016,0.00480161,-0.00559636
2024-01-03,0.02591806,0.00514728,-0.02504806,-0.04156203,-0.00816669
2024-01-04,0.08214908,0.01484694,0.00936375,-0.01734222,-0.00322121
2024-01-05,0.01091401,0.01879838,0.00297749,-0.00603524,0.00136990
2024-01-08,-0.01999497,-0.01421691,0.00942020,0.02980588,0.01427587
2024-01-09,0.00582900,0.00816071,-0.00528739,0.00031266,-0.00151718
2024-01-10,0.01265402,0.00931960,0.00833976,0.00423397,0.00565561
2024-01-11,0.01176750,0.03131011,0.00062781,-0.00091803,-0.00044084
2024-01-12,0.00554136,0.00796184,-0.00584022,-0.00722435,0.00069278
2024-01-16,0.02722722,0.02303022,0.00936209,-0.00393105,-0.00367117
2024-01-17,0.00240161,0.00267248,-0.00811056,-0.01451396,-0.00555870
2024-01-18,0.00695962,0.00896115,0.00037992,0.00338991,0.00889294
2024-01-19,-0.00322120,-0.00868099,-0.00795374,0.00774911,0.01246595
2024-01-22,-0.01537976,0.00282627,-0.00020377,0.01076086,0.00211441
2024-01-23,0.00584594,0.00789064,0.01056752,0.00420677,0.00291648
2024-01-24,0.00695246,0.03080425,-0.00819706,-0.01370239,0.00109318
2024-01-25,-0.00459441,-0.00618595,0.00486651,0.00910643,0.00543891
2024-01-26,0.01605620,0.00428110,0.00970937,-0.00058476,-0.00127039
2024-01-29,0.00099288,-0.00035934,0.00180561,0.01093381,0.00791938
2024-01-30,0.02395704,0.01174255,0.00410086,-0.00801833,-0.00077349
2024-01-31,0.00636517,0.00912906,0.00357362,-0.02529135,-0.01631740
2024-02-01,-0.00066550,0.00516991,0.01497116,0.02826051,0.01308811
2024-02-02,0.01177573,0.01709552,-0.01300825,-0.00410683,0.01052748
2024-02-05,0.03141922,0.01388633,0.01304051,-0.00936514,-0.00364112
2024-02-06,-0.03665437,0.00524317,0.00190809,0.01578964,0.00290336
2024-02-07,0.02033973,0.01176534,0.00546158,-0.00153278,0.00834047
2024-02-08,-0.02471712,-0.00861332,0.00161615,0.01432589,0.00044158
2024-02-09,-0.00796694,-0.00344664,-0.00757058,0.00525401,0.00577939
2024-02-12,-0.03049062,-0.02163399,0.00175491,0.01340544,-0.00043898
2024-02-13,0.03503671,0.02693195,-0.00857823,-0.03190982,-0.01377303
2024-02-14,-0.03641806,0.00155713,0.00063056,0.02404331,0.00908759
2024-02-15,-0.03024138,0.02074234,-0.03680323,-0.00929454,0.00689967
2024-02-16,0.00535145,-0.00078331,0.00044062,-0.00589112,-0.00497991
2024-02-20,-0.00578246,-0.02153493,-0.01733504,-0.01985993,-0.00550530
2024-02-21,0.07699375,0.01903773,0.01052455,-0.01522767,0.00090578
2024-02-22,0.01870232,0.01437375,-0.02577825,-0.00615138,0.02069541
2024-02-23,0.00077463,0.00918309,0.01778327,0.01608924,0.00068969
2024-02-26,-0.03162975,0.02426961,0.00030921,0.01229364,-0.00366237
2024-02-27,-0.09145655,0.06137435,-0.00872921,0.02761101,0.00185763
2024-02-28,0.02677182,0.01759001,0.00431051,-0.01333019,-0.00132157
2024-02-29,0.00477437,-0.00424493,-0.00181439,0.00303144,0.00359493
2024-03-01,0.00597855,0.00794473,-0.00443326,0.02216976,0.00938820
2024-03-04,0.00055846,0.00514161,-0.00079746,-0.00349599,-0.00107242
2024-03-05,0.00070163,-0.01963362,0.00774692,0.00188500,-0.00999403
2024-03-06,0.01878699,0.02676262,0.00413940,-0.00306481,0.00506710
2024-03-07,-0.02975839,-0.02890786,-0.00893787,0.00759851,0.00992643
2024-03-08,-0.03876152,-0.04710560,-0.00946696,-0.00072583,-0.00600212
2024-03-11,-0.02840378,-0.02645791,-0.01345123,-0.00223172,-0.00085997
2024-03-12,0.02623275,0.03538875,0.00493696,0.01026589,0.01075743
2024-03-13,-0.01729147,-0.00812131,0.01547840,0.01743967,-0.00156752
2024-03-14,0.00669682,0.01695382,-0.00184440,-0.00558061,-0.00197684
2024-03-15,-0.02412375,-0.00024564,0.00156536,0.00577948,-0.00686656
2024-03-18,-0.03975802,-0.01279448,-0.00594614,0.01055614,0.00594319
2024-03-19,-0.00422474,0.00089142,-0.00967583,0.00333701,0.00555729
2024-03-20,-0.07297578,-0.04633909,-0.02047713,0.01304539,0.00924904
2024-03-21,0.00319302,-0.02187472,0.01508410,0.01301691,0.00330491
2024-03-22,0.04724943,0.03460097,0.02105108,-0.01073217,-0.00189589
2024-03-25,0.00363846,0.00975642,-0.00939507,-0.01711935,-0.00276288
2024-03-26,0.00137311,0.00574656,0.00475219,0.00504823,-0.00184696
2024-03-27,0.03077554,-0.00396409,0.00553876,0.00096800,0.00840396
2024-03-28,0.00704865,-0.00846064,0.00831579,0.00817022,-0.00019115
2024-04-01,0.02736147,0.03123405,-0.00252191,-0.00800099,-0.00173981
2024-04-02,0.01822783,0.01076580,-0.01436995,-0.02546685,-0.00635810
2024-04-03,-0.01209030,0.00903762,-0.01120474,-0.00678511,0.00109848
2024-04-04,0.02040228,-0.00329099,0.00685756,-0.01924423,-0.01220622
2024-04-05,0.01988103,0.02807734,-0.00655583,-0.00626414,0.01044696
2024-04-08,-0.01535579,0.00106408,-0.00386029,0.00299174,0.00055937
2024-04-09,-0.00475170,-0.02655383,0.01206037,0.01071480,0.00115676
2024-04-10,0.01248529,0.02349385,-0.00743785,-0.02195313,-0.01001316
2024-04-11,-0.00260767,0.01337310,-0.01368965,-0.00188551,0.00754690
2024-04-12,0.02465802,0.01230502,-0.00317185,-0.02795987,-0.01380304
2024-04-15,0.01924010,-0.00832964,0.01260649,-0.00974903,-0.01252810
2024-04-16,0.00686705,0.02050868,-0.01279388,-0.00922815,-0.00182383
2024-04-17,-0.00851232,-0.00857195,-0.00620141,-0.00803228,-0.00591833
2024-04-18,-0.01507792,-0.00916191,-0.00284408,-0.00048925,-0.00205767
2024-04-19,-0.00429815,-0.02338592,-0.00274308,-0.00287522,-0.00872831
2024-04-22,-0.01269922,-0.00169432,-0.00843791,0.01168051,0.00920910
2024-04-23,-0.01057181,0.00800897,0.00431947,0.02399785,0.01186662
2024-04-24,0.00113037,0.00687350,-0.00167672,-0.00257008,-0.00047453
2024-04-25,0.00109362,-0.00245834,-0.01061406,-0.01085927,-0.00379894
2024-04-26,-0.01476203,-0.00217708,-0.00397432,0.01548655,0.00947383
2024-04-29,-0.01937950,-0.03054402,-0.00460748,0.00653775,0.00354151
2024-04-30,0.03308737,0.03941033,0.01555514,-0.01369744,-0.01584120
2024-05-01,0.00632260,-0.00062589,0.00682140,-0.00117684,-0.00324733
2024-05-02,-0.01583806,-0.01051330,0.00412215,0.01755216,0.00935357
2024-05-03,-0.04443084,-0.05333590,-0.04483670,-0.00333177,0.01239526
2024-05-06,0.00250955,-0.00253232,0.00394210,0.01007207,0.01032688
2024-05-07,-0.00006951,0.01749134,0.01079686,0.00794338,0.00110337
2024-05-08,0.00878484,0.00017483,-0.00888862,-0.00859289,0.00009672
2024-05-09,0.00834432,0.01233104,-0.02185928,-0.00820791,0.00576184
2024-05-10,-0.01791994,0.00109316,-0.04906033,-0.02351171,0.00128829
2024-05-13,-0.00929231,0.00262893,0.01775988,0.01506760,0.00013416
2024-05-14,-0.03095095,0.01662063,-0.02283019,0.00205368,0.00458804
2024-05-15,0.00963317,0.00192663,-0.01809658,-0.00689681,0.01238332
2024-05-16,0.00404572,0.00219625,-0.00072138,-0.00465440,-0.00205765
2024-05-17,-0.01409386,0.02330885,-0.01469311,-0.00189673,0.00143755
2024-05-20,-0.06788712,0.07750159,-0.01110528,0.01517712,0.00115207
2024-05-21,0.03139881,-0.01765975,0.00124113,-0.00774172,0.00245263
2024-05-22,0.01782112,-0.02987231,0.00035586,-0.01283325,-0.00287945
2024-05-23,0.02651824,0.02877865,0.00013744,-0.01135464,-0.00730415
2024-05-24,-0.00772873,0.03995485,-0.00601396,0.00936160,0.00661646
2024-05-28,-0.03436284,0.04986730,-0.01085080,0.00253996,0.00069871
2024-05-29,-0.00836849,0.08230591,0.00059466,0.01418864,-0.00700247
2024-05-30,-0.02249130,-0.00693276,0.01251647,0.00717420,-0.00663375
2024-05-31,-0.03847443,-0.09894411,0.00658344,0.02108709,0.00910805
2024-06-03,0.00665165,0.02518961,0.00817190,0.00580086,0.00081560
2024-06-04,0.00518698,0.00971259,-0.01675604,-0.01313825,0.00111769
2024-06-05,-0.01809547,0.00571290,-0.00341168,0.01754958,0.01188544
2024-06-06,0.04925592,0.06000515,0.03524940,0.00949102,-0.00001904
2024-06-07,0.00984850,-0.01017984,-0.01186577,-0.01275926,-0.00121547
2024-06-10,-0.00954253,-0.00445706,0.00451762,0.01510263,0.00308944
2024-06-11,-0.01440343,-0.00725298,-0.00132045,0.00619294,0.00240857
2024-06-12,0.03113110,0.05216220,0.00800235,0.00528335,0.00821302
2024-06-13,0.00735369,0.02498670,-0.00526704,-0.00324905,0.00201375
2024-06-14,-0.00531539,-0.01460666,-0.02030272,-0.01473625,0.00060827
2024-06-17,0.04719218,0.08850081,0.06379786,0.03615757,0.00795856
2024-06-18,0.00688035,0.00685590,-0.01161115,-0.00543988,0.00254094
2024-06-20,0.02893663,-0.01867129,0.01438541,-0.01092479,-0.00271666
2024-06-21,0.02388171,0.02624782,0.01382909,0.00142889,-0.00134061
2024-06-24,-0.03579097,-0.04261874,-0.01478336,0.00123963,-0.00325041
2024-06-25,0.01356186,0.02372203,-0.00539635,-0.00564144,0.00385062
2024-06-26,0.00625086,0.00309568,-0.00970946,-0.01357201,0.00124815
2024-06-27,0.02068786,0.00282564,0.01607145,-0.00112265,0.00157647
2024-06-28,0.02342938,0.03457475,0.00711161,-0.01043128,-0.00393498
2024-07-01,0.03319716,0.05565591,-0.00536501,-0.01193981,0.00205795
2024-07-02,-0.02921882,-0.06784029,0.00223272,0.01402030,0.00672972
2024-07-03,-0.01865307,-0.03558397,-0.00769198,0.00152489,0.00446254
2024-07-05,0.01994457,0.00221162,0.00986986,0.00250165,0.00576649
2024-07-08,-0.00441347,0.00133192,-0.00446978,0.00101316,0.00115391
2024-07-09,0.01090279,0.02340090,-0.02349801,-0.01943773,0.00097256
2024-07-10,0.01041549,-0.01887441,-0.00157419,0.00190970,0.00989529
2024-07-11,-0.06781010,-0.09355522,0.03629203,0.04800148,-0.00862278
2024-07-12,0.03471737,0.05489985,0.00288733,-0.00333860,0.00630764
2024-07-15,-0.01084452,-0.01383310,-0.00513010,-0.00006726,0.00275018
2024-07-16,-0.08659326,-0.12419102,0.01621844,0.04680546,0.00593001
2024-07-17,0.05063293,0.02159462,0.01479972,-0.02138009,-0.01402102
2024-07-18,0.03328093,0.02868645,0.00074953,-0.02055701,-0.00768494
2024-07-19,0.01607793,0.01101243,-0.00428187,-0.01561207,-0.00664070
2024-07-22,-0.04280738,-0.05290379,-0.01013857,0.01789892,0.01031013
2024-07-23,-0.02305789,-0.01150281,-0.00013914,0.01288758,-0.00156868
2024-07-24,0.03810215,0.01986281,0.02336462,-0.01550974,-0.02266260
2024-07-25,-0.04319713,-0.01755587,-0.04009150,-0.01833971,-0.00521040
2024-07-26,-0.02677007,-0.08651817,0.00118541,0.01668107,0.01119991
2024-07-29,0.01608090,0.02498944,0.00283309,-0.00204876,0.00058765
2024-07-30,-0.00088212,-0.02358256,0.01137356,0.00291376,-0.00506626
2024-07-31,0.01911804,0.04184400,-0.00850344,-0.00048778,0.01625453
2024-08-01,-0.09490876,-0.27139613,-0.00565696,0.00261345,-0.01416101
2024-08-02,-0.02732134,-0.05348301,-0.03672747,-0.04134838,-0.01861823
2024-08-05,0.07250553,0.08403924,0.02896335,-0.03111993,-0.02912384
2024-08-06,0.04439377,0.02910302,0.01903711,0.00416818,0.00921962
2024-08-07,0.00822879,-0.00530252,-0.01663010,-0.02836025,-0.00668415
2024-08-08,0.02186715,0.01784447,0.01323299,0.02321967,0.02311740
2024-08-09,-0.00624176,0.00736250,0.00039051,0.00696013,0.00440967
2024-08-12,0.01534089,0.02344001,0.00186182,-0.00621647,0.00052542
2024-08-13,0.00316782,0.00554304,-0.01042142,0.00500875,0.01644569
2024-08-14,-0.00186905,-0.01598015,-0.01437355,-0.01361229,0.00315476
2024-08-15,-0.00658004,-0.01250960,-0.00313894,0.02128548,0.01714022
2024-08-16,0.00182299,-0.00322162,0.00645494,0.00634806,0.00224190
2024-08-19,0.01026353,0.02875574,0.00153591,0.00849108,0.00956156
2024-08-20,-0.00710512,-0.01404668,-0.01253176,-0.00739913,-0.00162618
2024-08-21,-0.00013687,-0.00158301,0.01237108,0.01990556,0.00343636
2024-08-22,0.00019495,-0.00968157,-0.01177328,-0.02249341,-0.00784834
2024-08-23,-0.01067354,-0.00305697,0.00286640,0.02055613,0.01062531
2024-08-26,0.01618894,0.00911793,0.00698522,-0.00597520,-0.00238371
2024-08-27,0.02105400,0.00041918,0.00004166,-0.01312714,0.00137302
2024-08-28,-0.03507804,-0.04509654,-0.04130145,-0.02491550,-0.00580532
2024-08-29,0.02313117,0.02041799,0.03172013,0.01302469,0.00008953
2024-08-30,0.00885003,0.01615449,-0.00063302,0.00299886,0.00954600
2024-09-03,-0.00592339,-0.00319859,0.00597188,-0.00948865,-0.02057880
2024-09-04,-0.01860948,-0.02189367,-0.00583607,-0.00087918,-0.00204681
2024-09-05,0.00418447,0.00512244,0.00374837,-0.00209959,-0.00243219
2024-09-06,0.00203732,-0.00926121,-0.00008409,-0.02058758,-0.01683040
2024-09-09,0.02404803,0.03735509,-0.00827235,-0.00206129,0.01119635
2024-09-10,0.00124464,0.01679535,0.00835545,0.00740701,0.00435573
2024-09-11,-0.01356146,-0.00489917,-0.01089312,0.00839790,0.01025899
2024-09-12,0.00331804,0.01996168,0.00931392,0.01586203,0.00842314
2024-09-13,-0.02758275,-0.02247023,0.00168869,0.01901763,0.00522276
2024-09-16,-0.00982514,-0.01977983,-0.01451741,-0.00721862,0.00147692
2024-09-17,-0.05316421,-0.03521811,-0.01175246,0.00759601,0.00040875
2024-09-18,0.02492373,0.02368349,0.02062887,0.00373112,-0.00296596
2024-09-19,0.01196991,0.01788922,-0.00151441,0.01200797,0.01706436
2024-09-20,0.00247539,-0.02334424,-0.01730661,-0.01520439,-0.00172873
2024-09-23,-0.02720110,-0.02761267,-0.01260543,0.00246084,0.00249896
2024-09-24,-0.01680144,-0.00438859,0.02369831,0.02490727,0.00286147
2024-09-25,0.04808293,0.03360372,-0.01409504,-0.02687488,-0.00220569
2024-09-26,0.01106676,0.00893519,0.00804238,0.00952091,0.00396479
2024-09-27,0.00688663,0.01351086,0.01237388,0.00935858,-0.00145029
2024-09-30,-0.02511878,0.00223977,-0.01606256,0.00012827,0.00400720
2024-10-01,0.03122147,0.01778245,0.01391903,-0.01043447,-0.00895854
2024-10-02,0.00275599,0.00278891,-0.00533391,-0.00954498,0.00042224
2024-10-03,0.01155207,-0.00634222,-0.01334448,-0.01299230,-0.00182833
2024-10-04,-0.00597517,0.00736976,0.01070436,0.01958512,0.00908734
2024-10-07,0.00550933,0.00527416,0.00654522,-0.00795625,-0.00904037
2024-10-08,-0.01888743,-0.02572419,-0.02217894,0.00004956,0.00945761
2024-10-09,-0.00907576,-0.00986683,-0.01387899,-0.00040741,0.00692625
2024-10-10,-0.00377642,-0.01308449,-0.00504557,-0.00335672,-0.00174995
2024-10-11,0.03108318,0.04218835,0.02112286,0.01327852,0.00598826
2024-10-14,0.01257156,0.02155035,0.00849391,0.01190385,0.00817829
2024-10-15,0.00658601,0.03487239,0.03581810,0.01781088,-0.00776966
2024-10-16,-0.01507741,-0.00821285,-0.01324747,0.00141755,0.00434654
2024-10-17,-0.00105756,-0.01318348,-0.01347246,-0.01139216,0.00008568
2024-10-18,0.00313719,0.00948494,0.01296457,0.01386152,0.00384666
2024-10-21,0.03200278,0.03196094,0.00660448,-0.00858468,-0.00164230
2024-10-22,0.01801461,0.01365127,0.00473771,-0.00619666,-0.00053111
2024-10-23,-0.01561904,-0.03213162,-0.01761444,-0.01610540,-0.00913736
2024-10-24,0.01888831,-0.01299305,0.00547538,0.00091635,0.00216266
2024-10-25,0.00264372,0.01534782,-0.01251332,-0.00866574,-0.00034529
2024-10-28,-0.02050294,-0.01089616,0.01029478,0.01930515,0.00309134
2024-10-29,0.01730142,0.01219112,0.00163249,-0.00488438,0.00161831
2024-10-30,-0.02065933,-0.03136856,-0.02758873,-0.01309999,-0.00302510
2024-10-31,-0.02272943,-0.03025730,0.00471340,-0.00949856,-0.01960321
2024-11-01,0.00668651,0.02060366,0.02022749,0.02086533,0.00422053
2024-11-04,0.00117684,0.00097821,0.01320075,0.00924817,-0.00215399
2024-11-05,0.01505075,0.02626697,0.00942593,0.01188207,0.01209192
2024-11-06,-0.00760647,0.03190819,0.00534759,0.02645001,0.02486562
2024-11-07,-0.00335178,0.01723422,-0.00528011,0.01139935,0.00773203
2024-11-08,0.01969187,0.05968122,0.04092279,0.02379103,0.00433177
2024-11-11,-0.05101405,0.00939892,0.02128826,0.03396810,0.00095285
2024-11-12,-0.00328603,0.00058675,-0.01388597,-0.01051696,-0.00310644
2024-11-13,0.02471105,0.00628625,0.01266322,0.00579643,0.00048582
2024-11-14,-0.00218825,-0.05139642,-0.05255647,-0.03921674,-0.00643018
2024-11-15,-0.02182710,-0.02554157,-0.02556391,-0.02417217,-0.01280867
2024-11-18,0.01880176,0.02764077,-0.00131084,-0.00499140,0.00409735
2024-11-19,0.01885941,0.04001776,0.01898733,0.00769341,0.00365553
2024-11-20,-0.03064598,-0.04485019,-0.02020700,-0.00134324,0.00033882
2024-11-21,-0.01236733,0.02128377,0.02488068,0.03125984,0.00536836
2024-11-22,0.01272020,0.03233031,0.02355050,0.02363952,0.00309941
2024-11-25,-0.02186855,0.04012255,0.06104265,0.04862103,0.00339214
2024-11-26,0.01990530,0.00562438,-0.02293180,-0.01738832,0.00522139
2024-11-27,-0.04456651,-0.05587445,0.00070739,0.01071953,-0.00303023
2024-11-29,-0.00869762,0.00859858,0.01085011,0.01381857,0.00621225
2024-12-02,0.00384081,-0.00763001,-0.00133306,0.00456823,0.00179263
2024-12-03,0.02954971,0.01738484,0.00507817,-0.00677254,0.00046365
2024-12-04,-0.00503515,-0.00919607,0.00736819,0.01302728,0.00620952
2024-12-05,-0.00046471,-0.02491964,-0.02884909,-0.01910794,-0.00164561
2024-12-06,0.02639777,0.04619666,0.02822623,0.02000253,0.00189556
2024-12-09,-0.02829950,-0.04147348,-0.01580281,-0.00580703,-0.00514962
2024-12-10,-0.01469958,-0.01948179,-0.01298475,-0.00616744,-0.00310907
2024-12-11,0.00794236,-0.00032680,-0.01340261,-0.00436900,0.00773057
2024-12-12,0.02136754,0.01061396,0.01256216,-0.00625754,-0.00515279
2024-12-13,0.01083770,0.02923564,0.02425215,0.01172404,-0.00019839
2024-12-16,0.01305017,0.02817602,0.00748183,0.00389681,0.00427012
2024-12-17,0.03086284,0.02738103,0.01853516,-0.00110031,-0.00412024
2024-12-18,-0.01153472,-0.03747065,-0.01873093,-0.04226139,-0.02980338
2024-12-19,0.00961875,-0.00817918,-0.01576344,-0.01192237,-0.00030717
2024-12-20,-0.01339436,-0.02043272,-0.01465762,0.00618836,0.01201112
2024-12-23,0.01755034,0.02046109,-0.00735041,-0.00621451,0.00598823
2024-12-24,0.00051424,-0.00112656,-0.00707404,0.00628342,0.01111497
2024-12-26,-0.01473972,-0.00137897,0.01030972,0.01469501,0.00006676
2024-12-27,-0.01363503,-0.02802208,-0.00255254,-0.00698886,-0.01052654
2024-12-30,0.00321233,0.00700657,0.00426154,-0.01175869,-0.01141158
2024-12-31,0.00640338,0.00052707,-0.00104519,-0.00690364,-0.00363807
2025-01-02,0.00410502,0.02618245,0.02367885,0.01105228,-0.00245717
2025-01-03,0.01626256,0.05394218,0.03217227,0.03018184,0.01250348
2025-01-06,-0.00262542,-0.01393077,-0.00760574,0.00333705,0.00576062
2025-01-07,0.00537032,-0.00818475,0.00185490,-0.01160589,-0.01130421
2025-01-08,0.01699854,-0.01247390,-0.00822875,-0.00764611,0.00146104
2025-01-10,0.02230165,0.00651564,0.02379015,-0.00672169,-0.01526744
2025-01-13,-0.05419403,-0.03436570,-0.03551025,-0.00120654,0.00155058
2025-01-14,0.01501521,0.01239494,-0.01499018,-0.01294451,0.00137605
2025-01-15,0.01486069,0.03932485,0.00405259,0.01193086,0.01818998
2025-01-16,-0.01489761,0.00886952,0.00864763,0.01114620,-0.00192336
2025-01-17,-0.00730869,-0.01306583,-0.01146715,0.00304021,0.01004001
2025-01-21,-0.05348763,-0.02736381,0.00866247,0.03861878,0.00915340
2025-01-22,0.01715434,0.00595142,-0.00517630,-0.00341760,0.00562157
2025-01-23,-0.02973678,-0.01367629,-0.01196619,0.00768281,0.00545817
2025-01-24,0.00327788,0.00050313,0.00218819,-0.00064595,-0.00291927
2025-01-27,-0.00333384,-0.00520574,0.01038261,-0.00004037,-0.01414547
2025-01-28,0.01236041,0.02340165,0.00055710,0.00593967,0.00859247
2025-01-29,0.00492610,0.03735588,0.01749388,0.00408659,-0.00448298
2025-01-30,0.00831627,0.02679957,0.01788179,0.02132026,0.00536707
2025-01-31,0.05033189,0.03815571,0.01663402,-0.01328068,-0.00532196
2025-02-03,0.00743206,0.02560430,0.00809840,-0.00370018,-0.00672951
2025-02-04,-0.01947587,0.01209691,0.00379959,0.01099260,0.00670837
2025-02-05,-0.02120707,-0.03101916,-0.00849754,0.00615982,0.00405436
2025-02-06,-0.02029598,-0.00955158,-0.00357938,0.00372348,0.00347571
2025-02-07,-0.02658012,-0.01806220,0.00546434,0.00101339,-0.00915366
2025-02-10,-0.02245415,-0.01122303,-0.00393147,0.00697369,0.00679131
2025-02-11,-0.00015016,-0.01180347,-0.02389017,-0.01671832,0.00076058
2025-02-12,-0.00000158,0.04275002,0.01639721,0.00552893,-0.00322147
2025-02-13,-0.02308934,0.06265828,-0.01049330,0.00993608,0.01055762
2025-02-14,-0.03845972,-0.03532384,0.00682358,0.00916922,-0.00004930
2025-02-18,-0.00668815,0.00365547,-0.00832822,-0.00107698,0.00293594
2025-02-19,0.03315577,0.05292493,0.02725278,0.01053708,0.00235486
2025-02-20,-0.06221308,-0.10172713,-0.01535643,0.00167970,-0.00416032
2025-02-21,-0.00103168,-0.10638717,-0.05967544,-0.05592363,-0.01710406
2025-02-24,-0.00593187,-0.02893389,0.01545769,0.01077518,-0.00455050
2025-02-25,-0.00228194,-0.06159275,-0.05368739,-0.04181661,-0.00497324
2025-02-26,0.00766155,0.00535559,0.01604504,0.00772081,0.00050490
2025-02-27,0.00218191,0.00196308,-0.00717508,-0.02263506,-0.01596208
2025-02-28,0.00545182,0.01636423,-0.00080955,0.01668947,0.01560563
2025-03-03,0.00245469,-0.04300265,-0.01690346,-0.03066278,-0.01751981
2025-03-04,-0.00103436,0.00433020,-0.00022356,-0.01016131,-0.01183694
2025-03-05,-0.02094097,-0.01854450,-0.02256857,0.00338954,0.01074788
2025-03-06,0.01046610,-0.00904346,0.02266846,-0.01536898,-0.01775126
2025-03-07,0.04682482,0.01964754,0.02934030,0.01355362,0.00560489
2025-03-10,-0.01346409,-0.01037952,-0.00688684,-0.02769732,-0.02663552
2025-03-11,-0.05715317,-0.07911380,-0.01037050,0.00562091,-0.00831277
2025-03-12,-0.01542131,-0.01618656,-0.02179933,-0.00730381,0.00530634
2025-03-13,0.02985657,0.01284472,0.00428838,-0.02330787,-0.01333024
2025-03-14,-0.05999894,-0.09287314,-0.06886447,-0.00543063,0.02065550
2025-03-17,0.03227470,0.06876480,0.03380890,0.02379375,0.00771147
2025-03-18,0.02667867,-0.00315639,0.00944882,-0.01373907,-0.01080844
2025-03-19,0.00601316,0.01754604,-0.00644693,0.00849122,0.01089093
2025-03-20,0.00886976,-0.00601480,0.00307168,-0.00530934,-0.00289175
2025-03-21,-0.01271772,0.01228717,-0.00215250,0.00534071,0.00032983
2025-03-24,-0.02507913,-0.02087279,-0.00462503,0.02771987,0.01790840
2025-03-25,-0.01066017,-0.01618262,-0.02458555,-0.01353100,0.00240395
2025-03-26,-0.00865458,-0.03416556,0.00568797,-0.00698396,-0.01193822
2025-03-27,0.01032139,0.01120531,0.00847582,-0.00221820,-0.00265578
2025-03-28,-0.02594374,-0.06425771,-0.02371292,-0.03025315,-0.02013833
2025-03-31,0.00383836,0.00176768,-0.00073522,0.00617504,0.00671283
2025-04-01,0.01490959,0.00113653,0.00055372,-0.00217556,0.00282436
2025-04-02,0.00662715,-0.00118629,0.01471690,0.01831037,0.00632831
2025-04-03,-0.00484279,0.00732993,-0.02063138,-0.06134184,-0.04928063
2025-04-04,-0.00746611,-0.01493373,0.01432973,-0.02886083,-0.05854310
2025-04-07,0.01171607,0.02663568,-0.00717565,-0.00998808,-0.00178113
2025-04-08,-0.00773099,0.00431881,-0.03075805,-0.03773037,-0.01566271
2025-04-09,0.01240423,0.01946228,0.01277683,0.09532455,0.10501940
2025-04-10,0.00674261,0.00529791,-0.00307931,-0.03652212,-0.04381896
2025-04-11,0.01922227,0.03059279,0.01119909,0.01245360,0.01784273
2025-04-14,0.00236686,0.00767739,0.00156941,0.01127807,0.00970131
2025-04-15,-0.00356555,0.01648490,-0.00541773,-0.00550183,-0.00280096
2025-04-16,0.00975568,-0.00912350,0.00346901,-0.02348139,-0.02222788
2025-04-17,-0.02685285,-0.01233948,-0.00607995,0.01049439,0.00142672
2025-04-21,0.01431223,-0.00016197,0.01383832,-0.01367664,-0.02380270
2025-04-22,-0.01027497,-0.02963713,0.00240446,0.02944239,0.02601783
2025-04-23,0.00288354,0.02353664,-0.00382221,0.00735522,0.01549548
2025-04-24,-0.01831092,0.00217763,-0.01606023,0.01350590,0.02104903
2025-04-25,0.00128900,0.00265124,-0.00915161,-0.00297028,0.00722509
2025-04-28,-0.00054871,0.00682791,0.00800020,0.00433430,0.00038132
2025-04-29,-0.09091470,0.03467380,-0.00771247,0.04421423,0.00629938
2025-04-30,0.03877557,-0.01480781,-0.00374722,-0.01660357,0.00039703
2025-05-01,0.03219077,0.07309646,-0.01623350,-0.02042681,0.00708679
2025-05-02,-0.03141205,0.02456309,0.01380259,0.04106991,0.01484422
2025-05-05,-0.00086367,0.01814927,0.00680777,0.00106500,-0.00573422
2025-05-06,-0.02390799,0.06329766,-0.05345341,-0.02073455,-0.00835849
2025-05-07,0.01636602,0.03188435,0.01436247,0.01380042,0.00420542
2025-05-08,-0.00571412,-0.00106740,0.01014027,0.00973925,0.00696793
2025-05-09,-0.00069293,0.01090332,-0.00655599,-0.00731390,-0.00127409
2025-05-12,0.00602545,0.00467070,0.02944091,0.05158968,0.03304736
2025-05-13,-0.00341600,0.07032786,0.00777889,0.02466109,0.00660376
2025-05-14,-0.01367899,0.00332370,-0.01158922,-0.00434204,0.00127808
2025-05-15,-0.04763710,-0.05683245,-0.02234995,-0.00002925,0.00488438
2025-05-16,-0.00715888,0.03978222,0.02220409,0.02972810,0.00633412
2025-05-19,0.02863514,0.00251806,0.00363700,-0.00441761,0.00109382
2025-05-20,-0.02221304,-0.01449505,-0.00842212,-0.00333460,-0.00336216
2025-05-21,-0.00943733,-0.01140162,-0.02035771,-0.02718797,-0.01685065
2025-05-22,-0.07825931,-0.09107305,-0.01011744,0.01466058,0.00039452
2025-05-23,-0.00003562,0.01540327,-0.00597372,-0.00983983,-0.00682578
2025-05-27,0.00155899,-0.03326644,0.01704329,0.02031757,0.02079067
2025-05-28,-0.00401586,-0.00628456,-0.00601016,0.00166387,-0.00578554
2025-05-29,0.01719272,0.00688309,0.00873316,-0.00263328,0.00394743
2025-05-30,-0.00925905,0.03094886,-0.00728844,-0.01316256,-0.00111844
2025-06-02,-0.01541355,0.00501009,-0.00310996,0.00576219,0.00563291
2025-06-03,0.02283599,0.01043909,0.00696065,0.00370024,0.00570259
2025-06-04,0.02414913,0.01898201,0.00518678,-0.00519158,-0.00026845
2025-06-05,0.00523706,0.01968088,0.00936140,-0.00102725,-0.00483278
2025-06-06,-0.02313256,-0.05376637,0.00459326,0.00758207,0.01026900
2025-06-09,-0.00071949,-0.01975160,-0.00092304,-0.00090231,0.00090119
2025-06-10,0.03653414,0.00674352,0.02024222,0.00545090,0.00566983
2025-06-11,-0.03178862,-0.02269734,-0.02038561,-0.00830251,-0.00285206
2025-06-12,0.01475035,0.00914873,-0.00075297,-0.00252119,0.00397424
2025-06-13,-0.00659760,-0.01291409,-0.02895016,-0.03009144,-0.01118007
2025-06-16,-0.00892871,-0.00806878,0.02162410,0.02689838,0.00951417
2025-06-17,-0.02160385,-0.02221953,-0.01745282,-0.01540599,-0.00854508
2025-06-18,-0.01834555,0.00991664,0.00390581,0.01008395,-0.00015057
2025-06-20,-0.02722380,-0.00631367,-0.01601800,-0.00327590,-0.00234870
2025-06-23,0.06262648,-0.03556679,-0.00008898,-0.01226733,0.00987755
2025-06-24,0.02045243,0.02387951,0.02443889,0.01819058,0.01104741
2025-06-25,0.02603315,0.01373708,-0.00389203,-0.01494904,0.00056025
2025-06-26,-0.04313220,-0.02559682,-0.00931079,0.01520359,0.00782388
2025-06-27,-0.00591505,0.00923589,0.01281502,0.01517491,0.00496812
2025-06-30,0.00268017,0.01907625,0.01203053,0.01018842,0.00478128
2025-07-01,0.00266288,-0.02926656,0.00700357,0.00940443,-0.00032352
2025-07-02,0.01774572,0.01447732,0.00379663,0.00145510,0.00453310
2025-07-03,0.06683385,0.08929000,0.05720652,0.02221686,0.00788143
2025-07-07,-0.01400012,-0.01629185,-0.02322975,-0.02247300,-0.00745188
2025-07-08,0.01742636,0.00921244,0.02690055,0.01238813,-0.00054780
2025-07-09,-0.00680177,-0.00739455,0.00569968,0.00848780,0.00599659
2025-07-10,0.01510675,0.00457892,0.01532362,0.01116394,0.00282042
2025-07-11,0.01527513,0.00546921,-0.00568322,-0.01022850,-0.00351554
2025-07-14,-0.01383694,-0.01219202,-0.00725831,0.00053415,0.00190826
2025-07-15,0.00226245,-0.00039167,-0.02500195,-0.02630760,-0.00427323
2025-07-16,0.00135903,0.01746601,0.00344207,0.00465235,0.00334322
2025-07-17,0.00453961,-0.00389737,-0.00102223,0.00789796,0.00611957
2025-07-18,0.00921085,0.00578425,0.00363144,-0.00283353,-0.00073228
2025-07-21,-0.01564435,-0.02512914,-0.01524905,-0.00647805,0.00189612
2025-07-22,0.00330524,0.00122821,0.01440919,0.01624418,0.00014306
2025-07-23,-0.00244397,-0.01613932,0.03017267,0.03183654,0.00850755
2025-07-24,0.05283605,0.06532258,0.03131493,0.00239823,0.00033107
2025-07-25,-0.02012638,-0.01320683,-0.01436348,0.00005296,0.00422420
2025-07-28,-0.01204348,-0.01728773,-0.00955297,-0.00039240,-0.00025101
2025-07-29,-0.00448270,-0.00449831,-0.02598334,-0.01937814,-0.00263761
2025-07-30,-0.03096097,-0.01715131,-0.02173428,-0.00650633,-0.00125928
2025-07-31,-0.00914425,-0.00506113,-0.01064752,-0.01286851,-0.00375122
2025-08-01,0.01626141,-0.01363290,0.00411423,-0.01888594,-0.01639050
2025-08-04,-0.05370644,-0.01859001,0.00326547,0.03420057,0.01519970
2025-08-05,0.04635798,0.08815463,0.01601919,-0.02688973,-0.00506987
2025-08-06,0.06522065,-0.01148613,-0.02565507,-0.03288353,0.00765967
2025-08-07,-0.02453845,-0.05912352,-0.02863818,-0.00758785,-0.00083757
2025-08-08,-0.03805069,-0.00343819,-0.04797318,-0.01304636,0.00779764
2025-08-11,0.00561996,0.01409769,-0.00775236,-0.01060513,-0.00197756
2025-08-12,0.00530609,0.00959242,0.00479532,0.01181117,0.01064605
2025-08-13,0.01128906,0.02975196,0.03509704,0.02625995,0.00342307
2025-08-14,0.01716112,0.00734005,-0.00891066,-0.01795003,0.00009305
2025-08-15,0.01745547,0.02384788,0.01280012,0.00236064,-0.00234116
2025-08-18,-0.00322792,-0.00403957,-0.00128358,0.00121680,-0.00021758
2025-08-19,0.03399620,0.00820697,0.01670571,-0.00084175,-0.00542511
2025-08-20,-0.00129288,-0.01237624,-0.00685837,-0.00381376,-0.00265710
2025-08-21,-0.02230201,-0.01050496,-0.01147269,-0.00329418,-0.00401188
2025-08-22,-0.00806483,0.00979449,0.01110898,0.02536916,0.01535671
2025-08-25,-0.01669005,-0.00390408,-0.01891938,-0.01712093,-0.00440112
2025-08-26,-0.01495275,-0.00354982,-0.01030866,0.00213913,0.00418706
2025-08-27,0.00631519,0.01384106,0.00558612,0.00622225,0.00227865
2025-08-28,0.01552388,-0.00251327,-0.00456060,-0.00778443,0.00354122
2025-08-29,0.02991903,0.02335341,0.01619572,-0.00550003,-0.00596358
2025-09-02,-0.01098491,0.00275932,-0.00594711,-0.00691670,-0.00741034
2025-09-03,0.00161524,-0.00639447,0.01134616,0.01074141,0.00541957
2025-09-04,-0.03764841,-0.02279167,-0.00812285,0.01704723,0.00835751
2025-09-05,-0.00337293,-0.04999629,0.00348135,-0.01013805,-0.00289633
2025-09-08,-0.02227559,-0.00502680,-0.00808563,0.00451098,0.00245666
2025-09-09,0.01845576,-0.00245780,0.00296308,-0.00798233,0.00231181
2025-09-10,-0.01176880,-0.00817964,-0.02244418,-0.01320985,0.00289085
2025-09-11,0.00337732,-0.00614219,0.01996410,0.02186291,0.00831025
2025-09-12,0.01052180,-0.01233756,-0.01022762,-0.01434927,-0.00033452
2025-09-15,-0.03229717,0.01514417,-0.02189189,-0.00543663,0.00532382
2025-09-16,0.04093593,0.01484872,0.01462007,-0.00143719,-0.00137684
2025-09-17,-0.00335866,0.01077522,-0.00493475,-0.00546122,-0.00124236
2025-09-18,-0.04089954,-0.04745344,0.00127263,0.02392111,0.00467237
2025-09-19,-0.00839368,-0.01706615,-0.01711212,-0.00907505,0.00495284
2025-09-22,-0.00247782,0.01772676,-0.00358001,0.00445161,0.00473118
2025-09-23,-0.00832888,0.00703959,-0.00478636,-0.00810743,-0.00544367
2025-09-24,0.01511153,0.03282021,0.00860598,0.00304795,-0.00318157
2025-09-25,-0.02021126,-0.02243858,-0.02476768,-0.01987365,-0.00461345
2025-09-26,-0.00524009,-0.00226241,0.01105042,0.01644272,0.00572910
2025-09-29,-0.00472597,-0.00625895,-0.01169083,-0.00316960,0.00281034
2025-09-30,0.02860932,0.00257229,0.00352374,-0.00090639,0.00376689
2025-10-01,0.02330275,0.00970487,0.02655765,0.01195127,0.00340761
2025-10-02,-0.01779677,-0.00193750,-0.00169251,0.00699308,0.00115164
2025-10-03,0.01374848,0.03269572,0.00363304,-0.00157178,-0.00001466
2025-10-06,-0.00245135,0.01345391,-0.01912724,-0.01563143,0.00358614
2025-10-07,0.00399733,-0.01574946,-0.00327506,-0.00988964,-0.00370753
2025-10-08,-0.00222941,0.01838188,0.01038597,0.01305790,0.00596311
2025-10-09,0.00550218,-0.00414846,-0.00372337,-0.01048563,-0.00289693
2025-10-10,0.01403554,-0.00327733,-0.00855549,-0.03354481,-0.02702778
2025-10-13,-0.01897200,0.00310415,-0.01575811,0.00383460,0.01534396
2025-10-14,0.00007241,0.00360959,0.01394016,0.01314680,-0.00122161
2025-10-15,-0.02833994,-0.03084215,-0.00384209,0.00726371,0.00443956
2025-10-16,0.01390468,0.01419750,-0.00314319,-0.01477444,-0.00681026
2025-10-17,0.03130199,0.03573479,-0.00401416,-0.01055949,0.00567620
2025-10-20,-0.00147960,0.00609543,0.00291440,0.01378637,0.01040051
2025-10-21,0.01956937,0.01844492,0.01708742,0.00930202,-0.00001489
2025-10-22,0.01217411,-0.00196762,-0.00202883,-0.01169523,-0.00519896
2025-10-23,0.00944182,0.02070409,0.02512206,0.00761011,0.00593000
2025-10-24,-0.04071276,-0.01939184,-0.02538265,0.00232211,0.00817255
2025-10-27,-0.01907051,-0.01378703,-0.02995227,-0.00795395,0.01179763
2025-10-28,-0.00134938,-0.00209937,-0.01658049,-0.01490030,0.00265604
2025-10-29,0.01227842,-0.00101101,-0.00531423,-0.01418713,0.00048040
2025-10-30,-0.02004803,-0.00264185,-0.01416787,-0.01534816,-0.01099803
2025-10-31,0.02021344,0.00832888,0.01203817,0.00722546,0.00328011
2025-11-03,0.01708065,-0.00209156,-0.00899576,-0.01434818,0.00187661
2025-11-04,0.01018326,0.00816533,0.01138992,-0.00810760,-0.01185355
2025-11-05,-0.03230158,-0.01703277,-0.01366320,0.00966602,0.00346549
2025-11-06,-0.01387842,-0.02683355,-0.00248982,-0.01423772,-0.01072942
2025-11-07,-0.01716256,-0.00932968,-0.00044555,0.00658177,0.00098462
2025-11-10,-0.00779483,-0.00210294,-0.02024090,-0.00308665,0.01560423
2025-11-11,0.00789198,-0.00355748,-0.00605353,-0.00488563,0.00228934
2025-11-12,-0.00258322,0.01812395,0.00690850,0.00883524,0.00055651
2025-11-13,-0.01062051,-0.00631713,-0.00495711,-0.01676057,-0.01659403
2025-11-14,-0.00040166,-0.00179168,-0.00975895,-0.00891091,-0.00016386
2025-11-17,-0.00932434,-0.00551043,-0.01872874,-0.01895172,-0.00931634
2025-11-18,-0.00113654,-0.00361929,0.01303300,-0.00313745,-0.00839755
2025-11-19,0.03005923,0.00701404,0.01809163,0.00451107,0.00386324
2025-11-20,0.01297396,0.02346962,0.01822899,-0.00695266,-0.01524228
2025-11-21,0.02833770,0.06322332,0.06336406,0.04933674,0.00996129
2025-11-24,0.02732645,0.01229371,0.00485838,0.00459191,0.01471846
2025-11-25,-0.08816610,-0.07553613,-0.00250148,0.04291742,0.00940604
2025-11-26,-0.02344112,0.03083333,0.02066825,0.02594021,0.00690336
2025-11-28,-0.00243794,-0.02730636,-0.00853708,-0.00032811,0.00545846
2025-12-01,-0.03116329,-0.01156721,-0.01373025,-0.00809159,-0.00456543
2025-12-02,0.01026242,0.01881458,-0.00482165,-0.00473660,0.00185216
2025-12-03,0.00603038,-0.00722389,0.00703163,0.01002140,0.00346284
2025-12-04,-0.00208651,-0.01909828,-0.00376347,-0.00094960,0.00073115
2025-12-05,-0.00655105,0.01314646,-0.00705472,-0.00474531,0.00189942
2025-12-08,-0.01470283,-0.00893730,-0.01941383,-0.01421770,-0.00300420
2025-12-09,-0.00399742,0.01086538,0.01055748,0.01789294,-0.00086310
2025-12-10,0.02934127,0.04357313,0.03679953,0.01721794,0.00663218
2025-12-11,0.01027693,0.01976830,0.02003405,0.01177695,0.00232689
2025-12-12,0.01038243,0.06116132,0.01825822,0.00444964,-0.01075201
2025-12-15,-0.00043624,0.00732330,0.01384465,0.00277799,-0.00151085
2025-12-16,-0.01934095,-0.01242064,-0.02038457,-0.00650095,-0.00273227
2025-12-17,-0.00188199,0.01139976,0.00030904,-0.00647235,-0.01100347
2025-12-18,-0.00821447,0.01104343,-0.01009711,0.00047849,0.00755118
2025-12-19,-0.01436026,-0.02429884,-0.00940602,0.00336769,0.00906349
2025-12-22,-0.00415742,-0.00212228,-0.01083533,0.00053233,0.00622991
2025-12-23,0.02399956,0.01423669,0.00602681,0.00636961,0.00457043
2025-12-24,0.00152280,0.00768081,0.00477715,0.01520457,0.00351765
2025-12-26,-0.00577783,-0.01120677,-0.01303155,-0.01509100,-0.00010139
2025-12-29,-0.02165900,-0.00052099,-0.01729256,-0.00886800,-0.00356368
2025-12-30,0.02125948,0.02109905,0.00849596,-0.00318363,-0.00122121
2025-12-31,0.01146712,0.01281842,0.00795342,-0.00643952,-0.00740890
2026-01-02,-0.00275959,-0.00911572,-0.00314974,0.00014444,0.00183303
2026-01-05,0.00494467,0.01657330,0.00430417,0.01238213,0.00666018
2026-01-06,-0.00348156,0.00654766,0.02133650,0.03410852,0.00594726
2026-01-07,-0.00325979,-0.00976975,-0.00870635,-0.01438279,-0.00322350
2026-01-08,-0.00507763,-0.00450734,0.01388970,0.01598985,-0.00010151
2026-01-09,0.02357517,0.02159373,0.00049656,-0.00796173,0.00661348
2026-01-12,0.04565412,0.01800126,-0.01722396,-0.02327118,0.00157034
2026-01-13,-0.00808278,0.00705139,-0.00676271,-0.00885968,-0.00199952
2026-01-14,0.03732749,0.00807393,0.02323074,-0.00817729,-0.00491531
2026-01-15,0.00619350,0.01373426,0.01651101,0.01242233,0.00272329
2026-01-16,-0.00394888,0.00399025,-0.01378011,-0.01526611,-0.00083776
2026-01-20,0.01703010,-0.00819145,0.02153551,-0.01548719,-0.02035683
2026-01-21,0.02022215,0.00835399,0.01166457,0.01019973,0.01154117
2026-01-22,0.00295515,0.00008753,-0.00093154,0.00483922,0.00522303
2026-01-23,-0.00436205,0.01372081,-0.02056075,-0.02279426,0.00036283
2026-01-26,-0.00969026,0.00421897,-0.01482541,-0.00623296,0.00507817
2026-01-27,0.00218979,-0.00219436,-0.00298105,-0.00765319,0.00398429
2026-01-28,-0.00854379,0.00633120,-0.01715607,-0.01808770,-0.00010065
2026-01-29,-0.01025855,-0.02309584,-0.00188999,-0.00336611,-0.00198444
2026-01-30,-0.00022275,0.02367934,-0.00133977,-0.00598909,-0.00298253
2026-02-02,-0.00755080,0.00953573,-0.00118617,0.01274964,0.00497121
2026-02-03,-0.01400934,-0.00985375,-0.01469215,-0.03186822,-0.00845533
2026-02-04,-0.01263738,0.00862707,0.00486081,0.00745442,-0.00484384
2026-02-05,-0.00607851,0.00264892,-0.02342278,-0.03615279,-0.01248937
2026-02-06,0.03960316,-0.00921340,0.02771015,0.02847248,0.01918495
2026-02-09,0.03387683,0.02864341,-0.01250675,-0.02010503,0.00482176
2026-02-10,0.01782814,0.04184433,0.00405565,-0.00880851,-0.00263714
2026-02-11,0.00581497,-0.01388676,-0.00369658,-0.00970169,-0.00023116
2026-02-12,-0.00559441,-0.00241905,-0.00565951,-0.01895844,-0.01544891
2026-02-13,0.01915325,0.04045009,0.03787439,0.02736504,0.00070462
2026-02-17,-0.00502843,0.00426480,0.00271452,0.00276619,0.00161343
2026-02-18,0.03084051,0.02689307,0.02970889,0.02085746,0.00503770
2026-02-19,0.02447176,0.03984938,0.02135807,0.00979959,-0.00263744
2026-02-20,-0.01180019,-0.00305988,-0.01628909,-0.00357521,0.00723183
2026-02-23,0.01044962,-0.00147244,-0.00208595,-0.01971719,-0.01021130
2026-02-24,0.01141732,0.02834373,-0.00569389,-0.00410232,0.00726859
2026-02-25,0.00289950,0.00438366,-0.00605186,-0.00061167,0.00843814
2026-02-26,-0.01450532,0.00635491,0.01546299,0.02385424,-0.00555440
2026-02-27,0.01273641,0.01098214,0.00289642,-0.03165408,-0.00480191
2026-03-02,-0.01820833,-0.04642373,-0.01119526,-0.00708598,0.00056859
2026-03-03,-0.01415981,-0.00147905,-0.01307473,-0.00977396,-0.00881436
2026-03-04,0.01028599,-0.04346674,0.00847759,0.02427072,0.00705543
2026-03-05,0.01131053,0.02449122,-0.01173632,-0.01700830,-0.00557569
2026-03-06,0.02684095,0.02790795,0.00103908,-0.02303832,-0.01310699
2026-03-09,-0.04507205,-0.06402059,0.00799650,0.02857083,0.00875985
2026-03-10,0.01333139,0.04808791,0.03243873,0.01226661,-0.00160711
2026-03-11,-0.00591660,-0.05109083,0.02164696,0.01664699,-0.00125507
2026-03-12,0.00051597,0.02174580,-0.02394475,-0.03412776,-0.01518493
2026-03-13,0.00535585,-0.01859637,0.01310612,0.00275709,-0.00566015
2026-03-16,0.03154428,0.02870138,0.03480113,0.02406197,0.01017678
2026-03-17,-0.00291324,0.00433572,-0.00014569,0.00544644,0.00263064
2026-03-18,-0.01202618,-0.00211872,-0.02136738,-0.02423114,-0.01395363
2026-03-19,-0.02596618,-0.02145906,-0.00045970,0.00871600,-0.00246436
2026-03-20,0.02382815,0.02969560,0.00508833,-0.02069128,-0.01433587
2026-03-23,-0.00180460,-0.00788734,-0.00428611,0.00798334,0.01050006
2026-03-24,-0.00531131,0.00871075,-0.00409939,-0.00656152,-0.00335682
2026-03-25,0.00848573,0.02303954,-0.00454219,0.00196235,0.00557281
2026-03-26,-0.01182965,-0.00794776,0.00702316,-0.00832438,-0.01785871
2026-03-27,-0.00338725,-0.00557147,-0.01295699,-0.02773344,-0.01705192
2026-03-30,0.01522770,0.00984442,0.00321104,-0.00276675,-0.00334347
2026-03-31,-0.02742720,-0.01921147,-0.01259859,0.02788463,0.02906793
2026-04-01,-0.00398858,0.01681022,-0.01262436,-0.00012137,0.00753443
2026-04-02,0.01016405,0.00093999,0.00579747,0.00044645,0.00090054
2026-04-06,-0.03578214,-0.02158744,-0.00488006,0.01384484,0.00472670
2026-04-07,-0.01457564,-0.02643055,-0.02062712,-0.00758489,0.00044007
2026-04-08,0.00598323,0.03463949,0.00730329,0.02356935,0.02546960
2026-04-09,-0.04042342,-0.02132663,-0.02261126,-0.00864561,0.00576910
2026-04-10,0.00398815,-0.01281897,-0.01139360,-0.01888210,-0.00066179
2026-04-13,0.05973487,0.01701772,0.03719487,0.01660371,0.00977234
2026-04-14,0.03782217,0.04101309,0.01216263,0.00796425,0.01218492
2026-04-15,0.00351994,0.00460504,0.02588140,0.02628868,0.00789104
2026-04-16,-0.02269766,-0.03278461,-0.00613551,0.00744947,0.00245731
2026-04-17,-0.02688204,-0.02721966,0.00965967,0.02727886,0.01208571
2026-04-20,0.03999308,-0.00145565,0.06774431,0.03734771,-0.00199978
2026-04-21,-0.01938429,0.00000697,-0.03594854,-0.02595780,-0.00654688
2026-04-22,0.01328028,0.00826002,-0.01545808,-0.00972740,0.01012668
2026-04-23,0.00994022,0.00081150,-0.01002157,-0.01591127,-0.00388072
2026-04-24,-0.01259584,-0.02810537,-0.00688727,0.00830980,0.00774924
2026-04-27,0.02645199,0.04022329,0.00775004,-0.00377662,0.00172294
2026-04-28,0.03652227,0.03657936,0.01156691,-0.00982688,-0.00486598
2026-04-29,0.01148434,0.00999836,-0.01076180,-0.01446868,-0.00015463
2026-04-30,0.01711756,0.00386372,0.02889825,0.02385982,0.00994969
2026-05-01,0.00523882,-0.01301065,0.00019863,0.00223019,0.00276906
2026-05-04,0.02742908,0.01120601,0.01140417,-0.00943426,-0.00366338
2026-05-05,-0.04878583,0.02998927,-0.06573036,-0.01863366,0.00802224
2026-05-06,0.02435905,0.02891719,0.02458580,0.02257360,0.01389942
2026-05-07,-0.02454440,-0.00852715,-0.04150877,-0.03243850,-0.00306609
2026-05-08,0.02253038,0.02648760,-0.00055784,0.00160726,0.00825605
2026-05-11,0.01070837,0.01996119,-0.03474542,-0.03361167,0.00227756
2026-05-12,0.02203054,0.02142003,-0.00516969,-0.01414176,-0.00151490
2026-05-13,0.00321474,-0.00891569,-0.02297683,-0.01490847,0.00559485
2026-05-14,-0.00967661,0.00013570,-0.01306535,0.00378924,0.00789425
2026-05-15,-0.00260185,-0.00619491,0.00809479,-0.00839249,-0.01202929
2026-05-18,0.01190252,0.03753238,-0.00468007,-0.00538863,-0.00070351
2026-05-19,-0.01281553,-0.02725211,0.00341436,-0.00014789,-0.00666088
2026-05-20,-0.03960023,-0.01712228,-0.00411378,0.02241575,0.01024903
2026-05-21,-0.02541368,-0.01230422,-0.00752686,0.01195108,0.00198313
2026-05-22,-0.00136689,-0.00548411,-0.00357057,0.00566431,0.00393157
2026-05-26,0.00498642,0.01084934,-0.00012366,0.00357049,0.00663859
2026-05-27,0.00301248,0.00633546,0.03112181,0.01922256,-0.00017326
2026-05-28,0.03231450,0.02202927,0.03366403,0.02722381,0.00551663
2026-05-29,0.03796523,0.04640330,-0.01187489,-0.01792228,0.00249141
2026-06-01,-0.00638638,-0.03897099,-0.00582962,0.00242377,0.00272306
2026-06-02,-0.02964392,-0.00634828,-0.02139599,-0.00629973,0.00135800
2026-06-03,-0.02609751,-0.02460337,-0.01765795,-0.01255651,-0.00701716
2026-06-04,0.02425690,0.00292043,0.01906488,0.01124862,0.00377863
2026-06-05,0.00213477,-0.00584044,0.03051505,-0.01427451,-0.02580937
2026-06-08,-0.01157281,-0.00016607,-0.00213573,0.00313335,0.00226422
2026-06-09,-0.03695567,-0.03549800,-0.00187682,0.02268464,-0.00293544
2026-06-10,-0.01276464,0.00856033,0.01878533,-0.00324562,-0.01576559
2026-06-11,-0.01641708,0.00772037,0.00242085,0.02870088,0.01699686
2026-06-12,-0.01573800,0.00082430,-0.02076131,-0.01070905,0.00540821
2026-06-15,-0.01181821,-0.02567279,-0.02869764,0.00804171,0.01763401
2026-06-16,0.00542505,-0.02384731,0.00368926,-0.00346894,-0.00596158
2026-06-17,0.03640945,0.00818183,0.01968769,-0.01406419,-0.01248789
2026-06-18,-0.02068997,-0.04989279,-0.00377440,0.02776606,0.01039698
2026-06-22,-0.00545350,-0.00854780,-0.02756678,-0.02580368,-0.00314693
2026-06-23,0.01883140,0.01994072,0.03977103,0.01585115,-0.01452201
2026-06-24,-0.01420914,-0.00079845,0.01820428,0.02496538,-0.00046350
2026-06-25,0.02496083,0.00654969,-0.00467434,-0.01129023,0.00144564
2026-06-26,0.01474448,-0.01346455,0.03800826,0.02495686,-0.00723133
2026-06-29,0.03730435,0.01736064,-0.01617550,-0.00267726,0.01647481
2026-06-30,0.00460812,0.00561767,-0.01214180,0.00376215,0.00778682
2026-07-01,0.02964901,-0.00542609,0.03750385,0.02492919,-0.00135250
2026-07-02,0.02012894,0.02208746,0.02444883,0.01447558,-0.00131405
2026-07-06,0.00269083,-0.00051589,-0.01038348,-0.00979920,0.00872739
2026-07-07,0.01309654,0.01497080,0.01020761,0.00024647,-0.00475189
2026-07-08,-0.01980606,-0.01264092,-0.02783749,-0.02385717,-0.00308941
2026-07-09,0.02106118,0.02820716,0.01329014,0.00958366,0.00846526
2026-07-10,0.01426825,0.00801059,0.00847104,0.00865471,0.00431012
2026-07-13,0.03140357,0.01193131,0.04227620,0.01510202,-0.00765614
2026-07-14,-0.02967198,-0.03510700,-0.03040599,-0.01603880,0.00355064
2026-07-15,-0.01505557,-0.03336551,0.00108333,0.01214565,0.00396363
2026-07-16,0.00213492,0.02132019,0.01229700,0.00607978,-0.00541862
2026-07-17,0.02561976,-0.03234208,0.02296373,-0.00921296,-0.00989720
2026-07-20,-0.00586747,0.00628647,0.00204834,-0.00103014,-0.00161435
2026-07-21,-0.00188564,-0.01500591,-0.02335057,-0.00630010,0.00834133
2026-07-22,-0.01870139,0.00040068,-0.02840134,-0.01538208,-0.00116277
2026-07-23,0.00414441,-0.01828809,0.00620314,-0.01431912,-0.01234925
2026-07-24,0.01194649,0.03355151,-0.00211331,-0.00424783,0.00101597
2026-07-27,-0.01837279,-0.00192813,0.01413965,0.02587038,0.00021662
2026-07-28,0.00148137,-0.00611653,0.01730334,0.02322493,0.00239477
2026-07-29,0.00001367,0.01215696,0.00644722,-0.01270343,-0.01538745
2026-07-30,-0.04777152,-0.00708752,-0.06788387,-0.01813265,0.01676574
2026-07-31,-0.00302530,-0.01592937,-0.01876990,-0.00934153,0.00719987
2026-08-03,-0.01210230,0.00845730,-0.00189858,0.03457526,0.01424299
2026-08-04,-0.02034940,-0.01557485,-0.02940054,0.00123717,0.01802895
2026-08-05,0.04232933,-0.01527520,0.04514146,0.01262312,-0.00199656
2026-08-06,0.00203608,0.01524200,-0.02233859,-0.02131568,-0.00159781
2026-08-07,0.01720717,-0.00558840,0.01776006,0.00536618,0.00611533
2026-08-10,-0.00385562,0.01162941,0.00449893,0.00217114,-0.00029744
2026-08-11,-0.00091036,0.00885380,-0.01532545,-0.01271887,-0.00319520
2026-08-12,-0.00481877,-0.01957023,-0.02257263,-0.01546631,0.00250461
2026-08-13,0.02619999,0.02295874,0.01284208,0.00463380,0.00697752
2026-08-14,-0.02469388,-0.01111112,-0.01882600,-0.00381028,-0.00197975
2026-08-17,-0.01498957,-0.02617384,-0.01601113,-0.01471160,-0.00472736
2026-08-18,0.00068011,0.00432218,0.00466202,-0.00013191,-0.00675574
2026-08-19,0.01151001,-0.00457596,0.02827766,0.02202239,0.00209778
2026-08-20,-0.00405212,-0.01087092,-0.00421291,-0.01244340,-0.00839983
2026-08-21,-0.01757434,-0.00915507,-0.00483804,0.01491864,0.00409123
2026-08-24,0.00050410,0.02515827,-0.00320998,-0.00292691,-0.00293844
2026-08-25,0.00893579,0.00798765,-0.00072710,-0.00280459,0.00319594
2026-08-26,-0.00664867,0.00763225,0.00641827,0.02562932,0.00022201
2026-08-27,0.00192474,-0.01369158,-0.01689187,-0.01338259,0.00655284
2026-08-28,-0.01932456,0.01750462,-0.00394268,0.01109123,-0.00226949
2026-08-31,0.00830456,0.00297863,0.00050313,-0.01163711,-0.00298955
2026-09-01,-0.00017264,-0.00553429,-0.00959633,-0.01556457,-0.00687041
2026-09-02,0.01964049,0.02099304,0.01851144,0.01167529,0.00443692
2026-09-03,0.00430722,0.00476058,-0.00996671,0.00384179,0.01046842
2026-09-04,-0.00669968,-0.04481359,-0.00453219,-0.01138978,-0.00385423
2026-09-08,0.00236986,0.00329732,-0.00345882,-0.01027060,-0.00549218
2026-09-09,0.01067769,-0.03032621,-0.02635884,-0.02651442,-0.00464772
2026-09-10,0.02175732,0.01464362,0.02008610,-0.00606324,-0.00599428
2026-09-11,-0.01034705,-0.01137659,-0.00435499,0.00644461,0.00852430
2026-09-14,0.04824802,0.01280518,0.05277921,0.01787651,-0.00446165
2026-09-15,0.02369623,-0.00039481,0.01046502,-0.00637378,-0.00458675
2026-09-16,-0.00404583,-0.00051389,-0.00502613,-0.00492421,-0.00440988
2026-09-17,-0.00107336,0.01825568,-0.00776477,0.00337568,0.01133875
2026-09-18,-0.00154493,-0.00833974,-0.00955193,-0.00650530,0.00128696
2026-09-21,-0.01863177,0.00005463,-0.02073392,0.00491422,0.01550499
2026-09-22,0.00588513,0.00736034,0.00523173,0.00629919,-0.00015513
2026-09-23,0.00143818,0.00653974,-0.01835796,-0.02335929,-0.00720216
2026-09-24,-0.02157096,-0.02276753,-0.01385349,-0.00255012,-0.00082052
2026-09-25,-0.01043052,-0.00996268,-0.00396898,0.00914926,0.00543547
2026-09-28,-0.00427132,0.01068750,0.00123021,-0.00299099,-0.00744149
2026-09-29,-0.03562708,-0.01881191,-0.01005737,0.00166022,-0.00184163
2026-09-30,-0.00441265,-0.01195286,0.00689437,0.00069288,-0.00205445
2026-10-01,-0.04212909,-0.03554423,-0.03872617,-0.00800150,0.00178328
