Portfolio,Period,Start,End,CAGR,Vol,Sharpe,MaxDD,HitRate,Years,TurnoverPerRebal
LS,Full,2021-01-04,2026-10-01,-0.167290,0.372985,-0.303104,-0.747873,0.503119,5.726190,0.771045
LS_BN,Full,2021-01-04,2026-10-01,-0.144770,0.431785,-0.135590,-0.770083,0.523909,5.726190,1.100520
LongHedged,Full,2021-01-04,2026-10-01,-0.112542,0.239215,-0.379486,-0.565443,0.483714,5.726190,0.449309
EW,Full,2021-01-04,2026-10-01,0.050510,0.263910,0.318338,-0.446260,0.501733,5.726190,0.109071
SPY,Full,2021-01-04,2026-10-01,0.150933,0.166367,0.928157,-0.244964,0.541927,5.726190,
LS,IS,2021-01-04,2023-12-29,-0.242360,0.377598,-0.545045,-0.584876,0.495352,2.988095,0.863592
LS_BN,IS,2021-01-04,2023-12-29,-0.381683,0.415686,-0.934716,-0.770083,0.504648,2.988095,1.240211
LongHedged,IS,2021-01-04,2023-12-29,-0.067699,0.201091,-0.248335,-0.480728,0.495352,2.988095,0.508486
EW,IS,2021-01-04,2023-12-29,0.098422,0.269990,0.482445,-0.446260,0.517928,2.988095,0.130399
SPY,IS,2021-01-04,2023-12-29,0.104930,0.175851,0.655424,-0.244964,0.524568,2.988095,1.000000
LS,OOS,2024-01-02,2026-10-01,-0.076852,0.368053,-0.032141,-0.520222,0.511594,2.738095,0.709199
LS_BN,OOS,2024-01-02,2026-10-01,0.218476,0.447898,0.673340,-0.543148,0.544928,2.738095,0.979068
LongHedged,OOS,2024-01-02,2026-10-01,-0.159021,0.274978,-0.492217,-0.423888,0.471014,2.738095,0.419493
EW,OOS,2024-01-02,2026-10-01,0.000605,0.257270,0.130401,-0.270048,0.484058,2.738095,0.112693
SPY,OOS,2024-01-02,2026-10-01,0.203324,0.155440,1.268314,-0.187552,0.560870,2.738095,
