signal_date,hold_from,hold_to,IC,IC_BN,n_names
2020-12-31,2021-01-04,2021-02-01,0.134066,-0.377195,14
2021-01-29,2021-02-01,2021-03-01,-0.824176,-0.626474,14
2021-02-26,2021-03-01,2021-04-01,-0.393407,0.194495,14
2021-03-31,2021-04-01,2021-05-03,-0.415385,0.260550,14
2021-04-30,2021-05-03,2021-06-01,0.200000,0.525819,14
2021-05-28,2021-06-01,2021-07-01,0.094505,0.251114,14
2021-06-30,2021-07-01,2021-08-02,0.289286,0.268667,15
2021-07-30,2021-08-02,2021-09-01,0.075000,0.153421,15
2021-08-31,2021-09-01,2021-10-01,-0.178571,0.060264,15
2021-09-30,2021-10-01,2021-11-01,0.021429,0.295798,15
2021-10-29,2021-11-01,2021-12-01,0.029412,-0.005122,16
2021-11-30,2021-12-01,2022-01-03,-0.170588,-0.567038,16
2021-12-31,2022-01-03,2022-02-01,-0.188235,-0.227394,16
2022-01-31,2022-02-01,2022-03-01,0.308824,0.021158,16
2022-02-28,2022-03-01,2022-04-01,0.517647,0.206236,16
2022-03-31,2022-04-01,2022-05-02,-0.388235,-0.196214,16
2022-04-29,2022-05-02,2022-06-01,0.527348,0.196491,18
2022-05-31,2022-06-01,2022-07-01,0.611971,0.421053,18
2022-06-30,2022-07-01,2022-08-01,0.079463,0.466667,18
2022-07-29,2022-08-01,2022-09-01,-0.207430,-0.175439,18
2022-08-31,2022-09-01,2022-10-03,-0.001032,0.203509,18
2022-09-30,2022-10-03,2022-11-01,-0.475748,-0.007018,18
2022-10-31,2022-11-01,2022-12-01,-0.164087,-0.180702,18
2022-11-30,2022-12-01,2023-01-03,0.368421,0.243860,18
2022-12-30,2023-01-03,2023-02-01,-0.362229,-0.357895,18
2023-01-31,2023-02-01,2023-03-01,0.366357,-0.028070,18
2023-02-28,2023-03-01,2023-04-03,0.508772,0.149123,18
2023-03-31,2023-04-03,2023-05-01,0.527348,0.475439,18
2023-04-28,2023-05-01,2023-06-01,-0.009288,-0.087719,18
2023-05-31,2023-06-01,2023-07-03,-0.459236,-0.228070,18
2023-06-30,2023-07-03,2023-08-01,-0.523220,-0.301754,18
2023-07-31,2023-08-01,2023-09-01,0.197110,-0.191228,18
2023-08-31,2023-09-01,2023-10-02,0.077399,0.108772,18
2023-09-29,2023-10-02,2023-11-01,-0.069143,-0.159649,18
2023-10-31,2023-11-01,2023-12-01,-0.124871,0.028070,18
2023-11-30,2023-12-01,2024-01-02,-0.475748,-0.266667,18
2023-12-29,2024-01-02,2024-02-01,0.667699,0.343860,18
2024-01-31,2024-02-01,2024-03-01,-0.083591,0.140351,18
2024-02-29,2024-03-01,2024-04-01,-0.232198,-0.252632,18
2024-03-28,2024-04-01,2024-05-01,0.151703,-0.019298,18
2024-04-30,2024-05-01,2024-06-03,-0.135191,-0.124561,18
2024-05-31,2024-06-03,2024-07-01,0.469556,0.524561,18
2024-06-28,2024-07-01,2024-08-01,-0.106295,-0.531579,18
2024-07-31,2024-08-01,2024-09-03,0.630547,0.575439,18
2024-08-30,2024-09-03,2024-10-01,-0.279670,-0.056140,18
2024-09-30,2024-10-01,2024-11-01,0.197110,0.291228,18
2024-10-31,2024-11-01,2024-12-02,0.021672,0.435088,18
2024-11-29,2024-12-02,2025-01-02,0.401445,0.235088,18
2024-12-31,2025-01-02,2025-02-03,0.147575,0.212281,18
2025-01-31,2025-02-03,2025-03-03,-0.349845,-0.636842,18
2025-02-28,2025-03-03,2025-04-01,-0.166151,-0.384211,18
2025-03-31,2025-04-01,2025-05-01,0.042312,0.275439,18
2025-04-30,2025-05-01,2025-06-02,-0.153767,0.063158,18
2025-05-30,2025-06-02,2025-07-01,0.089783,-0.321053,18
2025-06-30,2025-07-01,2025-08-01,0.232198,0.031579,18
2025-07-31,2025-08-01,2025-09-02,0.120743,-0.007018,18
2025-08-29,2025-09-02,2025-10-01,-0.108359,-0.087719,18
2025-09-30,2025-10-01,2025-11-03,0.209494,0.387719,18
2025-10-31,2025-11-03,2025-12-01,-0.263158,-0.331579,18
2025-11-28,2025-12-01,2026-01-02,0.298246,0.431579,18
2025-12-31,2026-01-02,2026-02-02,0.331269,0.331579,18
2026-01-30,2026-02-02,2026-03-02,0.304438,0.284211,18
2026-02-27,2026-03-02,2026-04-01,-0.009288,0.091228,18
2026-03-31,2026-04-01,2026-05-01,0.469556,0.056140,18
2026-04-30,2026-05-01,2026-06-01,0.248710,0.391228,18
2026-05-29,2026-06-01,2026-07-01,-0.023736,-0.394737,18
2026-06-30,2026-07-01,2026-08-03,-0.034056,0.363158,18
2026-07-31,2026-08-03,2026-09-01,-0.025800,0.096491,18
2026-08-31,2026-09-01,2026-10-01,-0.112487,-0.152632,18
