LS_full,LS_is,LS_oos,LS_BN_full,LS_BN_is,LS_BN_oos
-1.0633,-0.9164,-1.2034,-0.0635,0.4824,-0.4911
0.0142,0.3783,-0.2935,-0.2394,-0.3913,-0.0808
-0.4098,-0.1266,-0.6876,-0.5662,0.0341,-1.1000
-0.8907,-0.9448,-0.8270,-0.8134,-0.7528,-0.8822
0.0285,-0.2508,0.2876,-0.2398,-0.8184,0.4261
-1.0692,-0.9665,-1.1991,-1.0822,-0.7006,-1.4724
0.1873,0.4173,-0.0184,0.3490,0.8273,-0.0957
0.0543,0.3450,-0.1935,-0.3357,-0.6860,0.0042
-0.6139,-1.1998,0.1112,-0.1267,-1.1357,0.9114
-0.7869,-0.6822,-0.9218,-0.0641,0.1162,-0.2621
-0.1033,-0.4991,0.2394,-0.2651,-0.7698,0.2067
-0.3060,-0.8045,0.1209,-0.1600,-0.6019,0.2474
0.0953,0.3622,-0.1573,0.2388,0.7623,-0.2116
-0.2605,0.0060,-0.4721,0.1314,0.2803,-0.0087
-0.4597,-0.9308,0.1370,-0.2971,-1.0120,0.5463
-1.2430,-0.8648,-1.7271,-0.9149,-0.9246,-0.9078
-0.9307,-1.2397,-0.5601,-0.6407,-0.4487,-0.8463
0.5307,0.3912,0.6680,0.4532,0.2081,0.6829
-0.2186,0.0462,-0.4546,-0.9958,-1.1841,-0.7747
0.5215,0.5911,0.4510,-0.4758,-0.9810,0.0960
0.2850,0.4045,0.1717,-0.1105,0.6465,-0.7504
-0.1951,0.0244,-0.4306,0.1174,0.5245,-0.2422
0.2255,0.4188,0.0738,0.4465,0.4265,0.4733
0.0391,-0.1042,0.1757,0.0357,0.3424,-0.2056
-0.2078,-0.2502,-0.1678,-0.2111,-0.1148,-0.3012
1.2945,0.7149,1.8823,0.6555,0.3286,0.9558
0.2536,0.4625,0.0330,0.0481,0.4917,-0.4196
-0.0470,0.0916,-0.1790,0.0313,-0.2216,0.3127
-1.4718,-1.7717,-1.0897,-0.9015,-0.6038,-1.1683
-0.5349,-1.2932,0.5559,-0.7036,-1.3751,0.0800
-0.2894,-0.4747,-0.1061,-0.2308,-0.9426,0.5755
-0.2966,-0.5922,0.0269,-0.0453,-0.0043,-0.0893
0.4450,-0.1969,0.9753,0.4578,0.5432,0.3879
1.3183,1.4957,1.1307,1.0835,1.3716,0.8191
0.1666,0.6693,-0.2515,0.3005,0.3048,0.2987
-0.5354,-1.0774,0.1534,-0.2957,-0.8267,0.2319
0.8501,0.1290,1.5650,0.8348,0.1651,1.3975
-0.1009,0.5790,-0.7989,-0.0730,-0.0042,-0.1361
0.6232,0.1369,1.0751,-0.0414,0.2728,-0.3005
-0.2345,-0.2663,-0.2094,-0.5266,-1.2369,0.2367
-0.1762,0.3672,-0.7020,-0.6109,0.1972,-1.3077
-0.3012,-1.0831,0.4238,0.4257,-0.0133,0.8193
-0.0014,-0.4760,0.4655,0.3134,0.6806,-0.0235
-0.6096,-1.1731,-0.0719,-0.4689,-1.6199,0.6848
1.2371,1.4352,1.0518,0.5892,0.5953,0.5914
0.6402,0.3721,0.9211,0.3246,0.4402,0.2235
0.5157,0.5726,0.4771,0.3734,0.9638,-0.1501
-0.5600,0.1929,-1.2375,-0.1478,0.6793,-0.9288
-0.3047,-0.5242,0.0115,0.1539,0.1258,0.1839
-0.3675,1.0541,-1.6226,-0.3480,0.6382,-1.0845
0.3555,0.1549,0.5328,0.5549,0.9417,0.2048
0.0326,-0.4329,0.4762,-0.0778,0.2368,-0.3763
-0.3139,-0.4921,-0.0875,-0.8856,-0.9758,-0.7864
-0.1095,0.2133,-0.4285,0.0269,0.4553,-0.3392
-0.6084,-1.1212,-0.2160,-1.0597,-1.5825,-0.5431
-0.0962,-0.7057,0.5375,-0.4113,-1.2179,0.4478
-0.4534,-0.8021,-0.0098,-0.2737,-0.5909,0.0719
-0.4900,-0.2306,-0.7357,-0.0531,1.2447,-1.2308
0.1507,-0.3616,0.6158,0.5918,0.0444,1.0918
-0.4285,-0.9031,0.1536,0.0764,-0.3575,0.5299
-0.9814,-1.2640,-0.6735,-0.6115,-0.9233,-0.2948
-0.4804,-1.0383,0.0590,-0.6816,-1.2418,-0.0087
-0.9452,-1.1780,-0.6790,-1.0904,-1.0372,-1.1449
-0.5165,-1.2678,0.3856,-0.2058,-0.9204,0.5537
-0.1911,-0.7053,0.3528,-0.5064,-1.5284,0.4448
0.3858,0.5221,0.2579,-0.0827,0.0170,-0.1753
-0.4215,-0.5802,-0.2921,-0.1744,-0.4035,0.0252
-0.3574,-0.3952,-0.3144,-0.6466,-0.3655,-0.9022
0.1263,1.2063,-0.7650,-0.1221,0.1662,-0.3875
-0.1540,-0.9694,0.8045,-0.0263,-0.6265,0.6416
-0.5327,-1.2329,0.1180,-0.2457,-0.3691,-0.1334
-0.4386,-0.1049,-0.7623,-1.0588,-1.3053,-0.7534
-0.2605,-0.0836,-0.4238,-0.4525,-0.9298,0.0672
0.0086,0.3139,-0.2658,-0.4213,-0.1184,-0.7112
0.2560,-0.4479,0.8932,-0.4091,-1.0738,0.3329
1.0348,1.2414,0.8327,0.2715,0.5487,0.0109
-0.9512,-1.2355,-0.6164,-1.3990,-1.2773,-1.5230
0.1832,-0.2254,0.5059,0.1253,0.4235,-0.1543
-0.0331,0.0224,-0.0811,-0.4310,-0.8642,0.0085
-0.8018,-1.3739,0.0001,-0.3207,-0.3260,-0.3183
0.0569,0.1788,-0.0437,-0.1137,-0.2859,0.0574
0.3627,1.4348,-0.6131,-0.0714,0.9441,-0.8977
0.3707,0.8943,-0.0920,0.1124,-0.3033,0.5582
-0.6387,-0.7266,-0.5271,-0.4575,-0.7722,-0.1091
-0.4097,0.0607,-0.8897,-0.1226,0.1351,-0.3559
0.4334,0.8744,-0.0023,-0.0520,0.2372,-0.3122
-0.3761,-0.2660,-0.4742,-1.2773,-1.5738,-0.9522
-0.1179,0.0859,-0.3087,0.0310,-0.0525,0.1165
-0.7408,-1.4904,0.2550,-0.0463,-0.3486,0.2615
0.4773,0.7315,0.2594,-0.0700,-0.6788,0.5099
-0.5554,-0.6740,-0.3977,-0.6265,-0.7506,-0.4850
0.5206,0.5137,0.5277,0.6561,0.6382,0.6747
-0.0995,-0.6682,0.3843,-0.1745,-0.7292,0.3525
-0.0009,-0.4761,0.4262,0.0390,0.3712,-0.2989
-0.5893,-0.9122,-0.2270,-0.9716,-0.8611,-1.0802
-0.2677,-0.7356,0.1766,0.2395,-0.5068,0.9675
0.2045,0.9208,-0.5329,-0.5875,-0.4412,-0.7469
0.6736,1.1718,0.2551,0.2219,0.1702,0.2732
-0.0570,-1.2717,1.6544,0.7078,0.0646,1.3424
-0.1021,-0.0304,-0.1687,0.4529,1.2414,-0.2644
-0.2979,-0.0125,-0.5622,-0.2239,0.0413,-0.4456
-0.5360,0.2623,-1.2292,-0.7316,-0.1265,-1.4015
0.1511,0.1338,0.1690,0.3174,0.1021,0.5220
0.5094,0.8829,0.1349,0.6709,0.9489,0.3994
0.0023,-0.6322,0.6153,-0.8553,-1.2395,-0.4672
-0.0014,-0.7529,0.6242,0.1103,-0.1433,0.3748
0.5234,0.0731,0.9151,0.6028,0.9657,0.2829
0.0115,-0.2445,0.2693,0.2626,-0.5164,1.0507
-0.1311,0.3701,-0.6009,-0.5361,-0.6330,-0.4577
0.0236,0.3813,-0.3110,-0.4137,-0.2630,-0.5661
-0.2858,-0.7322,0.2647,-0.2675,-0.2218,-0.3127
0.0450,0.3015,-0.1884,-0.0865,0.1356,-0.2863
0.1406,0.0477,0.2339,-0.4914,-1.0782,0.1549
-0.7167,-1.1011,-0.3092,-0.2247,-0.7511,0.2738
-0.1113,-0.4744,0.2153,0.3683,0.2119,0.5083
0.2696,0.7801,-0.1684,-0.2939,-0.5371,-0.0569
0.0462,0.5966,-0.4591,0.4219,1.3775,-0.3371
-0.1083,-0.1024,-0.1145,-0.5458,-1.4494,0.3507
-0.3064,-0.2319,-0.3837,-0.3618,-0.4882,-0.2396
-0.3774,-0.6385,-0.1368,-0.3420,-0.8055,0.1376
0.8413,0.1610,1.5739,0.4130,-0.4026,1.3269
-0.5753,-1.3230,0.0840,-0.0195,-0.2221,0.1686
0.5530,0.4851,0.6184,-0.2283,-0.5311,0.0820
-0.0161,-0.2111,0.2314,0.2657,0.5188,0.0130
0.0988,0.0827,0.1140,0.0972,0.6499,-0.3851
-0.4564,0.0116,-0.8651,-1.1211,-1.0744,-1.1714
0.1954,-0.2792,0.5994,0.4117,-0.1114,0.9145
-0.8467,-1.3763,-0.2431,-0.4294,-1.1847,0.3855
-1.0638,-1.2737,-0.8284,-1.2365,-1.6324,-0.8671
-0.4450,-0.5433,-0.3218,-0.2566,-0.3087,-0.2041
-0.4381,-0.5195,-0.3297,-0.3806,-0.0563,-0.7047
0.1512,0.0779,0.2265,0.2853,-0.0473,0.5771
-0.3136,-1.1013,0.5993,-0.0184,-1.0778,1.1603
-0.5503,-0.7702,-0.3565,-0.0678,-0.2712,0.1212
-1.2682,-1.4417,-1.0555,-0.2774,0.0962,-0.6584
-0.2604,-0.5194,-0.0343,-0.6915,-0.4640,-0.9133
-0.2744,-0.0601,-0.4928,-1.2946,-1.3988,-1.1951
-1.0190,-0.9000,-1.1717,-0.7738,-0.8266,-0.7211
-0.6445,-1.3031,0.1400,-0.3734,-0.9719,0.2043
-1.4087,-1.8371,-0.8097,-1.1062,-1.7438,-0.3966
-0.0699,0.3184,-0.3638,0.2260,1.2286,-0.6808
-0.1842,0.9459,-1.0924,0.0369,1.0385,-0.7137
0.1792,-0.2898,0.6024,0.2120,0.2766,0.1484
-0.3141,0.5379,-1.1337,-0.1033,0.3829,-0.5402
-0.1346,-0.1540,-0.1105,0.1181,0.0155,0.2314
-0.6115,-0.7625,-0.4262,-0.7573,-0.9869,-0.5020
0.0634,0.4269,-0.2985,0.0621,0.1192,0.0120
-0.6999,-0.9414,-0.3778,0.0194,-0.1162,0.1407
-0.8091,-1.2717,-0.2140,0.1214,-0.0568,0.2915
0.3431,0.2114,0.4544,0.3739,-0.1926,0.9273
-0.2931,-0.3692,-0.1970,-0.0820,-0.0741,-0.0906
-0.5250,0.5116,-1.4076,-0.5643,-0.5998,-0.5266
-0.7603,-1.1397,-0.2694,-0.3779,-0.9993,0.2595
0.5018,-0.0614,1.0072,0.4036,1.1257,-0.1821
0.2402,0.8689,-0.3561,-0.6051,0.1140,-1.2915
0.0746,0.7863,-0.6428,-0.3083,-0.1325,-0.4789
-0.5088,0.6028,-1.4750,0.1781,0.9370,-0.4634
-0.8528,-0.6507,-1.0653,-0.5842,-0.8595,-0.2763
0.7206,1.0953,0.4489,0.1164,-0.3112,0.5474
0.4954,0.7622,0.2160,1.1056,1.3241,0.9008
-0.1075,0.4528,-0.5914,-0.1779,0.5454,-0.8375
-0.3353,-0.9464,0.4281,-0.1673,-1.4395,1.1658
-0.6876,-0.8615,-0.4774,-0.9311,-0.9090,-0.9563
0.2501,-0.0257,0.5820,-0.0435,-0.0726,-0.0109
-0.5307,-0.3198,-0.7228,-0.4821,-1.1864,0.2160
-0.1603,0.6542,-0.8597,-0.9735,-0.6866,-1.2671
0.1136,-0.5554,0.7316,-0.3872,0.0551,-0.7791
0.1559,0.8653,-0.4308,-0.1805,-0.0145,-0.3283
-0.7945,-0.3835,-1.1508,-1.0721,-1.4913,-0.6442
-0.3720,-0.5352,-0.2288,-0.7061,-1.5545,0.2102
0.1932,0.8262,-0.4169,0.0485,0.2495,-0.1335
-0.2934,0.0123,-0.6783,-0.4970,-0.6476,-0.3302
0.0013,-0.2215,0.2392,0.5112,0.4445,0.5749
-0.1668,-0.3462,-0.0026,0.3524,0.5427,0.1819
0.1280,0.4396,-0.2056,0.4282,0.8546,-0.0117
-0.0872,0.6165,-0.7902,-0.4194,0.1457,-0.9582
-0.1628,-0.3776,0.0967,-0.0605,-0.6728,0.5646
-0.7001,-0.7341,-0.6618,-0.2274,-0.1498,-0.3140
0.2991,0.3219,0.2846,-0.7005,-0.7877,-0.6192
-0.2253,0.6014,-1.0161,0.1862,0.3856,0.0071
-0.2693,-1.0706,0.5812,-0.7087,-1.1971,-0.2601
-0.2034,-0.3716,-0.0624,0.3872,0.1644,0.6031
-0.1931,0.5917,-0.8300,0.1311,1.0077,-0.6412
-0.1529,-0.4015,0.0546,0.1365,-0.0585,0.3084
0.2633,1.4543,-0.8869,0.0169,1.4740,-1.2176
-0.1446,0.3617,-0.6001,-0.2988,0.1591,-0.6779
-1.2242,-1.9257,-0.2542,-0.6197,-0.2250,-0.9705
0.3364,1.3830,-0.6461,0.3749,1.3836,-0.5194
-0.2282,-0.5548,0.2043,-0.0340,-0.0990,0.0345
0.3549,0.6749,0.0707,0.1538,0.4241,-0.0862
-0.1297,-0.4905,0.2833,-0.0544,0.0479,-0.1441
0.8759,0.3757,1.3707,0.7003,0.2388,1.1210
-0.5270,-1.1850,0.4636,0.3965,0.1359,0.6348
-0.2250,-0.2418,-0.2134,-0.1735,-0.2547,-0.0972
0.3071,0.2574,0.3615,-0.4606,-1.3149,0.3614
-0.1683,-0.3800,0.1248,0.6279,1.3543,-0.0223
-0.2630,0.4776,-0.8520,0.4913,1.6278,-0.5071
0.1512,0.5449,-0.2242,0.2130,1.3130,-0.6664
0.0354,-0.0994,0.1656,0.1851,-0.0850,0.4260
-0.2084,-0.1549,-0.2835,0.5356,1.5110,-0.3337
0.4781,0.8385,0.1828,0.8249,1.4043,0.3515
-0.2065,0.8759,-1.1302,0.1671,1.5923,-0.9398
0.0429,1.1901,-1.0056,-1.1429,-0.9707,-1.3176
-0.1266,0.8336,-0.9473,-0.3761,-0.5336,-0.2079
0.4278,-0.0197,0.8577,0.2389,-0.1697,0.6090
-0.0307,0.1912,-0.2509,-0.1233,0.5687,-0.7130
-0.4777,-0.0533,-0.8625,-1.2486,-0.9536,-1.5872
-0.2442,0.1977,-0.6275,-0.9640,-0.8805,-1.0471
-0.5390,-0.3988,-0.6693,-0.5149,-0.6273,-0.4130
-1.1504,-1.5204,-0.6842,-0.5785,-0.6937,-0.4394
0.3603,0.2037,0.5706,0.2288,0.4891,-0.0629
-0.2354,-0.6396,0.1009,-0.3198,0.3074,-0.8903
-0.1970,0.3337,-0.7117,0.1235,0.6753,-0.3590
-0.3446,-0.5346,-0.1107,-0.3013,-0.2703,-0.3331
0.1934,0.9039,-0.4422,-0.4645,0.5385,-1.2822
-0.6419,-0.6725,-0.6064,-0.4098,-0.1314,-0.7309
-0.3896,-0.4864,-0.2988,-0.7609,-1.4921,0.0427
0.1599,0.8280,-0.4701,0.2363,0.6075,-0.0639
0.6873,0.4197,0.9479,-0.1968,-0.9508,0.5615
-0.5599,-0.6723,-0.4359,-0.1220,-0.6206,0.3955
0.0546,0.2851,-0.1612,-0.2135,-0.1810,-0.2452
-0.4784,-0.5479,-0.3978,-0.6250,-0.6723,-0.5822
0.3603,0.8432,-0.0955,0.0363,0.7345,-0.5594
-0.3505,-0.5629,-0.0754,-0.5233,-0.5169,-0.5298
0.2058,0.3190,0.0958,-0.0208,0.3123,-0.3267
-0.1604,0.1514,-0.4261,-0.6945,-1.4854,0.1863
-0.1100,-0.1978,-0.0117,-1.0021,-1.0104,-0.9936
0.7555,0.8019,0.7055,0.2273,0.8745,-0.3408
0.2594,-0.1073,0.5890,-0.6139,-0.8568,-0.3462
-0.2213,-0.0428,-0.3765,0.7050,0.7059,0.7045
-0.3489,-0.7472,0.1543,-0.3008,-0.8039,0.2530
0.6056,0.8549,0.3778,0.1721,-0.1667,0.5507
-0.3743,-0.3741,-0.3782,0.0668,0.4562,-0.2637
0.0606,-0.1691,0.3363,0.2589,-0.2007,0.7014
0.6083,0.8130,0.4334,-0.2561,-0.6733,0.2140
-0.3962,-0.6444,-0.1967,-0.1886,-0.5819,0.2071
-0.2588,-0.1483,-0.3679,-0.1830,0.6476,-0.8782
-0.4116,-0.6877,-0.1697,-0.0649,-0.1372,0.0064
-0.0384,0.0476,-0.1210,-0.0942,0.4012,-0.5215
0.0677,0.0008,0.1299,0.7948,0.7561,0.8364
-0.2768,-0.3847,-0.1686,-0.0952,-0.5843,0.3721
-0.0424,0.0874,-0.1611,-0.8528,-0.7798,-0.9350
0.6735,0.3311,0.9784,-0.0434,-0.7140,0.6466
-0.0673,0.8225,-0.7898,-0.9393,-0.4088,-1.4337
-0.0341,0.5523,-0.4960,0.1691,0.8048,-0.4569
0.6713,1.6064,-0.1768,0.8914,2.2679,-0.3246
0.3594,-0.5750,1.5436,-0.0587,-0.8511,0.7770
-0.5366,-1.1440,0.2001,-0.5877,-1.4280,0.2277
0.7721,0.8671,0.6847,-0.3937,-0.4676,-0.3237
0.0840,0.0752,0.0934,-0.1392,0.1906,-0.4509
-0.0341,0.4738,-0.5276,0.1476,0.5521,-0.1807
-0.3000,0.3754,-0.9430,0.2019,1.0779,-0.5100
0.3327,0.4882,0.2036,0.2525,1.1106,-0.4507
-0.2588,-0.5735,0.0720,-0.3788,-0.6256,-0.1425
-0.4983,-0.1353,-0.7963,-0.7943,-0.5344,-1.0331
-0.3626,-0.9171,0.2751,-0.4241,-1.2000,0.3811
-0.1761,-0.0136,-0.3155,0.3385,0.6884,0.0238
-0.0332,0.0301,-0.0873,-0.7692,-0.8221,-0.7200
-0.0464,0.0456,-0.1333,0.3456,0.9416,-0.1849
-1.0213,-1.5750,-0.2745,-1.2765,-1.9023,-0.6492
0.2920,0.9942,-0.2764,0.7643,1.4122,0.2607
-0.3266,-0.5366,-0.1253,-0.0240,-0.1260,0.0607
-0.3847,-0.7937,0.1902,0.1824,0.3377,0.0309
-1.0239,-1.1482,-0.8726,-0.6434,-0.9534,-0.3556
0.3364,0.8501,-0.2480,0.1159,0.3266,-0.0843
0.6297,0.5070,0.7447,0.6805,0.9335,0.4749
-0.3418,-0.5308,-0.1806,-0.4611,-1.2402,0.3502
-0.3021,-0.4510,-0.1668,-0.0106,0.3548,-0.3193
0.3854,0.5315,0.2545,-0.8288,-0.7713,-0.8877
-0.7476,-1.0119,-0.5510,-0.5341,-0.1517,-0.8694
-0.8401,-0.5364,-1.2179,-1.0253,-0.5058,-1.5657
0.2784,-0.3344,0.7801,0.3190,-0.0153,0.6305
0.4236,0.7969,0.0534,0.2092,0.5673,-0.1026
0.9745,0.3861,1.5684,1.0228,0.5445,1.4582
-0.7409,-1.0818,-0.2967,-0.2294,-0.2201,-0.2390
-0.4053,-0.4605,-0.3693,-0.9442,-1.2943,-0.5482
-0.2824,-0.8382,0.2228,-0.7420,-1.9668,0.5452
0.0287,-0.4807,0.6098,0.4697,0.0866,0.8525
-0.3701,-0.1825,-0.5422,-0.4747,-0.7880,-0.1812
-0.0389,-0.3963,0.3140,0.1604,0.8361,-0.3698
0.1401,-0.6131,1.1327,0.0123,-0.1735,0.1968
-0.1366,-0.8616,0.7995,0.0026,-0.6901,0.8138
-0.7745,-0.5624,-0.9700,-0.1669,0.3884,-0.7257
0.3777,0.1648,0.6007,0.5042,0.9987,0.0763
0.0561,-0.1027,0.1974,-0.0320,0.5448,-0.5438
-0.0441,0.0828,-0.1478,-0.0883,1.0537,-1.0187
0.3326,1.2646,-0.5598,0.0970,0.6234,-0.3922
0.3001,-0.4331,0.9550,0.8711,0.6828,1.0475
-0.5862,-1.4114,0.5179,-0.1165,-1.0128,0.9755
-0.0510,-0.0928,-0.0084,-0.0881,-0.1366,-0.0440
-0.6226,-0.5393,-0.7284,-1.1285,-1.7274,-0.4736
-0.5835,-0.5186,-0.6467,-0.4964,-0.3992,-0.5849
0.1967,0.6641,-0.1883,-0.4996,-0.9241,-0.0433
0.1466,0.0662,0.2216,0.2282,0.2054,0.2509
0.4060,-0.2720,1.0186,0.5218,0.6779,0.3784
-0.3779,-1.0021,0.3673,0.1489,-0.2452,0.5643
-1.0020,-0.9915,-1.0387,-0.9311,-0.5536,-1.3284
-0.0037,0.5662,-0.5954,-0.3698,0.4297,-1.0613
0.1944,0.0109,0.3594,0.1215,0.2500,0.0133
1.0042,1.1324,0.9325,0.3176,-0.5573,1.1543
0.1296,0.2189,0.0534,-0.1356,-0.8731,0.5815
0.2394,0.5403,-0.0420,0.8652,1.0773,0.6591
-0.5043,-0.5716,-0.4557,-0.5468,-0.9176,-0.1730
0.2075,0.2688,0.1428,-0.6663,-1.2041,-0.1325
0.0904,-0.1326,0.2816,-0.6081,-1.3391,0.1663
-0.8397,-0.3778,-1.2419,-0.2678,0.8795,-1.1548
0.0164,1.1057,-0.9053,-0.6675,0.0927,-1.3541
-0.6361,0.1512,-1.3594,-0.5987,0.7797,-1.7779
-0.2934,0.2298,-0.7419,-0.3883,0.0315,-0.7527
-0.1063,0.0705,-0.2538,0.4697,0.5760,0.3793
-0.8599,-0.9685,-0.7224,-0.1826,0.5530,-0.7691
-0.3027,-1.0754,0.3327,-0.3524,-0.9945,0.3187
-0.1610,0.5067,-0.8054,-0.4839,-0.7138,-0.2229
-0.6889,-0.4960,-0.8713,-0.9873,-1.4852,-0.5153
-0.0242,-0.9193,1.0424,-0.1919,-0.7345,0.4208
0.2463,0.3683,0.1338,0.4352,-0.0049,0.8951
0.1246,0.5256,-0.2665,0.3158,0.4684,0.1705
0.4538,0.9521,-0.0157,0.5366,0.7649,0.3416
-0.2223,0.6657,-0.8740,-0.3950,-0.3197,-0.4673
-0.3592,-0.6786,-0.0693,-0.8469,-0.9692,-0.7529
0.6557,0.9906,0.3250,-0.1050,-0.7031,0.4734
0.6232,1.0455,0.2226,0.0021,0.0932,-0.0783
-1.1022,-0.7600,-1.4350,-0.1495,0.5583,-0.8059
-0.7716,-1.0337,-0.5317,-1.4405,-1.5793,-1.2875
-1.1533,-1.3138,-0.9519,-0.5760,-0.6705,-0.4877
0.3132,0.1277,0.4786,-0.2200,-1.2200,0.8313
-0.5186,-0.6226,-0.4398,-0.7443,-1.1962,-0.2928
-0.6707,-1.1432,-0.3245,-0.5519,-0.1450,-0.8949
-0.6129,-0.1553,-1.0085,-0.8065,-0.9770,-0.6244
-0.2768,-0.5289,-0.0444,-0.1466,-0.7914,0.5060
-0.8685,-1.4798,-0.0641,-0.7528,-1.2231,-0.1867
0.3475,1.2639,-0.5854,0.4317,1.5720,-0.6303
0.0465,0.8634,-0.6243,-0.3716,-0.3968,-0.3472
-0.7415,-0.9551,-0.5383,-0.0395,-0.0630,-0.0194
0.4504,0.8733,0.0238,0.0353,0.2953,-0.2252
-0.1562,-0.3388,0.0196,-0.5691,-0.9004,-0.2173
-0.9096,-1.3497,-0.4437,-0.2073,-0.6243,0.2357
0.2236,-0.0859,0.4924,0.2539,-0.1074,0.5878
0.4534,0.7459,0.2002,1.0571,1.2240,0.9274
-0.4368,-0.3386,-0.5239,-0.3371,0.0975,-0.6928
-0.0567,-0.7452,0.4812,0.2977,0.2983,0.3009
-0.8761,-0.2057,-1.5908,-0.4472,0.1676,-0.9872
-1.5653,-1.2764,-1.8347,-1.2372,-0.5253,-1.8361
0.5026,0.7879,0.2243,0.5854,0.5063,0.6609
-0.6634,-1.2261,-0.0079,-0.6701,-1.3714,0.0554
-0.1759,-0.3138,-0.0307,-0.6759,-0.4660,-0.8912
-0.6454,-0.4699,-0.8647,-0.6744,-0.6670,-0.6820
0.0285,0.1338,-0.0615,-0.7928,-1.2671,-0.2490
0.5516,0.1924,0.9422,0.3164,0.7084,-0.0420
-0.6014,-1.2449,0.2164,-0.8784,-0.6820,-1.0840
-0.4634,-0.5085,-0.4083,-0.7219,-1.0450,-0.3737
0.8189,1.1151,0.5467,0.9754,1.2186,0.7484
-0.7566,-0.0618,-1.3647,-0.9049,-0.9444,-0.8603
0.1461,-0.1340,0.4206,0.3550,-0.0453,0.7164
0.5640,0.7554,0.3741,-0.0899,-0.7414,0.6099
-0.3107,0.7650,-1.2244,-0.8301,-0.6471,-1.0154
0.3301,0.3726,0.2865,-0.1028,0.4217,-0.5373
0.0976,0.1275,0.0683,0.1625,0.2038,0.1311
-0.1694,0.6872,-0.9315,-0.5856,0.5860,-1.5999
-0.1117,-0.6406,0.3668,0.1304,0.4816,-0.1891
-0.5466,-0.8031,-0.1787,-0.4770,0.0634,-1.0308
-0.3746,-0.9344,0.3799,-0.4871,-1.0353,0.1096
-0.4873,-0.9164,0.0183,-0.3494,-1.0789,0.3625
-0.7528,-1.4322,0.0970,0.3215,-0.2975,0.9491
-0.4368,-0.3235,-0.5794,-0.2837,-0.5352,0.0118
-0.7985,-0.6328,-0.9599,-0.8145,-1.1103,-0.4934
0.3717,-0.0633,0.7756,-0.3778,-0.8289,0.0962
0.3231,0.0230,0.6163,-0.2568,-0.8140,0.3041
0.2978,-0.0872,0.6819,0.4467,0.8797,0.0785
-0.4365,-0.8976,-0.0395,0.5252,0.7512,0.3329
0.3102,0.5535,0.0950,-0.0695,-0.6323,0.5420
-0.1315,0.7852,-1.0526,-0.1517,0.6436,-0.8067
0.0860,0.1764,0.0069,-0.2916,-0.6661,0.1122
-0.2933,0.6888,-1.0996,-0.9990,-0.3520,-1.6838
0.2814,-0.0828,0.6122,0.2599,-0.3402,0.8968
-0.4889,-1.0843,-0.0262,-0.2186,-0.0980,-0.3231
-0.6408,-1.1511,-0.0462,-0.9133,-1.6456,-0.0674
-0.8629,-1.2290,-0.4378,-0.2655,-0.6622,0.1767
-0.1673,0.5236,-0.7109,-0.4172,0.0782,-0.9021
-0.4114,-0.5864,-0.2382,0.1762,0.1545,0.1994
-0.5980,-0.0750,-1.0401,-0.3193,-0.0792,-0.5633
-0.6548,-0.2125,-1.0519,0.1288,0.3426,-0.0881
-0.2751,-0.8050,0.2891,-0.4366,-0.4794,-0.3990
-0.3073,0.0822,-0.7253,-1.1368,-1.3918,-0.8679
0.2752,0.3339,0.2201,0.3092,0.4904,0.1303
0.2704,0.2234,0.3135,0.4143,0.3370,0.4888
-0.1042,-0.1300,-0.0830,-0.4861,-0.9184,-0.0203
-0.0157,-0.5456,0.5125,-0.1138,-0.6803,0.4850
-0.7825,-1.2366,-0.1729,-1.1911,-0.9973,-1.3907
0.1406,0.1304,0.1510,-0.2641,0.4561,-0.8359
0.3402,0.0805,0.5966,-0.6537,-0.6359,-0.6734
-0.1801,-0.0733,-0.2809,-0.4838,-1.0707,0.0984
-0.5374,-0.9551,-0.0373,-0.6535,-0.8880,-0.4193
-0.6280,-1.2248,0.1971,-0.5140,-0.3872,-0.6486
-0.7678,-0.7146,-0.8216,-0.5512,-0.4031,-0.6868
0.1060,-0.1061,0.3144,-0.0584,0.5011,-0.6116
0.1714,0.4385,-0.0940,0.0290,0.8105,-0.6173
-0.3030,-0.2471,-0.3545,-0.9105,-1.1982,-0.6133
0.0014,0.0225,-0.0186,0.0847,0.0762,0.0930
-0.3764,-0.7784,0.1349,-0.2931,-1.1773,0.6888
0.0514,0.1852,-0.0514,0.1247,0.2149,0.0468
-0.2986,-0.8121,0.3272,-0.8550,-1.2197,-0.4725
-0.6227,-0.6679,-0.5706,-0.0800,0.9236,-0.9758
0.0236,-0.8922,0.8791,0.1943,-0.1680,0.5136
0.2113,0.4828,-0.0225,-0.5069,-0.4101,-0.6020
0.2200,-0.0694,0.4841,0.3683,0.1258,0.5830
-0.2658,0.0609,-0.5536,-0.7188,-0.8946,-0.5758
0.2181,0.5706,-0.1618,-0.2660,-0.1134,-0.4133
-0.3162,-0.0341,-0.6129,-0.5165,-0.2471,-0.7543
-0.3220,-0.1338,-0.4790,-0.2571,0.3157,-0.7270
-0.1453,0.8104,-1.0082,-1.1370,-1.1271,-1.1475
0.2767,-0.2809,0.7658,-0.7369,-0.8486,-0.6277
-0.2380,-0.5840,0.2058,-0.1926,-0.6601,0.3043
-0.6219,-0.4381,-0.7864,-1.6978,-2.1856,-1.1914
0.2608,0.3841,0.1471,0.1636,0.1111,0.2225
0.2166,0.6267,-0.1811,0.0478,-0.1308,0.2024
-0.8760,-0.2086,-1.5224,-1.1116,-0.4122,-1.7097
-0.6432,-1.1163,0.0510,0.1589,0.2153,0.1071
1.3469,1.4196,1.2878,0.3380,0.9394,-0.1810
0.6725,1.3485,-0.0470,-0.2040,0.2416,-0.5826
0.1447,0.0523,0.2282,-0.8697,-0.9150,-0.8176
0.2838,0.0142,0.5136,0.5291,1.0134,0.1062
0.3028,0.8695,-0.2009,-0.2783,-0.0231,-0.5404
-0.6969,-0.3110,-1.0136,0.0706,0.3879,-0.1968
0.7087,0.4261,0.9693,0.6520,0.3362,0.9732
-0.2349,-0.5692,0.1815,-0.0126,-0.5781,0.5712
0.3304,0.2818,0.3795,0.3640,0.5007,0.2494
0.2646,0.8816,-0.3083,0.1686,0.6115,-0.2062
0.1969,0.1113,0.2784,-0.2695,0.1775,-0.6260
-0.2165,0.1965,-0.6261,0.0798,0.5920,-0.3772
-0.5024,-0.6456,-0.3130,-0.4350,-0.6605,-0.2102
0.6557,1.0119,0.3248,-0.1762,-0.3690,-0.0224
-0.0610,0.1350,-0.2233,0.0292,0.3571,-0.2585
-0.4379,0.8632,-1.5844,-0.9494,-0.7309,-1.1589
-0.4591,-0.8206,0.0616,-0.7041,-0.6100,-0.8097
-0.6488,-1.1010,-0.1151,-0.3256,-0.9304,0.2090
-0.3895,0.1352,-0.9218,-0.2345,0.0799,-0.5022
-0.4057,0.3658,-1.1265,-0.7369,-0.8061,-0.6602
0.6982,0.3587,1.0331,0.8905,-0.3335,2.0004
-0.7116,-1.2547,-0.0705,-0.2431,0.0319,-0.4891
-0.0687,0.0713,-0.1795,-0.4816,-1.0020,0.0829
-0.7294,-0.7985,-0.6473,-0.6715,-0.4440,-0.8959
-0.3032,-0.8367,0.3194,-0.5582,-0.4645,-0.6523
0.3472,0.1148,0.5413,0.0513,-0.5625,0.6731
-0.1791,-0.0518,-0.2972,-0.4278,-0.2080,-0.6365
-0.3384,-1.2770,0.7108,-0.4943,-0.8725,-0.1174
0.0939,0.2512,-0.0256,-0.2841,-0.3863,-0.1840
0.0554,0.8489,-0.6920,0.2025,0.3661,0.0500
-0.7009,-0.9924,-0.3686,-0.0565,-1.4154,1.3885
-0.1168,0.0591,-0.3302,-0.6224,0.2540,-1.5555
-0.5818,-0.1913,-1.0575,-0.5505,-0.0203,-1.0519
-0.0210,-0.5833,0.5987,0.2092,-0.2797,0.6885
-0.3541,-0.3765,-0.3357,0.1032,0.7522,-0.4535
-0.4230,-0.5943,-0.1759,0.3341,0.5472,0.1273
-0.3440,-0.1158,-0.5794,-0.2182,0.1879,-0.5394
-0.6510,-0.9278,-0.2577,-0.1432,1.0832,-1.2369
-1.6402,-1.4144,-1.8744,-1.1011,-0.5529,-1.5555
-0.1153,0.1088,-0.3236,-0.0821,-0.5408,0.3349
-0.3309,-0.9496,0.4826,0.0163,-0.8572,0.9396
0.4550,0.5857,0.3367,-0.1520,-0.5639,0.1818
0.0662,-0.0257,0.1441,-0.2455,-0.2973,-0.2034
-0.2502,0.5802,-0.9337,0.0007,0.9740,-0.8991
-0.0374,-0.6906,0.6942,0.3982,-0.1167,0.9714
0.5454,0.8240,0.2818,0.7883,0.9692,0.6401
-0.0393,-0.8138,0.6476,-0.2733,-0.7567,0.2464
-0.6039,-1.6049,0.6583,-0.4145,-1.6180,0.8404
-0.2675,-0.6024,0.0349,0.2513,0.0249,0.4448
-0.4730,-0.2643,-0.6766,-0.8572,-1.5274,-0.0768
0.4051,1.1768,-0.2202,-0.5647,-0.2169,-0.9263
1.0135,-0.3079,2.2177,0.9289,0.1503,1.7009
-0.1292,-0.1252,-0.1346,-0.1006,-0.0766,-0.1234
-0.2082,0.3047,-0.6826,0.2953,0.3159,0.2765
-0.9594,-1.0520,-0.8482,-0.9434,-0.8399,-1.0512
-0.0837,0.7908,-0.8782,0.1395,1.0468,-0.5798
-0.0168,-1.1768,1.0052,0.1229,-0.4856,0.6793
-0.2738,-0.0898,-0.4417,0.3461,0.4141,0.2808
-0.1386,0.4641,-0.6820,-0.2102,0.1928,-0.5750
0.0448,-0.3421,0.4141,-0.3527,-1.1646,0.6158
-0.3420,-0.7662,0.1124,-1.2107,-1.5192,-0.8433
0.7558,1.3041,0.2444,0.6574,0.6750,0.6476
-0.0360,-0.0372,-0.0352,-0.5884,-0.9757,-0.2159
-0.6292,-0.9819,-0.1404,-0.8765,-1.1254,-0.6023
-0.5999,-1.0972,0.0179,-0.7944,-1.2946,-0.2318
-0.3246,-1.1505,0.3034,0.4210,-0.1084,0.8582
0.8001,0.2115,1.3315,-0.0645,-0.6896,0.6109
-0.1415,-0.0517,-0.2228,-0.3628,0.1212,-0.7652
0.6848,0.3931,0.9623,0.6161,0.9708,0.2789
-0.5228,-1.1238,0.2102,-1.1957,-1.7297,-0.6283
-0.0603,0.3240,-0.3944,-0.1260,-0.0613,-0.1925
-0.3301,-0.4172,-0.2552,-0.1273,0.4822,-0.6285
-0.7587,-0.5717,-1.0360,-0.7255,-0.8541,-0.5957
-0.8157,-1.3532,-0.2129,-0.4199,-1.3719,0.5015
-0.1738,-0.2142,-0.1426,-0.7811,-1.2784,-0.2473
-0.1485,-0.2891,-0.0408,0.2708,0.7483,-0.1043
-0.6349,-1.6231,0.2182,-0.2527,-0.7649,0.2425
-1.5147,-1.4095,-1.6531,-0.9917,-1.2649,-0.7068
-0.5261,-0.7639,-0.2712,-0.0785,-0.7594,0.6722
-0.4549,-0.1792,-0.6936,-0.2559,0.0048,-0.4989
0.4036,1.3732,-0.4899,-0.6664,0.3889,-1.5736
-0.3034,-0.9403,0.3018,-0.5352,-1.1527,0.2219
-0.6219,-1.4980,0.5447,-0.5606,-0.8826,-0.2068
-0.0575,-0.7242,0.7405,-0.3521,-0.5832,-0.0695
-0.2580,0.3503,-0.7889,0.3881,0.0929,0.7242
-0.7373,-0.7963,-0.6670,-0.1751,0.5285,-0.7650
0.1803,1.1202,-0.7441,0.0692,0.8418,-0.6370
0.7380,0.1769,1.2545,0.4972,-0.1407,1.0574
0.8088,0.5680,1.0627,0.5899,0.4504,0.7196
-0.0269,0.2629,-0.2674,-0.1368,-0.2183,-0.0434
0.1614,-0.1309,0.4273,-0.4879,-1.0383,0.1055
0.1064,0.2938,-0.0396,-0.2517,0.0658,-0.5187
-0.4491,-0.9520,0.1472,-0.0005,-0.7101,0.7465
-0.5010,-0.5020,-0.5078,-0.5525,-0.8365,-0.2457
0.2303,-0.1009,0.5651,0.4568,0.5590,0.3844
0.5496,0.8253,0.2777,0.0122,0.2806,-0.2061
-0.8755,-1.0331,-0.7230,-0.5997,-0.4106,-0.7781
0.3146,-0.0949,0.7428,0.0006,-0.2399,0.2195
-0.2988,-0.0775,-0.4937,-0.2085,0.1182,-0.5183
-0.1888,-0.8486,0.3901,-0.7541,-1.4039,-0.0059
0.3010,0.2006,0.3976,0.1383,0.3730,-0.0724
0.2034,-0.6365,0.9513,-0.0440,-0.2393,0.1431
0.8043,0.1533,1.3936,1.0290,0.8372,1.2130
0.0603,0.2646,-0.1086,-0.0132,-0.3014,0.2838
-0.2121,0.0730,-0.4639,-0.0152,-0.5793,0.4714
-0.3602,-0.6784,-0.0983,-0.4482,-0.5392,-0.3553
0.1764,-0.4675,0.8401,0.4183,-0.3703,1.2237
-0.3664,-0.2628,-0.4635,-0.3872,-0.5274,-0.2145
0.0348,-0.0280,0.0884,0.5779,-0.0648,1.1645
-0.3962,0.0371,-0.7958,-0.7448,-0.4386,-1.0392
0.0302,0.1684,-0.1080,-0.4554,-0.9297,0.0528
0.4423,0.9773,-0.0180,0.8528,1.6116,0.2205
-0.2048,0.0032,-0.3837,-0.1631,0.3491,-0.6014
0.0413,0.4071,-0.3032,0.2122,0.4032,0.0442
-0.8126,-1.3141,-0.3846,0.3996,0.3626,0.4362
0.1305,0.8050,-0.3977,-0.1748,0.1522,-0.5391
-0.2988,-0.3136,-0.2937,-0.1967,0.1287,-0.4941
-0.1213,0.1356,-0.3474,-0.6463,-0.6273,-0.6661
0.2362,0.7207,-0.2515,-0.2251,0.2963,-0.6479
-0.0739,0.3890,-0.5148,0.1813,0.2229,0.1457
-1.1838,-1.3637,-0.9715,-0.9103,-1.0877,-0.7208
0.5400,0.8852,0.2764,-0.1344,-0.3263,0.0729
0.1058,0.3687,-0.1299,0.7137,1.1804,0.3458
0.2536,0.3658,0.1385,-0.0169,-0.0152,-0.0187
0.3722,0.1604,0.6126,0.2125,1.2805,-0.7601
-0.3475,-0.6204,-0.1265,0.0602,0.1541,-0.0200
-0.1653,1.1410,-1.5503,-0.3763,0.4717,-1.1537
0.3854,0.3233,0.4477,-0.6948,-0.4059,-0.9636
-0.5974,-0.8147,-0.3354,-0.7992,-0.5947,-0.9956
0.3037,0.6925,-0.0315,-0.4412,-0.2186,-0.6631
-0.9898,-1.1110,-0.8382,0.5431,0.9223,0.2309
-1.0093,-0.2931,-1.6425,-0.4204,0.1942,-0.9546
-0.5749,-0.8388,-0.2744,-0.4628,-0.5962,-0.3277
-0.5634,-0.9458,-0.2130,-0.5242,-0.6864,-0.3738
-0.1968,-0.1305,-0.2582,-1.1268,-1.3914,-0.8490
-0.7127,-1.5740,0.2525,-0.2936,-0.9993,0.3878
-1.0976,-1.0070,-1.2257,-1.0570,-1.1463,-0.9583
-0.2780,0.1513,-0.6596,-0.0348,0.3990,-0.4242
-0.1648,-0.6981,0.2794,0.3237,0.3493,0.3042
-1.0607,-1.8090,-0.0315,-0.9161,-1.7727,0.0314
-1.2439,-1.6835,-0.8728,-0.3723,-0.7537,-0.0089
-0.3156,0.3841,-0.9690,-0.0642,0.2823,-0.3851
-0.5121,-1.2984,0.1368,-0.0345,-0.8301,0.7920
0.6415,0.3955,0.8828,-0.1810,-0.4920,0.0831
-0.1807,-0.0037,-0.3390,0.0232,1.0210,-0.7609
0.4915,0.3382,0.6433,-0.0156,0.0916,-0.1112
0.8972,1.1495,0.6329,0.1994,0.2129,0.1874
-0.0517,0.8211,-0.8920,0.0738,0.8260,-0.5635
-0.1685,-0.6779,0.2687,-0.6131,-1.2211,-0.0570
-1.0266,-1.4888,-0.4628,-0.7536,-0.7442,-0.7638
-1.2498,-1.1623,-1.3840,-0.9350,-1.4502,-0.3316
-0.8886,-0.9327,-0.8375,-0.8662,-0.8443,-0.8912
-0.6345,-0.4424,-0.8573,-0.7176,-1.1421,-0.2845
0.2275,-0.3800,0.7656,-0.0102,-0.8903,0.9112
1.0914,0.7813,1.3773,0.0724,-0.5565,0.7004
-0.8552,-0.5463,-1.1593,-0.2016,0.4791,-0.7470
-0.9443,-0.9692,-0.9182,-0.5485,-0.7936,-0.3255
0.4375,0.9833,-0.1312,0.2155,1.0976,-0.5590
0.2042,0.0796,0.3133,-0.5194,-0.1405,-0.9001
-0.6974,-0.9704,-0.3376,-0.6842,-1.2692,-0.0590
0.0623,0.6069,-0.4440,-0.4088,-1.2017,0.3748
-0.5539,-0.7886,-0.2407,-0.7597,-1.0344,-0.4567
-0.1659,-0.5230,0.1734,-0.1137,0.2011,-0.4027
-0.8478,-0.1499,-1.4088,-0.8627,-0.7187,-1.0054
-0.4271,-0.7626,-0.1311,-0.2261,0.3164,-0.6743
0.4964,0.6219,0.3583,0.8556,1.3675,0.4435
0.1450,0.1202,0.1693,-0.1523,-0.0483,-0.2540
-0.0205,-0.2956,0.2205,-0.7667,-1.3914,-0.1296
-1.4556,-1.4152,-1.5079,-0.7201,-0.2299,-1.1305
-0.5801,-0.8071,-0.3778,-0.0344,0.4406,-0.4700
-0.9890,-0.8176,-1.1798,-0.6742,-0.7280,-0.6283
0.4692,0.8566,0.0918,0.4594,0.6501,0.2926
-0.2608,-0.5838,0.0101,-0.3117,-1.1423,0.5704
1.0598,0.9379,1.1806,0.6742,0.1523,1.1158
-0.0911,-0.1122,-0.0734,-0.6008,-1.1777,0.1126
-0.7789,-0.9516,-0.6262,-0.9768,-1.8661,-0.0132
-0.6384,-0.0262,-1.2244,-0.9577,-1.1754,-0.7168
0.1623,0.6491,-0.2986,0.1602,0.3791,-0.0298
-0.6889,-1.2959,0.1196,-0.2634,-1.4443,1.1496
0.1779,0.6882,-0.3074,0.4289,0.3846,0.4723
0.1979,1.0298,-0.6306,0.2870,1.0793,-0.3511
-0.0590,-0.4685,0.3545,0.0965,0.0142,0.1746
0.7279,1.2601,0.1826,0.5960,1.5764,-0.2225
-0.2882,0.0999,-0.6766,-0.3167,0.3858,-0.9612
-0.4081,0.1660,-0.9054,-0.6832,0.1642,-1.4417
0.4068,0.5445,0.2751,0.2391,0.4191,0.0859
-0.2579,-1.2626,0.8599,-0.5849,-0.9426,-0.1518
0.1383,0.2012,0.0846,0.7157,0.8025,0.6520
-0.4670,-0.8408,0.0890,0.2670,0.7664,-0.2020
-0.5889,-1.1090,0.0140,0.0955,-0.2513,0.4176
0.4429,0.1889,0.6886,0.4259,0.3535,0.4936
-0.0384,-0.8632,0.6932,0.0763,-0.0433,0.1880
-0.2265,-0.8046,0.2875,-0.2323,-0.8330,0.2799
0.1148,0.7359,-0.3980,0.1379,0.7332,-0.4606
-0.2696,-0.0684,-0.4416,0.0530,0.3285,-0.1976
0.2452,0.3818,0.1067,0.7906,1.2064,0.4511
0.5160,0.3653,0.6593,0.0457,0.0026,0.0880
-0.7817,-0.1234,-1.3384,-0.4557,-0.4971,-0.4090
-0.1840,-0.9733,0.5280,-0.3547,-1.4600,0.8867
0.3439,1.0928,-0.4472,0.3776,1.0325,-0.2539
0.0046,0.4048,-0.3770,0.0203,0.4054,-0.2964
0.3022,0.1726,0.4284,0.4019,0.6097,0.2012
0.2783,-0.3170,0.8269,0.3017,0.0292,0.5624
-0.1179,0.5560,-0.8312,-0.4511,-1.0751,0.2924
-0.7669,-0.4783,-1.0365,-0.9238,-1.8664,-0.0113
0.3504,0.5157,0.1746,-0.8524,-0.8131,-0.8934
-0.2534,0.2345,-0.7307,-0.3352,0.4090,-1.0180
0.2505,0.7186,-0.1881,0.0693,-0.2839,0.3850
0.0042,0.3726,-0.3450,-0.3947,0.0196,-0.7639
0.3738,-0.0974,0.7710,0.7176,0.0507,1.3529
-0.9188,-0.9725,-0.8592,-0.9594,-1.1215,-0.7995
0.2679,0.7907,-0.1594,0.9304,1.2099,0.6785
0.4372,1.1147,-0.1724,0.4910,1.7896,-0.4853
-0.2185,0.1900,-0.5773,-0.0281,0.4894,-0.4945
0.3736,0.4239,0.3414,0.9718,1.2901,0.7152
-0.5485,-0.4472,-0.6416,-0.4606,-0.2348,-0.6524
0.6553,0.7435,0.5721,0.4730,0.6902,0.2904
-0.0168,-0.2367,0.1926,0.0928,-0.3038,0.4348
-0.0493,0.1127,-0.2249,-0.7567,-1.0101,-0.4808
-0.6595,-0.4622,-0.8439,-1.2314,-1.4146,-1.0776
0.4840,0.2374,0.7587,0.5734,0.2481,0.8680
-0.2456,0.2816,-0.7762,-0.5141,-0.1912,-0.8116
-0.1162,-1.0101,0.6724,0.4979,0.0896,0.8553
-0.5327,-0.8064,-0.1983,-0.3382,-0.5266,-0.1257
-0.2186,-0.2880,-0.1602,-0.2141,-0.5287,0.0341
-0.4614,-1.2303,0.6421,-0.9567,-1.3314,-0.5573
-0.3021,-0.6919,0.2619,0.5683,0.2391,0.8846
-0.0724,0.6205,-0.7380,-0.2709,-0.2162,-0.3219
0.4160,0.1141,0.7310,0.2237,0.2820,0.1750
0.0163,-0.0311,0.0597,-0.1777,0.0162,-0.3570
0.4792,0.5036,0.4547,-0.1836,0.1675,-0.4964
-0.5870,-0.8247,-0.2855,-0.3638,-0.6761,-0.0046
-0.4881,-0.6209,-0.3856,-0.2234,-0.5041,0.0125
-0.3391,-0.3605,-0.3199,-0.4006,0.1871,-0.9177
-0.5606,-0.5551,-0.5674,-0.5719,-0.9454,-0.1959
0.0757,0.6473,-0.4544,-0.2569,-0.2877,-0.2268
-0.2920,-0.5650,-0.0291,-0.8171,-1.0760,-0.5447
-0.2047,0.1805,-0.5300,-0.5167,-0.6621,-0.3466
0.0015,0.3315,-0.3367,-0.4472,0.5328,-1.3067
0.5662,1.6697,-0.4570,0.0505,1.0700,-0.8538
-0.6757,-1.2414,-0.0345,-0.8857,-1.0946,-0.6708
-0.6506,-0.5533,-0.7879,-0.6532,-1.0953,-0.2100
-0.4870,-0.7105,-0.2982,-1.1810,-1.7259,-0.6263
0.1875,-0.2758,0.5937,0.0802,-0.4651,0.5640
-0.9980,-1.2466,-0.6586,-0.7419,-1.0163,-0.4457
-0.9286,-1.3124,-0.4725,-0.1704,0.1895,-0.4618
-0.2319,-0.5929,0.1131,-0.2307,-0.4505,-0.0048
0.1689,0.0339,0.3151,-0.5832,-0.7639,-0.3748
0.5225,1.1220,-0.0929,0.3693,1.0204,-0.2001
0.1826,0.3241,0.0485,-0.1370,-0.0391,-0.2220
0.7372,0.8190,0.6594,0.6604,1.1062,0.2527
-0.3117,0.0316,-0.5997,-0.2651,-0.7044,0.1791
-0.6803,-0.7574,-0.6112,-0.7697,-0.8877,-0.6429
-0.4633,-1.1356,0.3808,-0.4352,-1.0212,0.2733
-0.1194,-0.8816,0.5180,-0.6027,-1.5364,0.3557
-0.2636,-0.1050,-0.4286,0.0808,0.6571,-0.4214
-0.4920,-1.4132,0.3739,-0.7950,-1.7814,0.3054
-0.9478,-0.8649,-1.0320,-0.5004,-0.5986,-0.4135
-0.5987,-1.1853,0.1787,-0.6370,-1.5630,0.2829
-0.0274,-0.7119,0.5628,0.4568,-0.4276,1.2844
-0.5599,-1.2888,0.3562,-0.6268,-1.2497,0.0840
-0.3165,-0.7631,0.0418,-0.2012,-0.2104,-0.1963
0.2203,0.4566,-0.0000,-0.4107,0.4904,-1.1768
-0.2939,-0.6426,0.1735,-0.5093,-0.6565,-0.3459
-0.9118,-1.1414,-0.6167,0.0262,-0.4791,0.5555
-0.7222,-1.5575,-0.0663,-0.0066,0.3164,-0.2657
-0.6216,-1.2553,0.1755,-0.7812,-1.2695,-0.2925
-0.3917,-0.6500,-0.1400,0.2921,0.7010,-0.0921
-0.0133,-0.2843,0.2510,0.4697,0.7781,0.1998
0.4356,0.3466,0.5170,0.4516,-0.0664,0.9685
-0.5996,-1.0113,-0.0163,0.1589,0.0945,0.2208
0.1979,0.3957,0.0221,0.3788,0.8295,0.0395
-0.3192,-0.5866,-0.0281,-0.6569,-1.0101,-0.2886
-0.0530,-0.4671,0.2853,0.3969,0.7088,0.1228
0.1565,0.2378,0.0908,0.5129,0.6040,0.4248
0.4129,0.7811,-0.0000,0.3616,0.4879,0.2487
-0.5516,-0.7847,-0.2723,-0.3336,-0.2681,-0.4039
0.3639,1.0369,-0.1564,-0.6657,-0.2841,-1.0316
-0.1194,0.1156,-0.3504,-0.4175,-0.6811,-0.1211
-0.6945,-1.0301,-0.4556,-0.5099,0.1427,-1.0680
-0.8512,-0.0903,-1.5065,-0.6533,-0.2999,-1.0258
0.1588,-0.1001,0.4181,0.1021,0.1162,0.0900
-0.0737,0.6633,-0.7718,0.1775,1.0147,-0.5285
0.2693,0.5036,0.1030,0.1856,0.3772,0.0209
-0.4290,-0.8614,0.1262,-0.7927,-1.3776,-0.0962
-0.4094,-0.0412,-0.7440,-0.9479,-1.1020,-0.7828
-0.2910,-0.4138,-0.1892,-0.3135,-0.8637,0.2950
-0.8442,-1.1068,-0.5053,-1.0634,-1.4024,-0.7465
-0.2351,-0.3659,-0.1326,-0.7728,-0.8202,-0.7304
0.1240,0.6602,-0.4055,-0.1291,-0.2278,-0.0396
-0.5783,-0.9067,-0.1559,-0.3003,-0.0786,-0.5289
0.0762,-0.6012,0.8689,-0.0557,-0.7312,0.6331
0.3767,0.9476,-0.2053,0.5418,0.9572,0.2154
-0.1745,-0.8803,0.3744,1.0589,0.6383,1.4607
-0.2272,0.3506,-0.9364,0.1612,0.5701,-0.2337
0.0568,0.9802,-0.6883,0.1144,0.7443,-0.3842
-0.6808,-0.8444,-0.5076,-0.4149,-1.0046,0.1122
0.3460,-0.0113,0.6755,0.3337,0.1887,0.4767
0.2140,0.2125,0.2173,-0.4092,-0.8936,0.0366
0.3515,1.4768,-0.8019,0.3265,1.1179,-0.3718
0.6792,0.8620,0.4901,0.5116,0.6059,0.4262
-0.2767,-0.2620,-0.2930,-0.2094,-0.7132,0.2940
-0.5156,-0.8764,-0.1310,-0.4697,-1.0533,0.1519
-1.0664,-0.9665,-1.2004,-0.6867,-0.6514,-0.7286
-1.4493,-1.5030,-1.3967,-0.8023,-1.1198,-0.4644
0.1967,0.5364,-0.1273,0.0981,0.4400,-0.2045
-0.4187,-0.3657,-0.4696,0.3173,0.2259,0.4028
-1.2538,-0.8779,-1.6673,-0.7860,-1.0633,-0.5153
0.4243,0.3309,0.5213,0.3777,-0.0777,0.7818
0.3536,1.0337,-0.1396,-0.1992,-0.3005,-0.0933
-0.3844,-1.2229,0.8332,-0.3118,-1.1725,0.6365
-0.6231,-1.0553,-0.1612,-0.5640,-1.2475,0.0961
-0.3614,-0.8524,0.2461,-0.1646,-0.5485,0.2257
-0.4395,-0.3693,-0.5308,-0.3175,-0.6354,-0.0200
-0.1219,0.5232,-0.7888,-0.1641,0.3752,-0.6978
0.1418,0.3560,-0.0712,-0.1939,0.2722,-0.5954
0.3493,0.9360,-0.2444,-0.5567,-0.6101,-0.5015
-0.0322,-0.5312,0.3652,-0.8839,-1.9259,0.1289
-0.0286,0.2431,-0.3126,0.5478,1.7008,-0.4054
-0.0089,0.2194,-0.2294,1.1641,1.0819,1.2476
-0.4596,-0.3364,-0.5762,0.4748,0.5641,0.3937
-0.0609,-0.8814,0.9685,0.1425,-0.5297,0.8383
0.1018,0.3971,-0.1995,-0.2490,0.2415,-0.6732
0.4310,0.4331,0.4344,0.1093,-0.4975,0.7137
0.6669,1.4807,-0.0365,0.5839,0.6944,0.4914
-0.8859,-0.8598,-0.9450,-0.4717,-0.4941,-0.4470
0.0052,0.1051,-0.0957,-0.3245,0.1848,-0.7531
-0.0008,0.1369,-0.1461,-0.3084,-0.1973,-0.4087
-0.7318,-1.7168,0.4532,-0.5202,-1.2280,0.1904
-0.3642,-0.0698,-0.6086,-0.6988,-0.5680,-0.8345
-0.4801,-0.6871,-0.1913,-0.0902,0.4621,-0.5751
1.1394,1.8476,0.4773,-0.2001,-0.1738,-0.2273
0.6723,0.8442,0.4989,0.8053,0.2188,1.3250
0.0310,-0.0033,0.0690,0.1325,-0.0639,0.3273
-0.3067,-0.5162,-0.1315,0.2886,0.4120,0.1747
0.5329,0.8688,0.1907,0.2178,0.3877,0.0635
0.4525,1.1792,-0.2229,0.6287,0.9306,0.3661
0.1216,0.4163,-0.1834,0.7425,1.0210,0.5135
0.2987,-0.0556,0.6120,0.2441,-0.0436,0.5193
-0.3090,-0.4339,-0.1604,-0.3017,0.0970,-0.7112
-0.4238,-0.7173,-0.1702,0.0526,0.0877,0.0186
-1.3312,-1.3300,-1.3460,-0.5127,-1.5765,0.6048
-0.3143,-0.9522,0.1750,-0.3392,0.2385,-0.8124
0.3407,-0.2164,0.9013,0.0968,-0.4708,0.6751
-0.4658,0.6571,-1.4624,0.4083,1.3132,-0.4010
0.1452,-0.6106,0.8856,-0.1154,-0.4684,0.2172
-1.2120,-1.5135,-0.8274,-0.6266,-0.9893,-0.2488
0.2400,0.1035,0.3608,0.1499,-0.0536,0.3518
-1.1646,-1.0416,-1.3061,-1.4009,-1.6114,-1.1835
0.0743,0.5453,-0.3951,0.0917,-0.2134,0.4149
-0.9617,-1.3305,-0.5104,-0.8230,-0.6348,-1.0393
-0.3780,-0.5785,-0.2226,-0.0276,0.2887,-0.3036
0.6118,0.4752,0.7547,0.3324,0.4604,0.2207
0.1545,0.2660,0.0397,-0.5266,-0.9901,-0.0210
-0.0677,-0.5413,0.3784,-0.7346,-1.5034,0.1422
-0.2345,-1.3600,0.7320,-0.9448,-1.9850,0.1962
0.1155,0.1065,0.1245,0.5331,0.4128,0.6539
0.5085,0.8009,0.2669,-0.1111,0.5769,-0.6727
0.2781,-0.5602,1.0878,0.6259,-0.0386,1.2861
-0.1062,0.1249,-0.3360,0.0379,0.0864,-0.0052
1.0198,0.9993,1.0432,1.1569,0.8841,1.4068
-0.0815,0.1215,-0.2763,-0.2122,-0.6753,0.2752
1.0086,0.8117,1.2026,0.9809,0.7904,1.1665
-0.6512,-0.0510,-1.1752,-0.4111,-0.7841,-0.0099
-0.0685,0.2539,-0.3173,-0.2181,0.3342,-0.6854
0.1987,0.1377,0.2634,0.0157,0.0578,-0.0177
-0.7553,-0.3896,-1.1133,-0.4125,0.3647,-1.0946
-0.3837,-0.5560,-0.1386,-0.0984,-0.6550,0.5566
-0.1072,0.4865,-0.6354,0.2813,0.7612,-0.0953
-0.0615,-0.1764,0.0434,0.1941,0.5120,-0.1249
-0.1880,-0.4511,0.1456,0.0624,-0.3913,0.5195
0.1154,0.9235,-0.6539,0.1207,0.6445,-0.3425
0.4709,0.7342,0.2423,0.4526,1.2198,-0.1694
-0.3769,-0.4375,-0.3293,0.0473,0.4105,-0.2588
-0.1453,-0.3964,0.1742,-0.3450,-0.2302,-0.4761
-0.4717,-0.5496,-0.3733,-0.5501,-0.4020,-0.7089
-0.0647,-0.3186,0.1548,-0.0344,-0.5613,0.5471
-0.1081,0.1053,-0.3122,0.1309,0.4788,-0.1837
0.5047,1.1642,-0.2116,-0.7678,-0.6008,-0.9553
0.1085,-0.7442,0.9585,-0.1576,-0.7026,0.3898
0.5758,0.1712,0.9508,-0.0163,-0.9445,0.9082
0.2383,-0.0438,0.4646,-0.2426,-1.0255,0.6255
0.2092,0.5098,-0.0615,0.1469,0.2991,0.0012
-0.2526,0.0629,-0.6021,0.3178,0.9130,-0.2428
-1.1124,-1.6302,-0.4358,-1.2880,-2.2761,-0.2856
-0.2821,-0.9471,0.3209,-0.8057,-1.2880,-0.3244
-0.7850,-1.2197,-0.2036,-0.6741,-1.1196,-0.2356
0.9405,1.0898,0.7866,0.7485,0.7492,0.7512
0.5252,0.0523,0.9595,0.0846,-0.4447,0.6161
0.1403,0.1082,0.1705,-0.3777,-0.7929,0.0258
-0.3748,0.0214,-0.7047,0.2075,0.0410,0.3596
-0.2928,0.4139,-0.9697,-0.0003,0.2758,-0.2252
-0.5399,-0.4478,-0.6266,-0.0205,0.4839,-0.4429
-0.3681,-0.3689,-0.3669,-0.5537,-0.4247,-0.6919
0.3160,-0.7426,1.5614,-0.0837,-1.3165,1.2628
0.1585,0.6425,-0.3069,-0.4680,-0.7442,-0.1571
-0.0533,-0.3438,0.2136,-0.0556,0.1087,-0.1947
0.4322,0.0423,0.8325,-0.4158,-1.3312,0.4475
-1.0082,-1.5298,-0.3262,0.2599,0.4542,0.0961
-0.5134,0.1792,-1.1203,-1.1419,-0.5382,-1.6928
-0.4753,-1.0775,0.3080,-0.1725,-0.6218,0.2907
0.7982,1.3149,0.2475,0.5002,0.9183,0.1044
-0.2906,-0.5690,0.0012,-0.3943,-0.1625,-0.6022
-0.5051,-0.1780,-0.9350,-0.3162,-0.5734,-0.0050
0.0453,0.6168,-0.4753,-0.6684,-0.8175,-0.5127
-0.2774,-0.4288,-0.1123,-0.1303,-0.6490,0.4196
-0.2592,0.6408,-1.0084,0.3691,0.2483,0.4760
-0.1003,0.0515,-0.2274,-0.3101,-0.3233,-0.2960
-0.5283,0.3200,-1.4499,0.1137,0.5915,-0.3432
0.6385,1.4719,-0.1456,0.5753,1.0492,0.1602
-1.2437,-1.6371,-0.7184,-0.7138,-0.9496,-0.4689
-0.5452,-0.9028,-0.2117,-0.6757,-1.3511,0.0924
-0.0937,-0.8789,0.6391,0.5626,-0.1398,1.2526
0.2881,-0.0279,0.5587,0.7032,0.2305,1.1302
0.1101,-0.4907,0.7979,0.0249,-0.3210,0.3558
-0.2225,-0.4217,0.0020,0.2261,0.1753,0.2772
-0.0052,0.1430,-0.1296,-0.3718,-0.8530,0.1330
-0.1415,-0.4824,0.3070,-0.3743,-0.4670,-0.2813
0.4935,0.8171,0.1510,0.4270,0.1633,0.6796
-0.7220,-1.2949,-0.1544,-0.6974,-1.1418,-0.2036
-0.3740,-0.6601,0.0078,-0.4989,-0.8261,-0.1497
-0.2401,-0.9691,0.3556,-0.1990,-0.4781,0.0342
0.5552,0.4748,0.6310,0.0612,-0.7138,0.8738
0.0989,0.5558,-0.3600,0.4933,0.9071,0.0568
-0.5000,-0.1131,-0.8830,-0.3346,0.4200,-0.9846
-0.3004,-0.2167,-0.3834,-1.0828,-1.4845,-0.5944
0.2479,0.9135,-0.2779,-0.3278,-0.4383,-0.2055
0.1750,0.5089,-0.1489,0.0880,0.6126,-0.3281
0.2289,0.2948,0.1739,0.2194,0.6711,-0.1683
-0.2405,-0.8961,0.5455,-0.5847,-1.2023,0.0541
0.6070,0.7979,0.4211,0.2651,0.6234,-0.0621
-0.4332,0.1169,-0.9264,-0.8254,-0.8227,-0.8279
-1.0345,-1.7325,-0.4281,-1.1397,-1.7326,-0.5670
0.3673,0.0760,0.6394,0.6728,0.6343,0.7120
-0.6455,-0.9504,-0.2875,-0.7092,-1.0247,-0.4160
1.0068,0.8944,1.1170,1.1217,0.9748,1.2630
-0.6264,-1.3000,0.1208,-0.8839,-1.8869,0.1720
-1.1806,-1.1329,-1.2364,-0.2776,0.1815,-0.6580
-0.4891,-0.6271,-0.3649,-0.7104,-1.1790,-0.2043
-0.7380,-1.1715,-0.3877,-0.8289,-0.6200,-1.0523
-0.9985,-1.4205,-0.4722,-0.4144,-0.7374,-0.0743
-0.6908,-0.4047,-0.9386,-0.6059,0.4732,-1.5141
0.1005,0.5667,-0.3143,-1.5317,-2.0045,-1.0513
-0.8103,-1.2001,-0.3001,-0.6685,-0.9668,-0.3701
0.0942,-0.5251,0.8443,-0.7591,-1.1916,-0.2421
0.1900,0.2648,0.0998,-0.3750,0.0045,-0.7683
-0.4766,-0.6202,-0.2940,-0.2928,-0.6162,0.0939
-1.1487,-1.6655,-0.5162,-0.8513,-1.3321,-0.3937
0.0488,0.4139,-0.2336,0.6893,0.7938,0.6025
-1.2685,-1.3382,-1.1870,-1.3683,-1.6298,-1.0883
-0.5121,0.5046,-1.4347,-0.7427,0.2207,-1.5484
0.4033,0.5513,0.2625,-0.1354,-0.0893,-0.1859
-0.3035,-0.6523,0.1380,-0.2521,-0.6630,0.1879
-0.0604,-0.6003,0.4346,-0.2538,-0.2598,-0.2502
0.3145,-0.5963,1.0565,0.6033,0.6904,0.5178
0.1112,-0.9959,1.5284,0.4229,-0.3597,1.2821
-0.0898,-0.3739,0.2495,-0.5758,-0.6095,-0.5414
-0.6877,-1.2914,0.2348,-0.3881,-1.0239,0.2971
-0.4977,-1.2273,0.2955,-0.3103,-1.4113,0.8825
-0.4164,-1.1483,0.2709,-0.0205,-0.1196,0.0634
0.4389,0.7779,0.1576,0.0238,-0.6506,0.6961
-0.4967,-1.2389,0.3968,-0.5828,-0.9644,-0.1223
0.4250,0.6343,0.2639,0.3719,0.9550,-0.0679
-0.3894,-0.8660,0.0466,0.5720,0.6190,0.5386
-0.7357,-0.9233,-0.5940,-0.4720,-0.2014,-0.7046
0.1619,0.1622,0.1630,0.4560,0.9967,0.0020
-0.1398,-0.1044,-0.1742,-0.7416,-1.2533,-0.1499
-0.5468,-0.7796,-0.2198,-0.7180,-0.2366,-1.2339
0.4466,0.0682,0.7731,1.0315,1.3385,0.7671
-0.1239,-1.0323,0.7463,-0.0995,-0.4207,0.1706
-0.1258,-0.1147,-0.1377,0.2616,0.4592,0.1233
0.5890,1.0537,0.1264,0.6428,0.8246,0.4894
-0.1578,-0.6488,0.2959,-0.0498,-0.2443,0.1711
-0.7244,-1.0973,-0.4096,-0.5915,-0.6060,-0.5779
-0.2514,0.7986,-1.1969,0.2063,0.8832,-0.3202
-0.6120,-0.2844,-0.9195,0.1388,0.3991,-0.0893
-0.3444,-0.3021,-0.3870,-0.7002,-0.2563,-1.1173
0.5920,0.4839,0.6960,-0.0114,0.0873,-0.0912
0.0458,0.6641,-0.4992,-0.1494,0.3808,-0.6006
0.5370,1.1373,-0.0433,-0.0899,-0.2400,0.0670
-0.5997,-1.1181,0.0286,-0.4583,-0.6502,-0.2543
-0.4355,-0.0283,-0.7818,-0.3293,-0.7754,0.0915
0.3493,0.3313,0.3683,0.2233,-0.1560,0.5725
-0.3947,-0.6471,-0.1851,-0.5338,-1.2105,0.0689
-0.3796,0.2799,-0.9692,0.0404,0.5505,-0.4046
-0.4035,-1.0365,0.4068,-0.2360,-0.3900,-0.0793
0.9363,1.3025,0.5848,0.9504,1.2672,0.6826
0.0484,1.0893,-1.0076,0.0961,0.4503,-0.2409
-0.7431,-0.6737,-0.8526,-0.2576,0.2699,-0.7091
-0.4930,-0.8750,-0.0333,-0.2650,-0.3156,-0.2195
-0.7672,-0.8341,-0.6868,-0.5366,-0.6902,-0.3688
-1.1896,-1.2673,-1.1490,-1.3669,-1.8414,-0.9055
-1.0621,-1.3693,-0.6953,-1.1639,-1.2041,-1.1285
-1.0005,-0.5781,-1.3979,-0.9951,-1.0211,-0.9654
0.0793,-0.2848,0.3990,0.7598,1.0882,0.4370
-0.1524,0.4804,-0.7164,-0.1782,0.2039,-0.4822
0.0002,-0.3647,0.4216,-0.0289,-0.3950,0.3743
-0.5244,-1.1913,0.0528,-0.0358,0.0526,-0.1298
0.3537,-0.2568,1.0051,0.2021,0.2113,0.1963
-0.3084,-0.1620,-0.4421,-1.1385,-1.4667,-0.7694
-0.9279,-1.1584,-0.7379,0.1656,0.2440,0.1007
-0.2094,-0.3249,-0.0721,0.0842,0.4284,-0.2097
-0.8167,-0.8846,-0.7357,-1.0739,-1.3303,-0.8234
-0.0855,0.0357,-0.2080,-0.5851,-0.6213,-0.5543
0.0650,0.2481,-0.0660,-0.2957,0.6106,-1.0436
-0.3818,-0.6725,-0.0178,-0.3657,-0.5326,-0.1975
0.0946,0.4704,-0.2748,-0.5739,-0.7915,-0.3622
-0.4964,-0.1701,-0.7627,-0.2836,0.1598,-0.6725
-0.0979,-0.5168,0.4112,0.1442,-0.2379,0.5549
-0.0485,-0.2210,0.1036,-0.0202,0.2730,-0.2871
0.5620,1.0833,0.0303,0.6706,1.0450,0.3211
-0.6163,0.0755,-1.2177,-0.0520,1.1556,-1.0785
0.5198,0.4627,0.5780,0.0788,0.5078,-0.3246
0.5141,1.1605,-0.0196,0.0675,0.5130,-0.2575
0.0112,-0.2895,0.3244,0.6206,0.8765,0.3876
0.3378,0.7122,-0.0327,-0.2559,0.2351,-0.7143
0.7521,0.4441,1.0495,0.0855,-0.5803,0.9108
0.2196,0.3670,0.0712,0.4146,0.4370,0.3969
0.4870,0.7295,0.2496,0.4998,1.0334,0.0387
-0.3931,-0.6218,-0.1875,-0.5909,-0.0044,-1.1302
1.0976,0.8076,1.4055,1.1212,0.8417,1.3887
-0.0328,-0.1502,0.0968,-0.3828,-0.3308,-0.4336
-0.8812,-1.4343,-0.1653,-0.1099,-0.8843,0.7607
-0.3766,-0.8662,0.0670,0.6771,1.3062,0.1107
0.1703,0.7966,-0.4247,0.0397,0.7013,-0.4919
0.1534,0.8206,-0.4070,-0.1149,-0.2328,0.0059
-0.2398,0.1146,-0.5494,-0.4874,0.0196,-0.9643
0.5811,0.7336,0.4364,-0.1034,-0.8340,0.6875
0.1906,0.4867,-0.0675,-0.3128,-0.1693,-0.4343
-0.2041,0.1770,-0.5423,-0.7931,-0.5230,-1.0567
0.7919,1.1161,0.4606,0.2953,0.2180,0.3661
-0.4391,-0.3757,-0.5019,-0.1456,-0.0398,-0.2524
-0.7489,-0.9147,-0.5564,-0.9950,-1.2808,-0.6640
-0.6480,-1.1252,0.0360,-0.8528,-1.3455,-0.3279
-0.6155,-0.0391,-1.1206,-0.5754,-0.3474,-0.8040
-1.0586,-0.9478,-1.2278,-0.4239,0.3621,-1.1072
0.0154,-0.4903,0.6757,-0.6190,-1.1386,-0.0651
0.6306,0.5528,0.7109,0.0938,0.5151,-0.3287
0.2996,0.7427,-0.1068,0.0551,0.2519,-0.1143
0.5108,0.9438,0.0706,0.5027,0.3970,0.6064
0.4250,1.2258,-0.3672,-0.0233,1.0876,-0.8587
0.3163,0.1092,0.5292,0.4280,0.1434,0.6736
-0.4433,0.1926,-1.0166,-0.7126,-1.1351,-0.2793
0.0606,0.0190,0.0973,-0.6197,-1.1792,-0.0461
-0.8871,-1.0702,-0.6739,-0.5908,-1.0902,-0.0895
0.9566,1.1271,0.8070,0.2667,0.6631,-0.0641
0.2990,0.3887,0.2312,-0.1398,-0.4418,0.2241
0.2326,0.0464,0.4186,0.5193,0.7158,0.3609
-0.5815,-0.9675,-0.0653,-0.4946,-0.6280,-0.3419
-0.2958,0.5000,-1.0756,-0.0465,0.9005,-0.9990
0.1710,-0.0174,0.3611,-0.2331,-0.6298,0.1129
-0.4839,-0.4741,-0.5012,-0.0376,0.8727,-0.7940
0.2270,0.4866,0.0091,-0.1027,0.1580,-0.3802
0.1348,0.7778,-0.4175,-0.3108,-0.1006,-0.4963
-0.5983,-0.6813,-0.5299,-0.5699,-0.8176,-0.2909
-0.5882,-0.4803,-0.6866,-0.8140,-0.9632,-0.6696
-0.4020,-0.8314,0.0550,-0.4046,-0.9422,0.1152
-0.2479,-0.6791,0.2693,-0.4589,-0.5436,-0.3717
0.3086,0.6257,0.0539,0.9275,1.6558,0.3108
0.0261,0.2671,-0.1905,-0.5526,0.0527,-1.0824
-0.1972,-0.0773,-0.2982,-0.5059,-0.6251,-0.3727
0.4252,-0.3587,1.1569,-0.1344,-1.0941,0.8345
-0.2837,-0.7204,0.2972,-0.8253,-1.2511,-0.3477
0.2284,0.2913,0.1744,0.6077,0.5113,0.7009
-0.1544,0.1809,-0.4836,-0.4143,-0.0347,-0.7817
-0.5283,-1.0224,-0.0975,-1.2706,-1.7566,-0.7330
-1.0641,-0.8579,-1.2528,-1.1551,-1.0660,-1.2446
-0.5948,-0.3945,-0.7625,-0.6322,-1.4381,0.2548
-0.0546,-0.6222,0.5202,0.1329,-1.0272,1.1516
-0.4286,-0.3239,-0.5285,0.4079,0.3753,0.4414
-0.9307,-0.6394,-1.3198,-0.9100,-0.2362,-1.6473
0.3787,1.1752,-0.4559,-0.8422,-0.7633,-0.9220
-0.8427,-1.0707,-0.5250,-0.5329,-0.7362,-0.3229
-0.8784,-1.4911,-0.0717,-1.2805,-1.2101,-1.3649
0.2341,0.3839,0.1088,0.9822,1.4462,0.5676
-0.3693,-0.5629,-0.1822,0.3910,0.6132,0.1603
-0.8435,-0.5464,-1.1244,-0.8364,-0.5616,-1.0884
-0.2950,-1.0433,0.3376,0.0495,-0.4214,0.4457
-0.1552,-0.5423,0.2014,0.1726,0.3639,0.0091
-0.6194,-0.3957,-0.8251,0.0416,0.5251,-0.3914
0.0656,0.5042,-0.3037,-0.5475,-0.7661,-0.3149
-0.1220,-0.2758,0.0076,-0.5876,-0.7935,-0.3707
