factor,beta_window,quantile,cost_bps,sharpe_oos_LS,sharpe_is_LS,sharpe_oos_LS_BN,sharpe_is_LS_BN,sharpe_full_LS,sharpe_full_LS_BN,sharpe_oos_LongHedged,ic_mean,ic_t,ic_pct_pos,ic_mean_oos,ic_t_oos,n_months,bt_start
both,126,1/3,10.0000,-0.3275,-0.3683,0.2058,-0.7719,-0.3478,-0.2779,-0.3439,-0.0085,-0.2344,0.5362,0.0225,0.4905,69,2021-01-04
both,126,1/3,25.0000,-0.3784,-0.4168,0.1533,-0.8333,-0.3974,-0.3360,-0.3851,-0.0085,-0.2344,0.5362,0.0225,0.4905,69,2021-01-04
both,126,1/2,10.0000,-0.5277,-0.5720,0.4543,-1.0394,-0.5515,-0.4002,-0.9447,-0.0085,-0.2344,0.5362,0.0225,0.4905,69,2021-01-04
both,126,1/2,25.0000,-0.5785,-0.6196,0.3922,-1.0878,-0.6005,-0.4565,-0.9837,-0.0085,-0.2344,0.5362,0.0225,0.4905,69,2021-01-04
both,252,1/3,10.0000,-0.0321,-0.5450,0.6733,-0.9347,-0.3031,-0.1356,-0.4922,0.0356,0.9343,0.5217,0.0894,1.9679,69,2021-01-04
both,252,1/3,25.0000,-0.0674,-0.5852,0.6317,-0.9831,-0.3411,-0.1824,-0.5203,0.0356,0.9343,0.5217,0.0894,1.9679,69,2021-01-04
both,252,1/2,10.0000,0.1509,-0.0988,0.2844,-0.5918,0.0150,-0.2297,-0.5986,0.0356,0.9343,0.5217,0.0894,1.9679,69,2021-01-04
both,252,1/2,25.0000,0.1155,-0.1354,0.2446,-0.6423,-0.0211,-0.2768,-0.6232,0.0356,0.9343,0.5217,0.0894,1.9679,69,2021-01-04
both,504,1/3,10.0000,-0.0905,-0.5850,0.5227,-0.7052,-0.3496,-0.0918,-0.5302,0.0237,0.5629,0.5217,0.0773,1.6496,69,2021-01-04
both,504,1/3,25.0000,-0.1190,-0.6118,0.4874,-0.7432,-0.3772,-0.1299,-0.5553,0.0237,0.5629,0.5217,0.0773,1.6496,69,2021-01-04
both,504,1/2,10.0000,-0.2273,-1.0304,0.7008,-0.8810,-0.6523,-0.2490,-0.9140,0.0237,0.5629,0.5217,0.0773,1.6496,69,2021-01-04
both,504,1/2,25.0000,-0.2565,-1.0674,0.6582,-0.9165,-0.6861,-0.2890,-0.9381,0.0237,0.5629,0.5217,0.0773,1.6496,69,2021-01-04
lly,126,1/3,10.0000,-0.1801,-1.0522,0.1796,0.7312,-0.6800,0.4310,-0.4547,0.0096,0.2706,0.5072,0.0379,0.6970,69,2021-01-04
lly,126,1/3,25.0000,-0.2413,-1.0957,0.1220,0.6565,-0.7318,0.3659,-0.5005,0.0096,0.2706,0.5072,0.0379,0.6970,69,2021-01-04
lly,126,1/2,10.0000,0.0670,-0.8321,0.3491,0.5723,-0.3960,0.4653,-0.6135,0.0096,0.2706,0.5072,0.0379,0.6970,69,2021-01-04
lly,126,1/2,25.0000,0.0100,-0.8854,0.2859,0.5076,-0.4517,0.4013,-0.6561,0.0096,0.2706,0.5072,0.0379,0.6970,69,2021-01-04
lly,252,1/3,10.0000,0.1435,-0.4072,0.5092,-1.2480,-0.1465,-0.3601,-0.5634,0.0323,0.8987,0.5797,0.0703,1.4743,69,2021-01-04
lly,252,1/3,25.0000,0.1011,-0.4536,0.4720,-1.3012,-0.1910,-0.4074,-0.5927,0.0323,0.8987,0.5797,0.0703,1.4743,69,2021-01-04
lly,252,1/2,10.0000,-0.0252,0.0751,0.2996,-1.0128,0.0293,-0.4556,-0.7095,0.0323,0.8987,0.5797,0.0703,1.4743,69,2021-01-04
lly,252,1/2,25.0000,-0.0707,0.0324,0.2489,-1.0533,-0.0146,-0.5020,-0.7404,0.0323,0.8987,0.5797,0.0703,1.4743,69,2021-01-04
lly,504,1/3,10.0000,0.0561,-0.4497,0.7895,-0.9149,-0.2086,-0.0873,-0.9649,0.0403,1.0163,0.5652,0.0847,1.6904,69,2021-01-04
lly,504,1/3,25.0000,0.0263,-0.4766,0.7521,-0.9534,-0.2368,-0.1271,-0.9908,0.0403,1.0163,0.5652,0.0847,1.6904,69,2021-01-04
lly,504,1/2,10.0000,-0.3584,-0.4556,0.3325,-1.1987,-0.4102,-0.5600,-1.0309,0.0403,1.0163,0.5652,0.0847,1.6904,69,2021-01-04
lly,504,1/2,25.0000,-0.3921,-0.4879,0.2862,-1.2317,-0.4432,-0.5998,-1.0575,0.0403,1.0163,0.5652,0.0847,1.6904,69,2021-01-04
nvo,126,1/3,10.0000,0.3970,-0.0245,0.8816,-0.1045,0.1684,0.3616,0.3062,0.0170,0.4360,0.5797,0.0700,1.4954,69,2021-01-04
nvo,126,1/3,25.0000,0.3414,-0.0725,0.8179,-0.1664,0.1170,0.2975,0.2575,0.0170,0.4360,0.5797,0.0700,1.4954,69,2021-01-04
nvo,126,1/2,10.0000,0.0376,-0.2681,0.6204,-0.7039,-0.1294,-0.1414,-0.6738,0.0170,0.4360,0.5797,0.0700,1.4954,69,2021-01-04
nvo,126,1/2,25.0000,-0.0192,-0.3171,0.5522,-0.7627,-0.1818,-0.2057,-0.7184,0.0170,0.4360,0.5797,0.0700,1.4954,69,2021-01-04
nvo,252,1/3,10.0000,0.3681,-0.6126,1.0110,-0.5555,-0.1478,0.1716,0.0824,0.0351,0.8905,0.5362,0.1103,2.3369,69,2021-01-04
nvo,252,1/3,25.0000,0.3269,-0.6482,0.9587,-0.6091,-0.1861,0.1166,0.0505,0.0351,0.8905,0.5362,0.1103,2.3369,69,2021-01-04
nvo,252,1/2,10.0000,0.3262,-1.2337,0.3142,-0.6747,-0.5116,-0.2514,-0.4073,0.0351,0.8905,0.5362,0.1103,2.3369,69,2021-01-04
nvo,252,1/2,25.0000,0.2868,-1.2728,0.2670,-0.7198,-0.5514,-0.2985,-0.4361,0.0351,0.8905,0.5362,0.1103,2.3369,69,2021-01-04
nvo,504,1/3,10.0000,-0.0519,-0.9652,0.6243,-0.4940,-0.5602,0.0346,-0.4470,0.0025,0.0587,0.5217,0.0558,1.1549,69,2021-01-04
nvo,504,1/3,25.0000,-0.0797,-0.9906,0.5890,-0.5320,-0.5873,-0.0037,-0.4738,0.0025,0.0587,0.5217,0.0558,1.1549,69,2021-01-04
nvo,504,1/2,10.0000,-0.5854,-1.0630,0.0945,-0.8067,-0.8415,-0.4394,-1.1785,0.0025,0.0587,0.5217,0.0558,1.1549,69,2021-01-04
nvo,504,1/2,25.0000,-0.6145,-1.0959,0.0627,-0.8359,-0.8728,-0.4705,-1.2030,0.0025,0.0587,0.5217,0.0558,1.1549,69,2021-01-04
