timestamp_et,prompt,kind,subject,action,outcome,influences_selection
2026-10-03T19:17:00-04:00,2,decision,consensus discovery,Start 45-minute timebox (ends 20:02 ET),Pre-registration commit not yet made: discovery and small inspections only; no bulk download,yes
2026-10-03T19:17:00-04:00,2,inspect,local imports and credentials,"Checked macro_equity/data/imports, repo .env key names, shell env, FRED config",No consensus export; no FRED key; only cattle_crush/.env holds DATABENTO and NASS keys (values not read),yes
2026-10-03T19:19:00-04:00,2,inspect,FMP connector (analyst/financial-estimates),One call: AAPL quarterly estimates,"ACCESS DENIED: requires higher paid plan; per-company current estimates, not dated index snapshots. Excluded",yes
2026-10-03T19:21:00-04:00,2,search,FactSet Earnings Insight,Web search: FactSet Earnings Insight archive PDF 'bottom-up EPS estimate',"Found PDF URL pattern advantage.factset.com/hubfs/.../EarningsInsight_MMDDYY[A].pdf with dated quarter-specific bottom-up EPS. INCIDENTAL HOLDOUT-PERIOD EXPOSURE: search snippets showed consensus levels for Q4 2025 and Q1 2026, a Q3 estimate, and Q1 2026 reported growth (no gap, no returns computed). Later searches restricted to pre-2024 years.",yes
2026-10-03T19:23:00-04:00,2,search,FactSet Earnings Insight,Web search for 2011-2013 report PDFs,No direct older links; FactSet host pattern only,no
2026-10-03T19:24:00-04:00,2,inspect,FactSet host archive (advantage.factset.com hubfs),"HEAD probes of February Fridays 2008-2019, then all 2016 Fridays (204 requests total)",PDFs exist from 2017-02-03 onward; none 2008-2016 on this host. Host later returned HTTP 429 (rate limit); probing stopped,yes
2026-10-03T19:26:00-04:00,2,inspect,Wayback Machine CDX: factset.com/websitefiles/PDFs/earningsinsight*,Listed captures (metadata only),291 report dates 2011-04-01..2016-12-09; 244 with application/pdf captures; every month 2011-04..2016-12 has >=1 PDF,yes
2026-10-03T19:29:00-04:00,2,inspect,Wayback CDX: S&P DJI sp-500-eps-est.xlsx (5 historical URLs),Counted distinct captured versions per year (metadata only),"Sparse: 2003-2010 43 versions (none 2008), 2013-2019 ~50, 2020-2026 39 (gaps: none 2011-2012, 1 in 2016/2019). Not usable for monthly snapshots. Excluded as consensus source",yes
2026-10-03T19:33:00-04:00,2,inspect,FactSet Earnings Insight 2016-04-01 and 2015-04-24 (development period),Downloaded 2 PDFs to scratchpad; text extraction with existing PyMuPDF (anaconda base),Index per-share bottom-up EPS for the current quarter appears in narrative only at quarter end (start vs end of quarter); per-quarter estimates and actuals appear only in a raster chart 'Bottom-up EPS: Current & Historical' (~10 trailing actuals + ~6 estimates),yes
2026-10-03T19:40:00-04:00,2,inspect,FactSet Earnings Insight 2011-04-01 and 2016-05-20,Rendered pages,"2011 format is image-only and reports sector share-weighted earnings in $B (not per-share EPS): a different definition, not combinable",yes
2026-10-03T19:47:00-04:00,2,inspect,FactSet reports 2011-09-30..2015-01-16 (8 samples),Checked for the per-share EPS chart,"Per-share chart absent 2011-09-30 and 2012-03-30; present from 2012-10-05. Earliest chart: actuals from Q3 2009 (FactSet basis), estimates for current + 4 quarters",yes
2026-10-03T19:52:00-04:00,2,decision,consensus feasibility gate,Applied frozen warmups to coverage (no outcome data used),"FactSet-basis per-share actuals start Q3 2009 -> first growth target Q3 2010 -> 32 quarters by Q2 2018 -> first earnings forecast ~2018-11 -> 60-month return warmup -> first return forecast ~2023-11, <12 development walk-forward months before the holdout. Values only in raster charts (OCR/transcription), license unverified. Verdict: BLOCKED for the pre-registered design",yes
2026-10-03T19:53:00-04:00,2,decision,consensus discovery,Timebox closed (36 of 45 minutes used),"Not investigated within the timebox: LSEG/Refinitiv S&P 500 Earnings Scorecard archive, Zacks Earnings Trends. Excluded by definition: Yardeni forward 12-month earnings (no target quarter), Shiller/multpl (realized only), SPF corporate profits (NIPA, not S&P EPS)",yes
2026-10-03T19:56:00-04:00,2,inspect,FRED BAMLC0A0CM (ICE BofA US Corporate OAS),Series page metadata only (values not requested),"FRED note: from April 2026 the series includes only 3 years of observations; data proprietary to ICE Data Indices, reproduction needs written permission. Decades of OAS history NOT available on the free route; archived vintages not used (would circumvent the licensing restriction). P8 BLOCKED on free sources",yes
2026-10-03T19:56:00-04:00,2,inspect,FRED DFII10,Series page metadata only,"Daily, percent, Board of Governors H.15; usable (start date to confirm at download)",yes
2026-10-03T19:56:00-04:00,2,inspect,FRED DTWEXBGS,Series page metadata only,"Daily, index Jan 2006=100, H.10 weekly release (observation for Sep 25 updated Sep 28); predecessor TWEXB discontinued",yes
2026-10-03T19:56:00-04:00,2,inspect,ALFRED GDP,Series page metadata only,"Quarterly SAAR, BEA; vintages from 1991-12-04 to 2026-09-30",yes
2026-10-03T19:28:18-04:00,2,decision,research log correction,Correct timestamps of rows 4-17 (written with manually estimated times 19:21-19:56 ET),"Actual wall clock: Prompt 2 started 19:16 ET and those steps ran 19:17-19:27 ET in the order listed; the 'timebox closed (36 of 45 minutes used)' row should read about 10 minutes; the timebox is reopened for the LSEG check until 20:02 ET. From this row on, timestamps come from the system clock",yes
2026-10-03T19:29:46-04:00,2,search,Refinitiv/LSEG S&P 500 Earnings Scorecard,Web search + Lipper Alpha article (structure only) + Wayback CDX counts of TRPR PDFs,"Scorecard reports growth rates and share-weighted earnings in $B; per-share index EPS not confirmed. Archived PDFs: 2016 (43), 2017 (19), 2018 (4), 2019 (29), 2020 (53), 2021 (76), 2022+ dense. History too short for the warmups and definition differs from per-share EPS. Does not resolve the blocker",yes
2026-10-03T19:29:46-04:00,2,decision,consensus discovery,Timebox closed at 19:30 ET (about 14 of 45 minutes used),Final verdict BLOCKED: (1) no free dated per-share consensus with matching actuals long enough for the frozen warmups; (2) credit-spread OAS history unavailable on the free route (P8). No hypothesis change made,yes
2026-10-03T19:38:30-04:00,2,decision,Prompt 2 artifacts,"Wrote DATA_FEASIBILITY.md, source_manifest.json, coverage_evidence.json, import templates, guard and validator; HYPOTHESIS.md amendments A1-A3; config feasibility block",Verdict BLOCKED recorded; Freeze F1 not performed; no hypothesis change; no bulk download (pre-registration commit still pending),yes
