formation_end,members,with_yahoo_data,eligible,exclusions,n_clusters,n_singletons,n_multi_clusters,largest_cluster,median_multi_cluster_size,stocks_in_multi_clusters,n_tested_union,n_degenerate,n_raw_p05_union,n_bh_pass_union,pca_candidates,pca_degenerate,pca_raw_p05,pca_bh_pass,pca_after_beta,pca_after_half_life,pca_selected,corr_candidates,corr_degenerate,corr_raw_p05,corr_bh_pass,corr_after_beta,corr_after_half_life,corr_selected,sector_candidates,sector_degenerate,sector_raw_p05,sector_bh_pass,sector_after_beta,sector_after_half_life,sector_selected,pca_in_corr_cand,jaccard_pca_corr_cand,pca_in_corr_pass,jaccard_pca_corr_pass,pca_in_corr_sel,jaccard_pca_corr_sel,pca_in_sector_cand,jaccard_pca_sector_cand,pca_in_sector_pass,jaccard_pca_sector_pass,pca_in_sector_sel,jaccard_pca_sector_sel,seconds
2015-07-31,505,395,386,"{'identity_unverified': 4, 'incomplete_window': 2, 'median_dollar_volume_below_20m': 1, 'no_yahoo_data': 110, 'price_below_5_split_adjusted': 1, 'stale_zero_volume': 1}",9,3,6,213,39.5,383,1862,0,361,115,780,0,124,43,17,15,10,941,0,194,62,20,19,10,771,0,152,44,18,17,10,0.2115,0.106,0.2,0.0968,0.2,0.1111,0.1705,0.0938,0.1333,0.0667,0.1,0.0526,14.8
2015-08-31,505,395,386,"{'identity_unverified': 4, 'incomplete_window': 2, 'median_dollar_volume_below_20m': 1, 'no_yahoo_data': 110, 'price_below_5_split_adjusted': 1, 'stale_zero_volume': 1}",7,3,4,315,33.0,383,1890,0,211,1,802,0,79,1,1,0,0,979,0,125,0,0,0,0,792,0,103,0,0,0,0,0.2282,0.1145,,,,,0.1995,0.1116,,,,,14.9
2015-09-30,508,397,386,"{'identity_unverified': 4, 'incomplete_window': 2, 'median_dollar_volume_below_20m': 2, 'no_yahoo_data': 111, 'price_below_5_split_adjusted': 2, 'stale_zero_volume': 1}",5,1,4,284,48.0,385,1897,0,150,0,807,0,58,0,0,0,0,975,0,65,0,0,0,0,791,0,64,0,0,0,0,0.2305,0.1165,,,,,0.1921,0.1074,,,,,15.1
2015-10-30,508,398,387,"{'identity_unverified': 4, 'incomplete_window': 2, 'median_dollar_volume_below_20m': 2, 'no_yahoo_data': 110, 'price_below_5_split_adjusted': 2, 'stale_zero_volume': 1}",7,0,7,285,10.0,387,1881,0,135,0,786,0,61,0,0,0,0,995,0,73,0,0,0,0,804,0,55,0,0,0,0,0.2226,0.109,,,,,0.1832,0.0996,,,,,14.9
2015-11-30,508,400,389,"{'identity_unverified': 4, 'incomplete_window': 3, 'median_dollar_volume_below_20m': 2, 'no_yahoo_data': 108, 'price_below_5_split_adjusted': 1, 'stale_zero_volume': 1}",5,0,5,219,60.0,389,1881,0,115,0,809,0,51,0,0,0,0,994,0,66,0,0,0,0,810,0,58,0,0,0,0,0.2163,0.1075,,,,,0.1718,0.0939,,,,,14.9
2015-12-31,507,401,390,"{'identity_unverified': 4, 'incomplete_window': 3, 'median_dollar_volume_below_20m': 2, 'no_yahoo_data': 106, 'price_below_5_split_adjusted': 1, 'stale_zero_volume': 1}",6,1,5,282,27.0,389,1890,0,152,0,829,0,75,0,0,0,0,986,0,85,0,0,0,0,797,0,66,0,0,0,0,0.2195,0.1115,,,,,0.1689,0.0942,,,,,15.1
2016-01-29,507,401,391,"{'identity_unverified': 4, 'incomplete_window': 1, 'median_dollar_volume_below_20m': 2, 'no_yahoo_data': 106, 'price_below_5_split_adjusted': 2, 'stale_zero_volume': 1}",4,0,4,313,33.0,391,1894,0,106,2,830,0,49,0,0,0,0,986,0,63,2,2,1,1,795,0,53,2,2,1,1,0.2325,0.1189,,0.0,,0.0,0.1747,0.098,,0.0,,0.0,11.1
2016-02-29,507,403,394,"{'identity_unverified': 4, 'incomplete_window': 1, 'median_dollar_volume_below_20m': 2, 'no_yahoo_data': 104, 'price_below_5_split_adjusted': 1, 'stale_zero_volume': 1}",7,1,6,219,40.0,393,1852,0,103,0,818,0,45,0,0,0,0,960,0,58,0,0,0,0,798,0,47,0,0,0,0,0.2408,0.1246,,,,,0.1919,0.1076,,,,,10.8
2016-03-31,507,405,397,"{'identity_unverified': 3, 'incomplete_window': 1, 'median_dollar_volume_below_20m': 2, 'no_yahoo_data': 102, 'price_below_5_split_adjusted': 1, 'stale_zero_volume': 1}",7,2,5,241,59.0,395,1843,0,153,8,808,0,70,1,1,1,1,971,0,87,8,8,3,3,790,0,73,5,5,2,2,0.2562,0.1317,1.0,0.3333,1.0,0.3333,0.2054,0.1159,1.0,0.5,1.0,0.5,10.8
2016-04-29,508,406,398,"{'identity_unverified': 4, 'median_dollar_volume_below_20m': 2, 'no_yahoo_data': 102, 'price_below_5_split_adjusted': 1, 'stale_zero_volume': 1}",7,1,6,199,48.5,397,1853,0,181,12,806,0,91,6,5,4,3,972,0,101,9,9,2,2,799,0,87,7,7,2,2,0.2568,0.1318,0.5,0.5,0.6667,0.6667,0.2109,0.1185,0.5,0.5,0.6667,0.6667,11.0
2016-05-31,508,411,403,"{'identity_unverified': 4, 'median_dollar_volume_below_20m': 2, 'no_yahoo_data': 97, 'price_below_5_split_adjusted': 1, 'stale_zero_volume': 1}",9,3,6,240,37.5,400,1884,0,162,11,828,0,80,6,5,3,3,986,0,89,4,4,2,2,803,0,68,3,3,3,3,0.2476,0.1274,0.0,0.0,0.0,0.0,0.1944,0.1095,0.3333,0.2,0.3333,0.2,11.3
2016-06-30,508,412,404,"{'identity_unverified': 4, 'median_dollar_volume_below_20m': 2, 'no_yahoo_data': 96, 'price_below_5_split_adjusted': 1, 'stale_zero_volume': 1}",9,2,7,213,32.0,402,1906,0,206,2,823,0,98,1,1,0,0,984,0,110,1,1,0,0,809,0,83,2,2,0,0,0.2248,0.1141,,,,,0.1981,0.111,,,,,11.3
